{"type":"FeatureCollection","features":[{"type":"Feature","properties":{"mode":"bus","n":6,"arr":["01","04","05B","062","C4","C13"],"lines":"01, 04, 05B, 062, C4, C13"},"geometry":{"type":"LineString","coordinates":[[12.278096,41.731981],[12.278182,41.731881],[12.278164,41.731762]]}},{"type":"Feature","properties":{"mode":"bus","n":6,"arr":["01","04","05B","062","C4","C13"],"lines":"01, 04, 05B, 062, C4, C13"},"geometry":{"type":"LineString","coordinates":[[12.277735,41.731921],[12.277714,41.731803],[12.277744,41.731748]]}},{"type":"Feature","properties":{"mode":"bus","n":6,"arr":["01","04","05B","062","C4","C13"],"lines":"01, 04, 05B, 062, C4, C13"},"geometry":{"type":"LineString","coordinates":[[12.277964,41.731662],[12.278082,41.731692],[12.278135,41.731738],[12.278155,41.731749],[12.278178,41.731752],[12.278202,41.731746],[12.278713,41.731537],[12.279972,41.731119]]}},{"type":"Feature","properties":{"mode":"bus","n":5,"arr":["01","04","05B","062","C4"],"lines":"01, 04, 05B, 062, C4"},"geometry":{"type":"LineString","coordinates":[[12.277735,41.731921],[12.277775,41.731964],[12.277896,41.732015],[12.277967,41.732019],[12.278096,41.731981]]}},{"type":"Feature","properties":{"mode":"bus","n":5,"arr":["01","04","05B","C4","C13"],"lines":"01, 04, 05B, C4, C13"},"geometry":{"type":"LineString","coordinates":[[12.277744,41.731748],[12.277844,41.73168],[12.277964,41.731662]]}},{"type":"Feature","properties":{"mode":"bus","n":10,"arr":["2BUS","61","89","120F","150F","160","490","495","590","nMA"],"lines":"2BUS, 61, 89, 120F, 150F, 160, 490, 495, 590, nMA"},"geometry":{"type":"LineString","coordinates":[[12.484866,41.912375],[12.484802,41.912331],[12.484764,41.912315],[12.484721,41.912312],[12.48463,41.91232],[12.484582,41.912355],[12.484555,41.912418],[12.484585,41.912493]]}},{"type":"Feature","properties":{"mode":"bus","n":12,"arr":["2BUS","61","89","120F","150F","160","490","495","590","C3","n201","nMA"],"lines":"2BUS, 61, 89, 120F, 150F, 160, 490, 495, 590, C3, n201, nMA"},"geometry":{"type":"LineString","coordinates":[[12.475118,41.911778],[12.475672,41.911882],[12.47614,41.911853],[12.476321,41.911872],[12.480182,41.913737],[12.480697,41.9138],[12.480946,41.913778],[12.482799,41.913327],[12.483481,41.913039],[12.484552,41.912509],[12.484574,41.912502],[12.484596,41.912502],[12.484618,41.912509],[12.484678,41.912539],[12.484794,41.912528],[12.484872,41.912456],[12.484866,41.912375]]}},{"type":"Feature","properties":{"mode":"bus","n":5,"arr":["06","016","016F","065","709"],"lines":"06, 016, 016F, 065, 709"},"geometry":{"type":"LineString","coordinates":[[12.368784,41.755682],[12.368779,41.755648]]}},{"type":"Feature","properties":{"mode":"bus","n":5,"arr":["06","016","016F","065","709"],"lines":"06, 016, 016F, 065, 709"},"geometry":{"type":"LineString","coordinates":[[12.368658,41.755785],[12.368608,41.755784],[12.368454,41.755851]]}},{"type":"Feature","properties":{"mode":"bus","n":10,"arr":["20","20L","058","059","500","506","507","509","552","n500"],"lines":"20, 20L, 058, 059, 500, 506, 507, 509, 552, n500"},"geometry":{"type":"LineString","coordinates":[[12.624722,41.856977],[12.624835,41.857093],[12.625046,41.857227],[12.625293,41.857306],[12.625565,41.857353],[12.625706,41.857358],[12.625876,41.857326],[12.626178,41.857193]]}},{"type":"Feature","properties":{"mode":"bus","n":10,"arr":["20","20L","058","059","500","506","507","509","552","n500"],"lines":"20, 20L, 058, 059, 500, 506, 507, 509, 552, n500"},"geometry":{"type":"LineString","coordinates":[[12.624663,41.856536],[12.624734,41.856425],[12.624872,41.856316]]}},{"type":"Feature","properties":{"mode":"bus","n":10,"arr":["20","20L","058","059","500","506","507","509","552","n500"],"lines":"20, 20L, 058, 059, 500, 506, 507, 509, 552, n500"},"geometry":{"type":"LineString","coordinates":[[12.626128,41.856354],[12.626195,41.856401]]}},{"type":"Feature","properties":{"mode":"bus","n":10,"arr":["20","20L","058","059","500","506","507","509","552","n500"],"lines":"20, 20L, 058, 059, 500, 506, 507, 509, 552, n500"},"geometry":{"type":"LineString","coordinates":[[12.626396,41.856872],[12.626398,41.856799]]}},{"type":"Feature","properties":{"mode":"bus","n":9,"arr":["20","20L","058","500","506","507","509","552","n500"],"lines":"20, 20L, 058, 500, 506, 507, 509, 552, n500"},"geometry":{"type":"LineString","coordinates":[[12.624663,41.856536],[12.624658,41.856756],[12.624722,41.856977]]}},{"type":"Feature","properties":{"mode":"bus","n":9,"arr":["20","20L","058","059","500","506","507","552","n500"],"lines":"20, 20L, 058, 059, 500, 506, 507, 552, n500"},"geometry":{"type":"LineString","coordinates":[[12.624872,41.856316],[12.625161,41.856211],[12.625461,41.856179],[12.625787,41.856225],[12.626128,41.856354]]}},{"type":"Feature","properties":{"mode":"bus","n":9,"arr":["20","20L","058","059","500","506","507","552","n500"],"lines":"20, 20L, 058, 059, 500, 506, 507, 552, n500"},"geometry":{"type":"LineString","coordinates":[[12.630148,41.858615],[12.63008,41.858508],[12.629857,41.858399],[12.628546,41.858076],[12.628524,41.858067],[12.628508,41.858051],[12.628485,41.858017],[12.627102,41.857666],[12.626973,41.857573],[12.626494,41.857054],[12.626396,41.856872]]}},{"type":"Feature","properties":{"mode":"bus","n":9,"arr":["20","20L","058","059","500","506","507","552","n500"],"lines":"20, 20L, 058, 059, 500, 506, 507, 552, n500"},"geometry":{"type":"LineString","coordinates":[[12.626178,41.857193],[12.626396,41.857181],[12.626558,41.857234],[12.626983,41.857797],[12.627082,41.85786],[12.627252,41.857916],[12.627276,41.857928],[12.627288,41.857945],[12.627288,41.857967],[12.627237,41.8582],[12.627271,41.858353],[12.627418,41.858577],[12.627631,41.858773],[12.62783,41.858839],[12.628762,41.859053],[12.629011,41.859135],[12.629145,41.859232],[12.629538,41.859644],[12.629641,41.85971],[12.629797,41.859763],[12.63002,41.859768],[12.63028,41.859693],[12.630317,41.859675],[12.630339,41.859646],[12.630483,41.859293]]}},{"type":"Feature","properties":{"mode":"bus","n":5,"arr":["20","058","059","500","506"],"lines":"20, 058, 059, 500, 506"},"geometry":{"type":"LineString","coordinates":[[12.626195,41.856401],[12.62635,41.856608],[12.626398,41.856799]]}},{"type":"Feature","properties":{"mode":"bus","n":7,"arr":["20","20L","058","507","509","552","n500"],"lines":"20, 20L, 058, 507, 509, 552, n500"},"geometry":{"type":"LineString","coordinates":[[12.626195,41.856401],[12.626452,41.856503],[12.626671,41.856543],[12.627941,41.856574],[12.6285,41.856508],[12.629021,41.856339],[12.629267,41.856214],[12.629507,41.856055],[12.629788,41.855802],[12.629818,41.855715],[12.62981,41.855578]]}},{"type":"Feature","properties":{"mode":"bus","n":7,"arr":["20","20L","058","507","509","552","n500"],"lines":"20, 20L, 058, 507, 509, 552, n500"},"geometry":{"type":"LineString","coordinates":[[12.630078,41.855309],[12.630253,41.855267]]}},{"type":"Feature","properties":{"mode":"bus","n":7,"arr":["20","20L","058","507","509","552","n500"],"lines":"20, 20L, 058, 507, 509, 552, n500"},"geometry":{"type":"LineString","coordinates":[[12.630501,41.855447],[12.630491,41.855382]]}},{"type":"Feature","properties":{"mode":"bus","n":7,"arr":["20","20L","058","507","509","552","n500"],"lines":"20, 20L, 058, 507, 509, 552, n500"},"geometry":{"type":"LineString","coordinates":[[12.626398,41.856799],[12.626595,41.856669],[12.626737,41.85663],[12.628061,41.856639],[12.628337,41.856611],[12.628686,41.856534],[12.628989,41.856437],[12.629303,41.856295],[12.629582,41.85611],[12.629909,41.85585],[12.629999,41.855818],[12.630136,41.855807],[12.63028,41.855746]]}},{"type":"Feature","properties":{"mode":"bus","n":6,"arr":["20","20L","047","500","552","n500"],"lines":"20, 20L, 047, 500, 552, n500"},"geometry":{"type":"LineString","coordinates":[[12.617226,41.8557],[12.617347,41.855795],[12.617385,41.855886],[12.617338,41.855996],[12.61726,41.856051],[12.61708,41.856112],[12.616917,41.856128],[12.616703,41.856094],[12.616544,41.856024]]}},{"type":"Feature","properties":{"mode":"bus","n":6,"arr":["20","20L","047","500","552","n500"],"lines":"20, 20L, 047, 500, 552, n500"},"geometry":{"type":"LineString","coordinates":[[12.612078,41.854552],[12.613329,41.855297],[12.613802,41.855493],[12.614401,41.855674],[12.615044,41.855777],[12.6161,41.855828],[12.616414,41.855789],[12.616818,41.855645]]}},{"type":"Feature","properties":{"mode":"bus","n":7,"arr":["20","20L","047","500","556","559","n500"],"lines":"20, 20L, 047, 500, 556, 559, n500"},"geometry":{"type":"LineString","coordinates":[[12.590761,41.847057],[12.590699,41.847049]]}},{"type":"Feature","properties":{"mode":"bus","n":7,"arr":["20","20L","047","500","556","559","n500"],"lines":"20, 20L, 047, 500, 556, 559, n500"},"geometry":{"type":"LineString","coordinates":[[12.590318,41.846549],[12.5903,41.846683],[12.590345,41.846834]]}},{"type":"Feature","properties":{"mode":"bus","n":6,"arr":["20","20L","047","556","559","n500"],"lines":"20, 20L, 047, 556, 559, n500"},"geometry":{"type":"LineString","coordinates":[[12.590345,41.846834],[12.590466,41.846955],[12.590699,41.847049]]}},{"type":"Feature","properties":{"mode":"bus","n":6,"arr":["20","20L","047","556","559","n500"],"lines":"20, 20L, 047, 556, 559, n500"},"geometry":{"type":"LineString","coordinates":[[12.590983,41.84722],[12.590761,41.847057]]}},{"type":"Feature","properties":{"mode":"bus","n":8,"arr":["20","20L","046","047","500","515","556","559"],"lines":"20, 20L, 046, 047, 500, 515, 556, 559"},"geometry":{"type":"LineString","coordinates":[[12.586209,41.845577],[12.586206,41.845565]]}},{"type":"Feature","properties":{"mode":"bus","n":8,"arr":["20","20L","046","047","500","515","556","559"],"lines":"20, 20L, 046, 047, 500, 515, 556, 559"},"geometry":{"type":"LineString","coordinates":[[12.587692,41.844547],[12.587963,41.844337],[12.588938,41.843781],[12.589001,41.843716],[12.589016,41.843624],[12.588962,41.843513],[12.588202,41.84272],[12.588055,41.842469],[12.587807,41.842186],[12.587583,41.841992],[12.587457,41.841942],[12.587353,41.841937]]}},{"type":"Feature","properties":{"mode":"bus","n":7,"arr":["20","20L","046","500","556","559","n500"],"lines":"20, 20L, 046, 500, 556, 559, n500"},"geometry":{"type":"LineString","coordinates":[[12.591345,41.846599],[12.59127,41.846453],[12.591082,41.846323],[12.590828,41.846271],[12.590628,41.846298]]}},{"type":"Feature","properties":{"mode":"bus","n":7,"arr":["20","20L","046","500","556","559","n500"],"lines":"20, 20L, 046, 500, 556, 559, n500"},"geometry":{"type":"LineString","coordinates":[[12.591039,41.847023],[12.591179,41.846957],[12.591271,41.84687]]}},{"type":"Feature","properties":{"mode":"bus","n":5,"arr":["20","20L","046","556","559"],"lines":"20, 20L, 046, 556, 559"},"geometry":{"type":"LineString","coordinates":[[12.591271,41.84687],[12.59135,41.846709],[12.591345,41.846599]]}},{"type":"Feature","properties":{"mode":"bus","n":5,"arr":["20","20L","046","556","559"],"lines":"20, 20L, 046, 556, 559"},"geometry":{"type":"LineString","coordinates":[[12.586206,41.845565],[12.586231,41.845451],[12.58632,41.845359],[12.587498,41.844742],[12.587624,41.844655],[12.587692,41.844547]]}},{"type":"Feature","properties":{"mode":"bus","n":5,"arr":["20","20L","046","556","559"],"lines":"20, 20L, 046, 556, 559"},"geometry":{"type":"LineString","coordinates":[[12.590628,41.846298],[12.590245,41.846339],[12.590139,41.846331],[12.58724,41.845659],[12.586357,41.845667],[12.586209,41.845577]]}},{"type":"Feature","properties":{"mode":"bus","n":6,"arr":["20","20L","058","507","552","n500"],"lines":"20, 20L, 058, 507, 552, n500"},"geometry":{"type":"LineString","coordinates":[[12.630253,41.855267],[12.630412,41.8553],[12.630491,41.855382]]}},{"type":"Feature","properties":{"mode":"bus","n":6,"arr":["20","20L","507","509","552","n500"],"lines":"20, 20L, 507, 509, 552, n500"},"geometry":{"type":"LineString","coordinates":[[12.63028,41.855746],[12.63045,41.855611],[12.630501,41.855447]]}},{"type":"Feature","properties":{"mode":"bus","n":7,"arr":["021","031","201","223","303","907","n201"],"lines":"021, 031, 201, 223, 303, 907, n201"},"geometry":{"type":"LineString","coordinates":[[12.40454,41.985744],[12.404967,41.985587]]}},{"type":"Feature","properties":{"mode":"bus","n":7,"arr":["021","031","201","223","303","907","n201"],"lines":"021, 031, 201, 223, 303, 907, n201"},"geometry":{"type":"LineString","coordinates":[[12.405113,41.985605],[12.405015,41.985593],[12.404999,41.98559],[12.404991,41.985586],[12.40499,41.985581],[12.404995,41.985576],[12.405009,41.985569],[12.405189,41.985489],[12.405226,41.98542],[12.405202,41.985353],[12.404727,41.984886],[12.404618,41.984831]]}},{"type":"Feature","properties":{"mode":"bus","n":7,"arr":["021","031","201","223","303","907","n201"],"lines":"021, 031, 201, 223, 303, 907, n201"},"geometry":{"type":"LineString","coordinates":[[12.40512,41.985762],[12.404382,41.98604]]}},{"type":"Feature","properties":{"mode":"bus","n":7,"arr":["021","031","201","223","303","907","n201"],"lines":"021, 031, 201, 223, 303, 907, n201"},"geometry":{"type":"LineString","coordinates":[[12.404478,41.985791],[12.404518,41.98576],[12.404524,41.985756],[12.404527,41.985753],[12.404528,41.985751],[12.404526,41.985751],[12.404521,41.985753],[12.404513,41.985756],[12.404252,41.985872],[12.40419,41.985866],[12.404129,41.985849],[12.403798,41.985647],[12.403752,41.985593],[12.403726,41.985478],[12.40396,41.985092]]}},{"type":"Feature","properties":{"mode":"bus","n":6,"arr":["025","028","146","190F","905","n904"],"lines":"025, 028, 146, 190F, 905, n904"},"geometry":{"type":"LineString","coordinates":[[12.375814,41.916371],[12.375844,41.916291],[12.375929,41.916239],[12.376028,41.91623],[12.376123,41.916262]]}},{"type":"Feature","properties":{"mode":"bus","n":6,"arr":["025","028","146","190F","905","n904"],"lines":"025, 028, 146, 190F, 905, n904"},"geometry":{"type":"LineString","coordinates":[[12.375918,41.916492],[12.375858,41.916457],[12.375829,41.916401],[12.375816,41.916384],[12.375797,41.916373],[12.375771,41.916368],[12.372987,41.916153]]}},{"type":"Feature","properties":{"mode":"bus","n":6,"arr":["025","028","146","190F","905","n904"],"lines":"025, 028, 146, 190F, 905, n904"},"geometry":{"type":"LineString","coordinates":[[12.377158,41.918705],[12.37718,41.918945]]}},{"type":"Feature","properties":{"mode":"bus","n":7,"arr":["025","028","91","146","190F","905","n904"],"lines":"025, 028, 91, 146, 190F, 905, n904"},"geometry":{"type":"LineString","coordinates":[[12.376123,41.916262],[12.376181,41.916333],[12.376182,41.916397],[12.376143,41.916457],[12.376094,41.916483],[12.376074,41.916499],[12.376064,41.916521],[12.376041,41.916652],[12.377158,41.918705],[12.377217,41.918755]]}},{"type":"Feature","properties":{"mode":"bus","n":9,"arr":["025","028","031","91","146","190F","904","905","n904"],"lines":"025, 028, 031, 91, 146, 190F, 904, 905, n904"},"geometry":{"type":"LineString","coordinates":[[12.377343,41.9189],[12.377483,41.918903],[12.377628,41.918981]]}},{"type":"Feature","properties":{"mode":"bus","n":8,"arr":["025","028","031","146","190F","904","905","n904"],"lines":"025, 028, 031, 146, 190F, 904, 905, n904"},"geometry":{"type":"LineString","coordinates":[[12.377268,41.919515],[12.377468,41.919462],[12.377564,41.919364],[12.377685,41.919126],[12.377628,41.918981]]}},{"type":"Feature","properties":{"mode":"bus","n":8,"arr":["025","028","031","146","190F","904","905","n904"],"lines":"025, 028, 031, 146, 190F, 904, 905, n904"},"geometry":{"type":"LineString","coordinates":[[12.377018,41.919386],[12.376992,41.91932],[12.377005,41.919225],[12.37718,41.918945]]}},{"type":"Feature","properties":{"mode":"bus","n":7,"arr":["025","028","146","190F","904","905","n904"],"lines":"025, 028, 146, 190F, 904, 905, n904"},"geometry":{"type":"LineString","coordinates":[[12.377018,41.919386],[12.377117,41.919469],[12.377268,41.919515]]}},{"type":"Feature","properties":{"mode":"bus","n":7,"arr":["025","028","146","190F","904","905","n904"],"lines":"025, 028, 146, 190F, 904, 905, n904"},"geometry":{"type":"LineString","coordinates":[[12.379684,41.915723],[12.379726,41.915849],[12.37971,41.915913]]}},{"type":"Feature","properties":{"mode":"bus","n":6,"arr":["025","028","031","146","904","n904"],"lines":"025, 028, 031, 146, 904, n904"},"geometry":{"type":"LineString","coordinates":[[12.37718,41.918945],[12.377343,41.9189]]}},{"type":"Feature","properties":{"mode":"bus","n":8,"arr":["025","028","91","146","190F","904","905","n904"],"lines":"025, 028, 91, 146, 190F, 904, 905, n904"},"geometry":{"type":"LineString","coordinates":[[12.379211,41.91601],[12.379132,41.915927],[12.379109,41.915827],[12.379147,41.915729],[12.379254,41.915644],[12.379335,41.915618],[12.379501,41.915618],[12.379636,41.915677],[12.379684,41.915723]]}},{"type":"Feature","properties":{"mode":"bus","n":8,"arr":["025","028","91","146","190F","904","905","n904"],"lines":"025, 028, 91, 146, 190F, 904, 905, n904"},"geometry":{"type":"LineString","coordinates":[[12.377628,41.918981],[12.377632,41.918895],[12.377706,41.918744],[12.377988,41.91845],[12.378057,41.918347],[12.378597,41.917389],[12.378981,41.916621],[12.379438,41.91611],[12.379635,41.916003],[12.37971,41.915913]]}},{"type":"Feature","properties":{"mode":"bus","n":7,"arr":["028","91","146","190F","904","905","n904"],"lines":"028, 91, 146, 190F, 904, 905, n904"},"geometry":{"type":"LineString","coordinates":[[12.379578,41.916036],[12.379389,41.916068],[12.379211,41.91601]]}},{"type":"Feature","properties":{"mode":"bus","n":7,"arr":["028","91","146","190F","904","905","n904"],"lines":"028, 91, 146, 190F, 904, 905, n904"},"geometry":{"type":"LineString","coordinates":[[12.37971,41.915913],[12.379907,41.915821],[12.380147,41.915756],[12.383622,41.915116]]}},{"type":"Feature","properties":{"mode":"bus","n":5,"arr":["028","246","246P","247","985"],"lines":"028, 246, 246P, 247, 985"},"geometry":{"type":"LineString","coordinates":[[12.395329,41.883921],[12.395973,41.884073],[12.397515,41.884536],[12.401658,41.886151],[12.402462,41.886492],[12.402822,41.886679],[12.40306,41.886752],[12.403274,41.886789],[12.403404,41.886784],[12.403454,41.886743],[12.403484,41.886728],[12.403521,41.886726],[12.403571,41.886732],[12.403597,41.886739],[12.403615,41.886753],[12.403644,41.886787],[12.403629,41.886956],[12.403662,41.88706],[12.404228,41.887442],[12.404553,41.887484],[12.404573,41.887489],[12.404584,41.887497],[12.404587,41.887508],[12.404582,41.887523],[12.404536,41.887599],[12.40453,41.88762],[12.404536,41.887639],[12.404554,41.887655],[12.404862,41.887849],[12.405193,41.887988],[12.405481,41.888077],[12.406562,41.888263],[12.406754,41.888314]]}},{"type":"Feature","properties":{"mode":"bus","n":5,"arr":["028","246","246P","247","985"],"lines":"028, 246, 246P, 247, 985"},"geometry":{"type":"LineString","coordinates":[[12.387775,41.886213],[12.389639,41.885414],[12.390009,41.885208],[12.39082,41.884843],[12.391153,41.884655],[12.391882,41.884354],[12.392515,41.884166],[12.392924,41.884083],[12.39398,41.883945],[12.394871,41.883884]]}},{"type":"Feature","properties":{"mode":"bus","n":5,"arr":["028","246","246P","247","985"],"lines":"028, 246, 246P, 247, 985"},"geometry":{"type":"LineString","coordinates":[[12.390075,41.885311],[12.391817,41.884563],[12.392398,41.884372],[12.393085,41.884217],[12.393934,41.884117],[12.394869,41.884094],[12.395659,41.884166],[12.396314,41.884284],[12.396793,41.884413],[12.39737,41.884617],[12.401826,41.88634],[12.402504,41.88666],[12.403695,41.88737],[12.404119,41.887644],[12.404447,41.887929],[12.40494,41.888246],[12.405274,41.888402],[12.405853,41.888616],[12.406487,41.888802]]}},{"type":"Feature","properties":{"mode":"bus","n":5,"arr":["30","714","791","F01","F02"],"lines":"30, 714, 791, F01, F02"},"geometry":{"type":"LineString","coordinates":[[12.469493,41.830747],[12.470615,41.832891],[12.470761,41.833074],[12.471046,41.833351],[12.471115,41.833459],[12.471164,41.833621],[12.471789,41.834839]]}},{"type":"Feature","properties":{"mode":"bus","n":6,"arr":["30","280","301","495","628","n70"],"lines":"30, 280, 301, 495, 628, n70"},"geometry":{"type":"LineString","coordinates":[[12.463744,41.915438],[12.464023,41.915571]]}},{"type":"Feature","properties":{"mode":"bus","n":6,"arr":["30","280","301","495","628","n70"],"lines":"30, 280, 301, 495, 628, n70"},"geometry":{"type":"LineString","coordinates":[[12.464185,41.91558],[12.464071,41.915574],[12.464055,41.915574],[12.464044,41.915577],[12.46404,41.915582],[12.464041,41.915591],[12.464049,41.915602],[12.464138,41.915708],[12.464176,41.915866]]}},{"type":"Feature","properties":{"mode":"bus","n":7,"arr":["30","89","280","301","495","628","n70"],"lines":"30, 89, 280, 301, 495, 628, n70"},"geometry":{"type":"LineString","coordinates":[[12.464155,41.915934],[12.464176,41.915866],[12.464289,41.91576]]}},{"type":"Feature","properties":{"mode":"bus","n":7,"arr":["30","89","280","301","495","628","n70"],"lines":"30, 89, 280, 301, 495, 628, n70"},"geometry":{"type":"LineString","coordinates":[[12.463369,41.916391],[12.463542,41.916419],[12.463653,41.916409],[12.463839,41.916356],[12.463907,41.91631]]}},{"type":"Feature","properties":{"mode":"bus","n":5,"arr":["30","89","280","301","n70"],"lines":"30, 89, 280, 301, n70"},"geometry":{"type":"LineString","coordinates":[[12.463907,41.91631],[12.464155,41.915934]]}},{"type":"Feature","properties":{"mode":"bus","n":5,"arr":["30","89","495","G03","n70"],"lines":"30, 89, 495, G03, n70"},"geometry":{"type":"LineString","coordinates":[[12.463369,41.916391],[12.46307,41.916285]]}},{"type":"Feature","properties":{"mode":"bus","n":8,"arr":["30","89","280","301","495","628","G03","n70"],"lines":"30, 89, 280, 301, 495, 628, G03, n70"},"geometry":{"type":"LineString","coordinates":[[12.46307,41.916285],[12.462907,41.916218],[12.462841,41.916143],[12.46278,41.915989],[12.462811,41.915885]]}},{"type":"Feature","properties":{"mode":"bus","n":8,"arr":["30","89","280","301","495","628","G03","n70"],"lines":"30, 89, 280, 301, 495, 628, G03, n70"},"geometry":{"type":"LineString","coordinates":[[12.463056,41.915497],[12.463101,41.915456],[12.463141,41.91534],[12.463151,41.915164],[12.463153,41.915152],[12.463158,41.915145],[12.463166,41.915142],[12.463177,41.915144],[12.46319,41.915151],[12.463559,41.91538],[12.463744,41.915438]]}},{"type":"Feature","properties":{"mode":"bus","n":5,"arr":["30","714","791","F10","F20"],"lines":"30, 714, 791, F10, F20"},"geometry":{"type":"LineString","coordinates":[[12.471301,41.83498],[12.470692,41.833806],[12.470539,41.833608],[12.470493,41.833461],[12.470468,41.833138],[12.470404,41.832944],[12.469294,41.830805]]}},{"type":"Feature","properties":{"mode":"bus","n":6,"arr":["34","46","62","115","870","982"],"lines":"34, 46, 62, 115, 870, 982"},"geometry":{"type":"LineString","coordinates":[[12.460441,41.899749],[12.460343,41.899778],[12.460257,41.89977],[12.460192,41.899738],[12.460152,41.899686],[12.46017,41.899566],[12.460216,41.899527],[12.460327,41.899493]]}},{"type":"Feature","properties":{"mode":"bus","n":6,"arr":["34","46","62","115","870","982"],"lines":"34, 46, 62, 115, 870, 982"},"geometry":{"type":"LineString","coordinates":[[12.460413,41.899226],[12.460277,41.899113]]}},{"type":"Feature","properties":{"mode":"bus","n":5,"arr":["38","336","338","341","C5"],"lines":"38, 336, 338, 341, C5"},"geometry":{"type":"LineString","coordinates":[[12.535956,41.96249],[12.536053,41.962401],[12.536052,41.962274],[12.535961,41.962186],[12.535811,41.962171],[12.535628,41.962233],[12.535547,41.96232],[12.535557,41.962429],[12.535682,41.962524]]}},{"type":"Feature","properties":{"mode":"bus","n":5,"arr":["38","336","338","341","C5"],"lines":"38, 336, 338, 341, C5"},"geometry":{"type":"LineString","coordinates":[[12.536072,41.962445],[12.536005,41.962462]]}},{"type":"Feature","properties":{"mode":"bus","n":7,"arr":["38","80","83","88","235","nMB1","P10"],"lines":"38, 80, 83, 88, 235, nMB1, P10"},"geometry":{"type":"LineString","coordinates":[[12.516304,41.929322],[12.516695,41.929723],[12.517855,41.930677],[12.517908,41.930762],[12.518038,41.930822],[12.520873,41.933259]]}},{"type":"Feature","properties":{"mode":"bus","n":8,"arr":["38","80","89","168","235","310","nMB1","P10"],"lines":"38, 80, 89, 168, 235, 310, nMB1, P10"},"geometry":{"type":"LineString","coordinates":[[12.512427,41.923449],[12.512718,41.923337],[12.51279,41.923275]]}},{"type":"Feature","properties":{"mode":"bus","n":6,"arr":["38","80","89","235","nMB1","P10"],"lines":"38, 80, 89, 235, nMB1, P10"},"geometry":{"type":"LineString","coordinates":[[12.512141,41.923319],[12.512191,41.923391],[12.512263,41.923436],[12.512427,41.923449]]}},{"type":"Feature","properties":{"mode":"bus","n":8,"arr":["38","80","88","89","235","310","nMB1","P10"],"lines":"38, 80, 88, 89, 235, 310, nMB1, P10"},"geometry":{"type":"LineString","coordinates":[[12.512138,41.923264],[12.512141,41.923319]]}},{"type":"Feature","properties":{"mode":"bus","n":9,"arr":["38","80","88","89","168","235","310","nMB1","P10"],"lines":"38, 80, 88, 89, 168, 235, 310, nMB1, P10"},"geometry":{"type":"LineString","coordinates":[[12.51228,41.923115],[12.512604,41.923088]]}},{"type":"Feature","properties":{"mode":"bus","n":9,"arr":["38","80","88","89","168","235","310","544","nMB1"],"lines":"38, 80, 88, 89, 168, 235, 310, 544, nMB1"},"geometry":{"type":"LineString","coordinates":[[12.512604,41.923088],[12.512723,41.923106],[12.5128,41.923184]]}},{"type":"Feature","properties":{"mode":"bus","n":8,"arr":["38","80","88","89","168","235","310","544"],"lines":"38, 80, 88, 89, 168, 235, 310, 544"},"geometry":{"type":"LineString","coordinates":[[12.5128,41.923184],[12.51279,41.923275]]}},{"type":"Feature","properties":{"mode":"bus","n":6,"arr":["38","80","83","88","235","nMB1"],"lines":"38, 80, 83, 88, 235, nMB1"},"geometry":{"type":"LineString","coordinates":[[12.521019,41.933159],[12.518355,41.930907],[12.518134,41.930751],[12.518059,41.930658],[12.517954,41.930603],[12.516334,41.929153],[12.516217,41.928923]]}},{"type":"Feature","properties":{"mode":"bus","n":20,"arr":["40","60","64","70","82","85","150F","170","590","910","H","n5","n8","n11","n46","n70","n98","n543","n716","nMA"],"lines":"40, 60, 64, 70, 82, 85, 150F, 170, 590, 910, H, n5, n8, n11, n46, n70, n98, n543, n716, nMA"},"geometry":{"type":"LineString","coordinates":[[12.496149,41.902939],[12.496311,41.902946],[12.496457,41.902896],[12.496533,41.902829],[12.496578,41.902718]]}},{"type":"Feature","properties":{"mode":"bus","n":10,"arr":["40","64","70","170","H","n8","n11","n70","n98","n716"],"lines":"40, 64, 70, 170, H, n8, n11, n70, n98, n716"},"geometry":{"type":"LineString","coordinates":[[12.496149,41.902939],[12.49599,41.902854],[12.495924,41.902729]]}},{"type":"Feature","properties":{"mode":"bus","n":23,"arr":["40","60","64","66","70","82","85","150F","170","223","590","910","H","n5","n8","n11","n46","n66","n70","n98","n543","n716","nMA"],"lines":"40, 60, 64, 66, 70, 82, 85, 150F, 170, 223, 590, 910, H, n5, n8, n11, n46, n66, n70, n98, n543, n716, nMA"},"geometry":{"type":"LineString","coordinates":[[12.495924,41.902729],[12.495925,41.902686]]}},{"type":"Feature","properties":{"mode":"bus","n":22,"arr":["40","60","64","66","82","85","150F","170","223","590","910","H","n5","n8","n11","n46","n66","n70","n98","n543","n716","nMA"],"lines":"40, 60, 64, 66, 82, 85, 150F, 170, 223, 590, 910, H, n5, n8, n11, n46, n66, n70, n98, n543, n716, nMA"},"geometry":{"type":"LineString","coordinates":[[12.496276,41.902462],[12.496389,41.902484],[12.496503,41.90255]]}},{"type":"Feature","properties":{"mode":"bus","n":5,"arr":["040","040F","041","041F","n041"],"lines":"040, 040F, 041, 041F, n041"},"geometry":{"type":"LineString","coordinates":[[12.624247,41.937625],[12.624018,41.937615],[12.623839,41.937645],[12.623686,41.937717],[12.623568,41.937828],[12.62351,41.937838],[12.622567,41.937842]]}},{"type":"Feature","properties":{"mode":"bus","n":5,"arr":["040","040F","041","041F","n041"],"lines":"040, 040F, 041, 041F, n041"},"geometry":{"type":"LineString","coordinates":[[12.621141,41.93791],[12.620503,41.93789],[12.620168,41.937844],[12.618564,41.937362],[12.617708,41.937065],[12.617103,41.936909]]}},{"type":"Feature","properties":{"mode":"bus","n":6,"arr":["040","040F","041","041F","043","n041"],"lines":"040, 040F, 041, 041F, 043, n041"},"geometry":{"type":"LineString","coordinates":[[12.599233,41.933039],[12.601052,41.9333],[12.60242,41.933528],[12.604886,41.933896],[12.607809,41.934404],[12.608519,41.934581],[12.609373,41.934852],[12.609652,41.934847],[12.609732,41.934831],[12.609758,41.934829],[12.609777,41.934837],[12.60979,41.934853],[12.60982,41.934918],[12.610019,41.935057],[12.612403,41.935747],[12.613635,41.936044],[12.614067,41.936082],[12.614182,41.936021],[12.614259,41.935918],[12.614266,41.935909],[12.614272,41.935904],[12.614276,41.935903],[12.614279,41.935905],[12.614281,41.935912],[12.614282,41.935922],[12.614282,41.936003],[12.614316,41.936098],[12.614483,41.936244],[12.617057,41.936897],[12.617081,41.936908],[12.617093,41.936923],[12.617091,41.936944],[12.617077,41.936984],[12.617075,41.937005],[12.617087,41.93702],[12.617111,41.937031],[12.617831,41.937214],[12.6202,41.937924],[12.62053,41.937965],[12.621029,41.937983],[12.621284,41.93805],[12.622615,41.938135],[12.623366,41.938161],[12.623557,41.93821],[12.623731,41.938357],[12.623854,41.938415],[12.624096,41.93844],[12.624284,41.938403],[12.624428,41.938334],[12.624555,41.938209],[12.624608,41.938087],[12.624592,41.937885],[12.624548,41.937825],[12.624442,41.937717],[12.624247,41.937625]]}},{"type":"Feature","properties":{"mode":"bus","n":6,"arr":["040","040F","041","041F","043","n041"],"lines":"040, 040F, 041, 041F, 043, n041"},"geometry":{"type":"LineString","coordinates":[[12.591886,41.933044],[12.591738,41.933062]]}},{"type":"Feature","properties":{"mode":"bus","n":6,"arr":["040","040F","041","041F","043","n041"],"lines":"040, 040F, 041, 041F, 043, n041"},"geometry":{"type":"LineString","coordinates":[[12.612533,41.935778],[12.612573,41.935701]]}},{"type":"Feature","properties":{"mode":"bus","n":5,"arr":["042","045","051","055","314"],"lines":"042, 045, 051, 055, 314"},"geometry":{"type":"LineString","coordinates":[[12.667279,41.922363],[12.667161,41.922309]]}},{"type":"Feature","properties":{"mode":"bus","n":5,"arr":["042","045","051","055","314"],"lines":"042, 045, 051, 055, 314"},"geometry":{"type":"LineString","coordinates":[[12.667133,41.922203],[12.667142,41.922168]]}},{"type":"Feature","properties":{"mode":"bus","n":5,"arr":["042","045","051","055","314"],"lines":"042, 045, 051, 055, 314"},"geometry":{"type":"LineString","coordinates":[[12.667317,41.922115],[12.667512,41.922146],[12.667624,41.922224],[12.667637,41.922285],[12.667585,41.922363],[12.667538,41.922611],[12.668105,41.923736],[12.668169,41.923821],[12.668262,41.923886],[12.668443,41.923913],[12.668609,41.923877],[12.668887,41.923746]]}},{"type":"Feature","properties":{"mode":"bus","n":10,"arr":["045","053","057","058F","106","107","506","507","A50","n11"],"lines":"045, 053, 057, 058F, 106, 107, 506, 507, A50, n11"},"geometry":{"type":"LineString","coordinates":[[12.646947,41.862149],[12.646916,41.862062],[12.646821,41.862011],[12.646702,41.862015],[12.646606,41.862084]]}},{"type":"Feature","properties":{"mode":"bus","n":8,"arr":["053","057","058F","106","506","507","A50","n11"],"lines":"053, 057, 058F, 106, 506, 507, A50, n11"},"geometry":{"type":"LineString","coordinates":[[12.646874,41.862246],[12.646947,41.862149]]}},{"type":"Feature","properties":{"mode":"bus","n":11,"arr":["045","057","058F","106","107","506","507","A50","C9","n11","nMC"],"lines":"045, 057, 058F, 106, 107, 506, 507, A50, C9, n11, nMC"},"geometry":{"type":"LineString","coordinates":[[12.646665,41.862247],[12.646755,41.862273],[12.646874,41.862246]]}},{"type":"Feature","properties":{"mode":"bus","n":7,"arr":["045","058F","106","107","506","A50","n11"],"lines":"045, 058F, 106, 107, 506, A50, n11"},"geometry":{"type":"LineString","coordinates":[[12.64659,41.862144],[12.64661,41.862204],[12.646665,41.862247]]}},{"type":"Feature","properties":{"mode":"bus","n":6,"arr":["045","058F","106","107","A50","n11"],"lines":"045, 058F, 106, 107, A50, n11"},"geometry":{"type":"LineString","coordinates":[[12.646591,41.862123],[12.64659,41.862144]]}},{"type":"Feature","properties":{"mode":"bus","n":6,"arr":["046","056","106","C9","n11","nMC"],"lines":"046, 056, 106, C9, n11, nMC"},"geometry":{"type":"LineString","coordinates":[[12.609537,41.86392],[12.609644,41.863949],[12.609714,41.864019]]}},{"type":"Feature","properties":{"mode":"bus","n":6,"arr":["046","056","106","C9","n11","nMC"],"lines":"046, 056, 106, C9, n11, nMC"},"geometry":{"type":"LineString","coordinates":[[12.61016,41.863944],[12.610598,41.863845],[12.611382,41.863598]]}},{"type":"Feature","properties":{"mode":"bus","n":11,"arr":["46","46B","49","91","907","907L","916","916F","983","n46","nMA"],"lines":"46, 46B, 49, 91, 907, 907L, 916, 916F, 983, n46, nMA"},"geometry":{"type":"LineString","coordinates":[[12.414897,41.913975],[12.41488,41.914085],[12.414819,41.914128],[12.414728,41.914145],[12.414623,41.914114],[12.41458,41.914071],[12.414566,41.913993],[12.414595,41.913943]]}},{"type":"Feature","properties":{"mode":"bus","n":10,"arr":["46","46B","49","907","907L","916","916F","983","n46","nMA"],"lines":"46, 46B, 49, 907, 907L, 916, 916F, 983, n46, nMA"},"geometry":{"type":"LineString","coordinates":[[12.414897,41.913975],[12.414858,41.913927],[12.414743,41.913889],[12.414648,41.913907],[12.414595,41.913943]]}},{"type":"Feature","properties":{"mode":"bus","n":6,"arr":["047","056","106","C9","n11","nMC"],"lines":"047, 056, 106, C9, n11, nMC"},"geometry":{"type":"LineString","coordinates":[[12.609537,41.86392],[12.60942,41.863942],[12.609333,41.86403],[12.609337,41.86412],[12.609403,41.864188],[12.609509,41.864218],[12.609647,41.864189],[12.609721,41.864108],[12.609714,41.864019]]}},{"type":"Feature","properties":{"mode":"bus","n":6,"arr":["047","056","106","C9","n11","nMC"],"lines":"047, 056, 106, C9, n11, nMC"},"geometry":{"type":"LineString","coordinates":[[12.61016,41.863944],[12.610396,41.863987],[12.610683,41.863918],[12.611217,41.863748],[12.611297,41.863697],[12.611382,41.863598]]}},{"type":"Feature","properties":{"mode":"bus","n":5,"arr":["49","546","911","980","999"],"lines":"49, 546, 911, 980, 999"},"geometry":{"type":"LineString","coordinates":[[12.419507,41.941087],[12.419416,41.941216],[12.419312,41.941528],[12.419062,41.942051],[12.418182,41.943644],[12.417209,41.945295],[12.417041,41.945501],[12.416981,41.945548],[12.416967,41.945565],[12.416968,41.945586],[12.416974,41.945604],[12.416982,41.945617],[12.416994,41.945625],[12.417012,41.94563],[12.417078,41.945638],[12.417159,41.945611],[12.417207,41.945542]]}},{"type":"Feature","properties":{"mode":"bus","n":5,"arr":["049","073","C8","C11","C13"],"lines":"049, 073, C8, C11, C13"},"geometry":{"type":"LineString","coordinates":[[12.487434,41.770967],[12.487631,41.770939],[12.487763,41.770889],[12.488456,41.77046],[12.489032,41.770184],[12.490961,41.769442],[12.491359,41.769267],[12.494723,41.767638],[12.495605,41.767154],[12.49629,41.766677],[12.49679,41.766253],[12.497179,41.765861],[12.497549,41.765435],[12.498207,41.764593],[12.498248,41.764491],[12.498226,41.7644],[12.498195,41.764335],[12.498094,41.764242],[12.498038,41.76413],[12.498033,41.76401],[12.498089,41.763882],[12.498168,41.763802],[12.498289,41.763734],[12.498432,41.763696],[12.498584,41.763692],[12.49873,41.763722],[12.498857,41.763785],[12.498998,41.763947],[12.499021,41.764043],[12.498964,41.764232],[12.498787,41.764373],[12.498539,41.764429],[12.498402,41.764529],[12.49755,41.765629],[12.496928,41.766263],[12.496565,41.76659],[12.49576,41.767162],[12.494903,41.76765],[12.491636,41.769246],[12.49102,41.769521],[12.489335,41.770161],[12.488918,41.770342],[12.488412,41.770601],[12.488037,41.770825],[12.487854,41.770971],[12.487815,41.771073]]}},{"type":"Feature","properties":{"mode":"bus","n":6,"arr":["049","073","795","C8","C11","C13"],"lines":"049, 073, 795, C8, C11, C13"},"geometry":{"type":"LineString","coordinates":[[12.481085,41.775532],[12.481181,41.775421],[12.481914,41.774895],[12.485624,41.77196],[12.486096,41.771717],[12.486404,41.771622],[12.486652,41.771573],[12.486863,41.771574],[12.486906,41.771581],[12.486941,41.771602],[12.487001,41.77166],[12.487119,41.771725],[12.487256,41.771764],[12.487402,41.771774],[12.487546,41.771755],[12.487678,41.771708],[12.487788,41.771636],[12.487869,41.771545],[12.487914,41.771441],[12.48792,41.771332],[12.487887,41.771226],[12.487817,41.77113],[12.487815,41.771073]]}},{"type":"Feature","properties":{"mode":"bus","n":6,"arr":["049","073","795","C8","C11","C13"],"lines":"049, 073, 795, C8, C11, C13"},"geometry":{"type":"LineString","coordinates":[[12.480803,41.775377],[12.480963,41.77538],[12.481094,41.775349],[12.481485,41.775101],[12.485483,41.771941],[12.4859,41.771691],[12.486629,41.771453],[12.486774,41.771387],[12.486838,41.771342],[12.486877,41.771216],[12.486968,41.771106],[12.4871,41.771023],[12.487261,41.770975],[12.487434,41.770967]]}},{"type":"Feature","properties":{"mode":"bus","n":7,"arr":["049","073","73","795","C8","C11","C13"],"lines":"049, 073, 73, 795, C8, C11, C13"},"geometry":{"type":"LineString","coordinates":[[12.480847,41.776283],[12.480982,41.776184],[12.481084,41.77605],[12.481123,41.775859],[12.481113,41.775757],[12.48105,41.775603],[12.481085,41.775532]]}},{"type":"Feature","properties":{"mode":"bus","n":7,"arr":["049","073","73","795","C8","C11","C13"],"lines":"049, 073, 73, 795, C8, C11, C13"},"geometry":{"type":"LineString","coordinates":[[12.480438,41.776298],[12.480163,41.776148],[12.480053,41.776021],[12.479983,41.775811],[12.480015,41.775603],[12.480098,41.775466],[12.480346,41.775316],[12.480591,41.775314],[12.480803,41.775377]]}},{"type":"Feature","properties":{"mode":"bus","n":5,"arr":["049","72","731","795","C13"],"lines":"049, 72, 731, 795, C13"},"geometry":{"type":"LineString","coordinates":[[12.465914,41.770886],[12.465871,41.770698],[12.465929,41.770449],[12.466108,41.770215],[12.466401,41.770029],[12.469174,41.768949],[12.469448,41.768892],[12.470087,41.76891],[12.470438,41.768819],[12.470643,41.768692],[12.470727,41.768546],[12.470753,41.768409],[12.470718,41.768253],[12.470716,41.768243],[12.470716,41.768236],[12.470717,41.768234],[12.47072,41.768236],[12.470724,41.768241],[12.47073,41.76825],[12.471003,41.768704],[12.470943,41.768837],[12.470836,41.768913],[12.470798,41.768931],[12.470753,41.768936],[12.470087,41.76891]]}},{"type":"Feature","properties":{"mode":"bus","n":5,"arr":["049","72","731","795","C13"],"lines":"049, 72, 731, 795, C13"},"geometry":{"type":"LineString","coordinates":[[12.47071,41.768217],[12.470034,41.767027],[12.470055,41.766941],[12.47015,41.766867],[12.474118,41.765605],[12.475347,41.765353],[12.475986,41.765248]]}},{"type":"Feature","properties":{"mode":"bus","n":5,"arr":["049","72","731","795","C13"],"lines":"049, 72, 731, 795, C13"},"geometry":{"type":"LineString","coordinates":[[12.466506,41.771843],[12.465934,41.770919],[12.465929,41.770909],[12.465926,41.770904],[12.465927,41.770901],[12.46593,41.770902],[12.465936,41.770906],[12.465945,41.770913],[12.466079,41.77103]]}},{"type":"Feature","properties":{"mode":"bus","n":5,"arr":["53","168","910","982","n3d"],"lines":"53, 168, 910, 982, n3d"},"geometry":{"type":"LineString","coordinates":[[12.476294,41.930237],[12.476336,41.930191],[12.476362,41.930172],[12.476398,41.930165],[12.476474,41.930162]]}},{"type":"Feature","properties":{"mode":"bus","n":5,"arr":["53","168","910","982","n3d"],"lines":"53, 168, 910, 982, n3d"},"geometry":{"type":"LineString","coordinates":[[12.47729,41.928926],[12.47738,41.928763],[12.477574,41.928635]]}},{"type":"Feature","properties":{"mode":"bus","n":5,"arr":["53","168","910","982","n3s"],"lines":"53, 168, 910, 982, n3s"},"geometry":{"type":"LineString","coordinates":[[12.476468,41.930339],[12.476529,41.930304],[12.47655,41.930252]]}},{"type":"Feature","properties":{"mode":"bus","n":5,"arr":["053","056","058","058F","A05"],"lines":"053, 056, 058, 058F, A05"},"geometry":{"type":"LineString","coordinates":[[12.617863,41.882324],[12.617937,41.882299],[12.61804,41.8823]]}},{"type":"Feature","properties":{"mode":"bus","n":6,"arr":["053","056","058","058F","A50","n11"],"lines":"053, 056, 058, 058F, A50, n11"},"geometry":{"type":"LineString","coordinates":[[12.618082,41.882605],[12.617995,41.882645],[12.617902,41.882737]]}},{"type":"Feature","properties":{"mode":"bus","n":5,"arr":["055","075","314","555","n075"],"lines":"055, 075, 314, 555, n075"},"geometry":{"type":"LineString","coordinates":[[12.652536,41.912194],[12.65256,41.912229]]}},{"type":"Feature","properties":{"mode":"bus","n":5,"arr":["055","075","314","555","n075"],"lines":"055, 075, 314, 555, n075"},"geometry":{"type":"LineString","coordinates":[[12.661155,41.910191],[12.661196,41.910257],[12.661396,41.910338]]}},{"type":"Feature","properties":{"mode":"bus","n":5,"arr":["055","075","314","555","n075"],"lines":"055, 075, 314, 555, n075"},"geometry":{"type":"LineString","coordinates":[[12.661609,41.910291],[12.661727,41.910184],[12.661745,41.91008]]}},{"type":"Feature","properties":{"mode":"bus","n":5,"arr":["055","075","314","555","n075"],"lines":"055, 075, 314, 555, n075"},"geometry":{"type":"LineString","coordinates":[[12.652379,41.912448],[12.652123,41.912384],[12.6519,41.912224]]}},{"type":"Feature","properties":{"mode":"bus","n":5,"arr":["055","075","314","555","n075"],"lines":"055, 075, 314, 555, n075"},"geometry":{"type":"LineString","coordinates":[[12.65203,41.911997],[12.652062,41.911992]]}},{"type":"Feature","properties":{"mode":"bus","n":8,"arr":["058","075","150F","313","314","541","543","n543"],"lines":"058, 075, 150F, 313, 314, 541, 543, n543"},"geometry":{"type":"LineString","coordinates":[[12.589714,41.904071],[12.589756,41.904045]]}},{"type":"Feature","properties":{"mode":"bus","n":8,"arr":["058","075","150F","313","314","541","543","n543"],"lines":"058, 075, 150F, 313, 314, 541, 543, n543"},"geometry":{"type":"LineString","coordinates":[[12.589731,41.904175],[12.58971,41.904158]]}},{"type":"Feature","properties":{"mode":"bus","n":6,"arr":["058","075","313","541","543","n543"],"lines":"058, 075, 313, 541, 543, n543"},"geometry":{"type":"LineString","coordinates":[[12.589885,41.904057],[12.589823,41.904035],[12.589756,41.904045]]}},{"type":"Feature","properties":{"mode":"bus","n":9,"arr":["058","075","150F","313","314","437","541","543","n543"],"lines":"058, 075, 150F, 313, 314, 437, 541, 543, n543"},"geometry":{"type":"LineString","coordinates":[[12.589896,41.904067],[12.589885,41.904057]]}},{"type":"Feature","properties":{"mode":"bus","n":9,"arr":["058","075","150F","313","314","437","541","543","n543"],"lines":"058, 075, 150F, 313, 314, 437, 541, 543, n543"},"geometry":{"type":"LineString","coordinates":[[12.589845,41.904193],[12.589866,41.904186]]}},{"type":"Feature","properties":{"mode":"bus","n":7,"arr":["058","075","150F","313","437","541","n543"],"lines":"058, 075, 150F, 313, 437, 541, n543"},"geometry":{"type":"LineString","coordinates":[[12.589866,41.904186],[12.589899,41.90415],[12.589911,41.90413],[12.58991,41.904109],[12.589896,41.904067]]}},{"type":"Feature","properties":{"mode":"bus","n":8,"arr":["058","058F","075","150F","313","314","541","543"],"lines":"058, 058F, 075, 150F, 313, 314, 541, 543"},"geometry":{"type":"LineString","coordinates":[[12.597957,41.904903],[12.597768,41.904848],[12.597709,41.904789],[12.597627,41.904779],[12.59755,41.9048]]}},{"type":"Feature","properties":{"mode":"bus","n":8,"arr":["058","058F","075","150F","313","314","541","543"],"lines":"058, 058F, 075, 150F, 313, 314, 541, 543"},"geometry":{"type":"LineString","coordinates":[[12.597509,41.904896],[12.597533,41.904933],[12.597603,41.904958],[12.59764,41.904965],[12.597678,41.904959],[12.597803,41.904918],[12.597957,41.904903],[12.59863,41.904925],[12.601907,41.904891]]}},{"type":"Feature","properties":{"mode":"bus","n":7,"arr":["058","058F","113","150F","508","A50","n075"],"lines":"058, 058F, 113, 150F, 508, A50, n075"},"geometry":{"type":"LineString","coordinates":[[12.603531,41.893877],[12.603267,41.893315],[12.603258,41.893237]]}},{"type":"Feature","properties":{"mode":"bus","n":7,"arr":["058","058F","113","150F","508","A50","n075"],"lines":"058, 058F, 113, 150F, 508, A50, n075"},"geometry":{"type":"LineString","coordinates":[[12.604074,41.893727],[12.604108,41.893633],[12.604186,41.893569],[12.604319,41.893535],[12.604447,41.893532]]}},{"type":"Feature","properties":{"mode":"bus","n":7,"arr":["058","058F","113","150F","508","A05","n075"],"lines":"058, 058F, 113, 150F, 508, A05, n075"},"geometry":{"type":"LineString","coordinates":[[12.604447,41.893532],[12.604308,41.893371],[12.604269,41.893299],[12.604263,41.893172],[12.604182,41.893071],[12.603657,41.892861],[12.60349,41.892865],[12.603414,41.892891],[12.603396,41.892895],[12.603384,41.892893],[12.603377,41.892885],[12.603375,41.892871],[12.60338,41.892785]]}},{"type":"Feature","properties":{"mode":"bus","n":6,"arr":["058","075","313","314","541","543"],"lines":"058, 075, 313, 314, 541, 543"},"geometry":{"type":"LineString","coordinates":[[12.589845,41.904193],[12.589731,41.904175]]}},{"type":"Feature","properties":{"mode":"bus","n":5,"arr":["61","309","319","544","n041"],"lines":"61, 309, 319, 544, n041"},"geometry":{"type":"LineString","coordinates":[[12.558303,41.906407],[12.558978,41.906385],[12.559109,41.906415],[12.559215,41.906467],[12.55932,41.906483],[12.559427,41.906471],[12.559521,41.906433],[12.559593,41.906373],[12.559633,41.906299],[12.559636,41.906219],[12.559564,41.9061],[12.559497,41.906057],[12.559329,41.90602],[12.559137,41.906069],[12.559068,41.906125],[12.558994,41.90624],[12.558885,41.906302],[12.558665,41.906333],[12.558295,41.906339]]}},{"type":"Feature","properties":{"mode":"bus","n":5,"arr":["61","309","319","544","n041"],"lines":"61, 309, 319, 544, n041"},"geometry":{"type":"LineString","coordinates":[[12.550229,41.905244],[12.550973,41.905337],[12.551146,41.905404],[12.555455,41.906014]]}},{"type":"Feature","properties":{"mode":"bus","n":5,"arr":["61","309","319","544","n041"],"lines":"61, 309, 319, 544, n041"},"geometry":{"type":"LineString","coordinates":[[12.555571,41.905952],[12.551779,41.905382],[12.551171,41.905304],[12.550973,41.905337]]}},{"type":"Feature","properties":{"mode":"bus","n":9,"arr":["61","62","168","309","310","445","542","nMB1","nMB"],"lines":"61, 62, 168, 309, 310, 445, 542, nMB1, nMB"},"geometry":{"type":"LineString","coordinates":[[12.520926,41.913205],[12.521049,41.91328],[12.521217,41.913457],[12.521264,41.913603],[12.521269,41.913778],[12.521213,41.913879],[12.521079,41.913967],[12.520877,41.914014],[12.520751,41.914007]]}},{"type":"Feature","properties":{"mode":"bus","n":10,"arr":["61","62","168","309","310","445","542","nMB1","nMB","P10"],"lines":"61, 62, 168, 309, 310, 445, 542, nMB1, nMB, P10"},"geometry":{"type":"LineString","coordinates":[[12.520523,41.91326],[12.520427,41.91332],[12.520363,41.913413],[12.520341,41.913608],[12.520471,41.913862],[12.520598,41.913954],[12.520751,41.914007]]}},{"type":"Feature","properties":{"mode":"bus","n":8,"arr":["61","120F","490","495","649","nMB1","nMB","P02"],"lines":"61, 120F, 490, 495, 649, nMB1, nMB, P02"},"geometry":{"type":"LineString","coordinates":[[12.513213,41.910657],[12.513153,41.910678],[12.513057,41.910675],[12.512959,41.910616],[12.512943,41.910513],[12.51302,41.910439]]}},{"type":"Feature","properties":{"mode":"bus","n":8,"arr":["61","120F","490","495","649","nMB1","nMB","P02"],"lines":"61, 120F, 490, 495, 649, nMB1, nMB, P02"},"geometry":{"type":"LineString","coordinates":[[12.508927,41.909403],[12.510606,41.90985]]}},{"type":"Feature","properties":{"mode":"bus","n":8,"arr":["61","120F","490","495","649","nMB1","nMB","P20"],"lines":"61, 120F, 490, 495, 649, nMB1, nMB, P20"},"geometry":{"type":"LineString","coordinates":[[12.51302,41.910439],[12.513089,41.910421],[12.513194,41.910436],[12.513282,41.910523]]}},{"type":"Feature","properties":{"mode":"bus","n":8,"arr":["61","120F","490","495","649","nMB1","nMB","P20"],"lines":"61, 120F, 490, 495, 649, nMB1, nMB, P20"},"geometry":{"type":"LineString","coordinates":[[12.508231,41.909164],[12.510654,41.909813]]}},{"type":"Feature","properties":{"mode":"bus","n":6,"arr":["61","62","168","309","445","nMB1"],"lines":"61, 62, 168, 309, 445, nMB1"},"geometry":{"type":"LineString","coordinates":[[12.520523,41.91326],[12.52081,41.913196],[12.520926,41.913205]]}},{"type":"Feature","properties":{"mode":"bus","n":5,"arr":["62","135","168","309","C2"],"lines":"62, 135, 168, 309, C2"},"geometry":{"type":"LineString","coordinates":[[12.527168,41.909558],[12.529285,41.910266],[12.529311,41.910271],[12.529336,41.910269],[12.529359,41.910259],[12.529422,41.910221],[12.529482,41.91022],[12.529571,41.910254],[12.529608,41.910306],[12.529599,41.910372],[12.529463,41.91057],[12.529358,41.910668],[12.529225,41.91092],[12.529117,41.911051]]}},{"type":"Feature","properties":{"mode":"bus","n":5,"arr":["63","337","435","C5","n66"],"lines":"63, 337, 435, C5, n66"},"geometry":{"type":"LineString","coordinates":[[12.561249,41.95162],[12.561215,41.951706],[12.56114,41.951763],[12.561026,41.951789],[12.560893,41.951763],[12.560827,41.951718],[12.560782,41.951627],[12.560624,41.951507],[12.556782,41.949618]]}},{"type":"Feature","properties":{"mode":"bus","n":5,"arr":["63","337","435","C5","n66"],"lines":"63, 337, 435, C5, n66"},"geometry":{"type":"LineString","coordinates":[[12.557167,41.949635],[12.560763,41.951414],[12.560932,41.951453],[12.561041,41.951442],[12.561267,41.951482]]}},{"type":"Feature","properties":{"mode":"bus","n":5,"arr":["63","337","435","C5","n66"],"lines":"63, 337, 435, C5, n66"},"geometry":{"type":"LineString","coordinates":[[12.554337,41.946472],[12.556017,41.94869],[12.556238,41.948937],[12.5566,41.949259],[12.556633,41.949277],[12.556674,41.94928],[12.556757,41.949272],[12.55686,41.9493],[12.556917,41.94934],[12.556961,41.949418]]}},{"type":"Feature","properties":{"mode":"bus","n":6,"arr":["63","337","344","435","C5","n66"],"lines":"63, 337, 344, 435, C5, n66"},"geometry":{"type":"LineString","coordinates":[[12.556782,41.949618],[12.556619,41.949604],[12.556528,41.949544],[12.55649,41.949447],[12.556508,41.94939],[12.556508,41.949362],[12.55649,41.949336],[12.556117,41.949002],[12.555842,41.948708],[12.554193,41.946528]]}},{"type":"Feature","properties":{"mode":"bus","n":6,"arr":["63","337","344","435","C5","n66"],"lines":"63, 337, 344, 435, C5, n66"},"geometry":{"type":"LineString","coordinates":[[12.556961,41.949418],[12.556957,41.949467],[12.556962,41.949492],[12.556982,41.949512],[12.557167,41.949635]]}},{"type":"Feature","properties":{"mode":"bus","n":6,"arr":["63","337","344","435","C5","n66"],"lines":"63, 337, 344, 435, C5, n66"},"geometry":{"type":"LineString","coordinates":[[12.554146,41.946459],[12.554035,41.946306]]}},{"type":"Feature","properties":{"mode":"bus","n":5,"arr":["63","92","235","310","n92"],"lines":"63, 92, 235, 310, n92"},"geometry":{"type":"LineString","coordinates":[[12.512608,41.933178],[12.512581,41.933088],[12.512521,41.933056],[12.51192,41.933081],[12.511893,41.933086],[12.511876,41.933099],[12.511869,41.933119],[12.511859,41.933227],[12.511885,41.933279],[12.511901,41.933298],[12.511927,41.933309],[12.511985,41.933322],[12.512225,41.933318]]}},{"type":"Feature","properties":{"mode":"bus","n":6,"arr":["63","83","88","92","310","n92"],"lines":"63, 83, 88, 92, 310, n92"},"geometry":{"type":"LineString","coordinates":[[12.508787,41.925168],[12.509413,41.925804],[12.509907,41.926165],[12.510127,41.926525],[12.510249,41.926675],[12.512194,41.928716],[12.512328,41.928894],[12.512332,41.928903],[12.512331,41.928911],[12.512326,41.928919],[12.512315,41.928928],[12.512307,41.928941],[12.512307,41.928954],[12.512312,41.928969],[12.512321,41.928983],[12.512337,41.928991],[12.512357,41.928998],[12.512374,41.929],[12.51239,41.928997],[12.51242,41.928985]]}},{"type":"Feature","properties":{"mode":"bus","n":6,"arr":["63","83","88","92","310","n92"],"lines":"63, 83, 88, 92, 310, n92"},"geometry":{"type":"LineString","coordinates":[[12.507359,41.923182],[12.507204,41.923096],[12.50707,41.923071],[12.506934,41.923081],[12.506803,41.923126]]}},{"type":"Feature","properties":{"mode":"bus","n":7,"arr":["63","83","88","92","168","310","n92"],"lines":"63, 83, 88, 92, 168, 310, n92"},"geometry":{"type":"LineString","coordinates":[[12.506803,41.923126],[12.506692,41.923218],[12.506637,41.923339],[12.506654,41.923466],[12.506714,41.923554],[12.506824,41.923629],[12.506981,41.923672],[12.507148,41.923665],[12.507252,41.923625],[12.507279,41.92362],[12.507303,41.923624],[12.507323,41.923638],[12.508787,41.925168]]}},{"type":"Feature","properties":{"mode":"bus","n":5,"arr":["63","83","92","310","n92"],"lines":"63, 83, 92, 310, n92"},"geometry":{"type":"LineString","coordinates":[[12.512338,41.928907],[12.512396,41.928918],[12.512411,41.928923],[12.51242,41.928932],[12.512423,41.928945],[12.51242,41.928985]]}},{"type":"Feature","properties":{"mode":"bus","n":12,"arr":["66","82","85","150F","223","590","910","n5","n46","n66","n543","nMA"],"lines":"66, 82, 85, 150F, 223, 590, 910, n5, n46, n66, n543, nMA"},"geometry":{"type":"LineString","coordinates":[[12.495925,41.902686],[12.495948,41.90261],[12.496046,41.902514],[12.496153,41.902472],[12.496276,41.902462]]}},{"type":"Feature","properties":{"mode":"bus","n":7,"arr":["071","073","73","074","74","788","n74"],"lines":"071, 073, 73, 074, 74, 788, n74"},"geometry":{"type":"LineString","coordinates":[[12.49134,41.78757],[12.491538,41.787604],[12.491675,41.787594],[12.491869,41.787515],[12.491971,41.787409],[12.492,41.787342],[12.491999,41.787202],[12.492171,41.786999],[12.492179,41.786989],[12.49218,41.786981],[12.492176,41.786976],[12.492165,41.786973],[12.492149,41.786974],[12.49183,41.787007],[12.491627,41.786945],[12.49141,41.786963],[12.491312,41.787001],[12.491168,41.787124],[12.491135,41.787191],[12.491133,41.78735],[12.491062,41.787435],[12.49058,41.787713]]}},{"type":"Feature","properties":{"mode":"bus","n":7,"arr":["071","073","73","074","74","788","n74"],"lines":"071, 073, 73, 074, 74, 788, n74"},"geometry":{"type":"LineString","coordinates":[[12.488561,41.789733],[12.488604,41.789646],[12.48861,41.789613],[12.488596,41.789581],[12.48853,41.789502]]}},{"type":"Feature","properties":{"mode":"bus","n":6,"arr":["071","72","073","73","C8","C11"],"lines":"071, 72, 073, 73, C8, C11"},"geometry":{"type":"LineString","coordinates":[[12.481956,41.78822],[12.482137,41.788215],[12.48235,41.78816],[12.482499,41.788078],[12.482623,41.787958]]}},{"type":"Feature","properties":{"mode":"bus","n":6,"arr":["071","72","073","73","C8","C11"],"lines":"071, 72, 073, 73, C8, C11"},"geometry":{"type":"LineString","coordinates":[[12.481692,41.78816],[12.481522,41.788064],[12.481397,41.787929],[12.481339,41.787791],[12.481339,41.787626]]}},{"type":"Feature","properties":{"mode":"bus","n":6,"arr":["071","72","073","73","C8","C11"],"lines":"071, 72, 073, 73, C8, C11"},"geometry":{"type":"LineString","coordinates":[[12.481474,41.787394],[12.481665,41.787267],[12.481873,41.787206]]}},{"type":"Feature","properties":{"mode":"bus","n":6,"arr":["071","72","073","73","C8","C11"],"lines":"071, 72, 073, 73, C8, C11"},"geometry":{"type":"LineString","coordinates":[[12.482637,41.787479],[12.482439,41.7873],[12.482293,41.787236],[12.482142,41.787202]]}},{"type":"Feature","properties":{"mode":"bus","n":6,"arr":["071","073","73","074","74","n74"],"lines":"071, 073, 73, 074, 74, n74"},"geometry":{"type":"LineString","coordinates":[[12.488561,41.789733],[12.48847,41.78977]]}},{"type":"Feature","properties":{"mode":"bus","n":7,"arr":["72","788","C8","C11","L10","L20","L50"],"lines":"72, 788, C8, C11, L10, L20, L50"},"geometry":{"type":"LineString","coordinates":[[12.482469,41.803989],[12.482316,41.804012]]}},{"type":"Feature","properties":{"mode":"bus","n":12,"arr":["72","788","C8","C11","L10","L20","L30","L40","L50","L60","L70","L80"],"lines":"72, 788, C8, C11, L10, L20, L30, L40, L50, L60, L70, L80"},"geometry":{"type":"LineString","coordinates":[[12.482316,41.804012],[12.482184,41.803983],[12.482084,41.803921],[12.481962,41.803742],[12.481941,41.803655],[12.481989,41.803526],[12.481336,41.801827]]}},{"type":"Feature","properties":{"mode":"bus","n":12,"arr":["72","788","C8","C11","L01","L02","L03","L04","L05","L06","L07","L08"],"lines":"72, 788, C8, C11, L01, L02, L03, L04, L05, L06, L07, L08"},"geometry":{"type":"LineString","coordinates":[[12.482469,41.803989],[12.482553,41.803953],[12.482635,41.803867],[12.482662,41.803789],[12.48265,41.803704],[12.482478,41.803482],[12.482377,41.803431],[12.482247,41.80342],[12.482204,41.80341],[12.482169,41.803388],[12.482049,41.803272],[12.481414,41.801628]]}},{"type":"Feature","properties":{"mode":"bus","n":5,"arr":["77","360","628","649","665"],"lines":"77, 360, 628, 649, 665"},"geometry":{"type":"LineString","coordinates":[[12.509437,41.876217],[12.509869,41.875739],[12.509882,41.875729],[12.509897,41.875724],[12.509915,41.875725],[12.50997,41.875733],[12.510323,41.875905]]}},{"type":"Feature","properties":{"mode":"bus","n":5,"arr":["77","87","628","649","665"],"lines":"77, 87, 628, 649, 665"},"geometry":{"type":"LineString","coordinates":[[12.510323,41.875905],[12.510601,41.876059],[12.510652,41.87612],[12.510652,41.87616],[12.510317,41.876533],[12.510226,41.876586],[12.510134,41.876595]]}},{"type":"Feature","properties":{"mode":"bus","n":5,"arr":["078","777","787","n705","nME"],"lines":"078, 777, 787, n705, nME"},"geometry":{"type":"LineString","coordinates":[[12.437739,41.816811],[12.437683,41.816687],[12.437688,41.816586],[12.437736,41.81649],[12.437843,41.816397],[12.437989,41.816344],[12.438142,41.816333],[12.438291,41.81636],[12.438408,41.816425],[12.438492,41.81651],[12.438531,41.816609],[12.438514,41.816749],[12.438448,41.816839],[12.438335,41.816917],[12.438194,41.816959],[12.438043,41.816962],[12.437899,41.816926]]}},{"type":"Feature","properties":{"mode":"bus","n":6,"arr":["80","334","336","341","350","C5"],"lines":"80, 334, 336, 341, 350, C5"},"geometry":{"type":"LineString","coordinates":[[12.530167,41.964649],[12.530343,41.964711]]}},{"type":"Feature","properties":{"mode":"bus","n":6,"arr":["80","334","336","341","350","C5"],"lines":"80, 334, 336, 341, 350, C5"},"geometry":{"type":"LineString","coordinates":[[12.530531,41.964296],[12.530532,41.964386],[12.530532,41.964396],[12.53053,41.964403],[12.530527,41.964405],[12.530522,41.964404],[12.530517,41.964399],[12.530509,41.964391],[12.530444,41.964304],[12.530314,41.964257],[12.53016,41.964268],[12.530022,41.96436]]}},{"type":"Feature","properties":{"mode":"bus","n":7,"arr":["80","90","93","350","C5","G06","n90"],"lines":"80, 90, 93, 350, C5, G06, n90"},"geometry":{"type":"LineString","coordinates":[[12.524809,41.959291],[12.524683,41.959354],[12.524506,41.959374],[12.524477,41.959373],[12.524453,41.959365],[12.524434,41.959348],[12.524384,41.959284],[12.524352,41.959176],[12.524373,41.959115]]}},{"type":"Feature","properties":{"mode":"bus","n":7,"arr":["80","90","93","350","C5","G06","n90"],"lines":"80, 90, 93, 350, C5, G06, n90"},"geometry":{"type":"LineString","coordinates":[[12.525916,41.962746],[12.525944,41.963051]]}},{"type":"Feature","properties":{"mode":"bus","n":7,"arr":["80","90","93","350","C5","G06","n90"],"lines":"80, 90, 93, 350, C5, G06, n90"},"geometry":{"type":"LineString","coordinates":[[12.524411,41.959103],[12.52427,41.958561]]}},{"type":"Feature","properties":{"mode":"bus","n":8,"arr":["80","90","93","349","350","C5","G06","n90"],"lines":"80, 90, 93, 349, 350, C5, G06, n90"},"geometry":{"type":"LineString","coordinates":[[12.524373,41.959115],[12.524411,41.959103]]}},{"type":"Feature","properties":{"mode":"bus","n":8,"arr":["80","90","93","349","350","C5","G60","n90"],"lines":"80, 90, 93, 349, 350, C5, G60, n90"},"geometry":{"type":"LineString","coordinates":[[12.524691,41.95907],[12.524566,41.95908]]}},{"type":"Feature","properties":{"mode":"bus","n":7,"arr":["80","90","93","350","C5","G60","n90"],"lines":"80, 90, 93, 350, C5, G60, n90"},"geometry":{"type":"LineString","coordinates":[[12.524809,41.959291],[12.524777,41.959129],[12.524691,41.95907]]}},{"type":"Feature","properties":{"mode":"bus","n":7,"arr":["80","90","93","350","C5","G60","n90"],"lines":"80, 90, 93, 350, C5, G60, n90"},"geometry":{"type":"LineString","coordinates":[[12.524566,41.95908],[12.5242,41.9578]]}},{"type":"Feature","properties":{"mode":"bus","n":5,"arr":["80","334","336","341","350"],"lines":"80, 334, 336, 341, 350"},"geometry":{"type":"LineString","coordinates":[[12.530533,41.964422],[12.530521,41.964527],[12.530596,41.964616]]}},{"type":"Feature","properties":{"mode":"bus","n":5,"arr":["86","90","336","344","n90"],"lines":"86, 90, 336, 344, n90"},"geometry":{"type":"LineString","coordinates":[[12.537585,41.943897],[12.537932,41.944604],[12.538214,41.945087],[12.538223,41.945167],[12.538187,41.945215],[12.538116,41.945232],[12.53809,41.945235],[12.538064,41.945229],[12.538017,41.94521]]}},{"type":"Feature","properties":{"mode":"bus","n":8,"arr":["88","90","93","235","334","336","C5","n90"],"lines":"88, 90, 93, 235, 334, 336, C5, n90"},"geometry":{"type":"LineString","coordinates":[[12.51863,41.969986],[12.518532,41.970025],[12.518391,41.970023]]}},{"type":"Feature","properties":{"mode":"bus","n":8,"arr":["88","90","93","235","334","336","C5","n90"],"lines":"88, 90, 93, 235, 334, 336, C5, n90"},"geometry":{"type":"LineString","coordinates":[[12.518216,41.969808],[12.518219,41.969799]]}},{"type":"Feature","properties":{"mode":"bus","n":8,"arr":["88","90","93","235","334","336","C5","n90"],"lines":"88, 90, 93, 235, 334, 336, C5, n90"},"geometry":{"type":"LineString","coordinates":[[12.518685,41.969751],[12.518571,41.969672]]}},{"type":"Feature","properties":{"mode":"bus","n":5,"arr":["88","92","339","344","349"],"lines":"88, 92, 339, 344, 349"},"geometry":{"type":"LineString","coordinates":[[12.515452,41.951523],[12.515411,41.951625]]}},{"type":"Feature","properties":{"mode":"bus","n":5,"arr":["88","92","339","344","349"],"lines":"88, 92, 339, 344, 349"},"geometry":{"type":"LineString","coordinates":[[12.513172,41.954906],[12.514152,41.954013],[12.514348,41.953803],[12.514391,41.953725]]}},{"type":"Feature","properties":{"mode":"bus","n":5,"arr":["88","92","339","344","349"],"lines":"88, 92, 339, 344, 349"},"geometry":{"type":"LineString","coordinates":[[12.514286,41.952862],[12.514347,41.952762]]}},{"type":"Feature","properties":{"mode":"bus","n":6,"arr":["89","168","235","310","544","nMB1"],"lines":"89, 168, 235, 310, 544, nMB1"},"geometry":{"type":"LineString","coordinates":[[12.51588,41.921806],[12.515909,41.921906],[12.516006,41.92196]]}},{"type":"Feature","properties":{"mode":"bus","n":6,"arr":["90","93","235","334","336","n90"],"lines":"90, 93, 235, 334, 336, n90"},"geometry":{"type":"LineString","coordinates":[[12.518685,41.969751],[12.518715,41.969871],[12.51863,41.969986]]}},{"type":"Feature","properties":{"mode":"bus","n":10,"arr":["96","98","180F","775","786","786F","889","C7","M30","n98"],"lines":"96, 98, 180F, 775, 786, 786F, 889, C7, M30, n98"},"geometry":{"type":"LineString","coordinates":[[12.410831,41.847237],[12.413695,41.854157],[12.413825,41.854405],[12.413931,41.854508],[12.414581,41.854831],[12.415038,41.855175],[12.41505,41.855188],[12.415055,41.855202],[12.415053,41.855218],[12.415036,41.855264],[12.415067,41.855305],[12.415088,41.855323],[12.415117,41.855334],[12.415178,41.855346],[12.415265,41.85531]]}},{"type":"Feature","properties":{"mode":"bus","n":10,"arr":["96","98","180F","775","786","786F","889","C7","M30","n98"],"lines":"96, 98, 180F, 775, 786, 786F, 889, C7, M30, n98"},"geometry":{"type":"LineString","coordinates":[[12.412945,41.848675],[12.412792,41.848666],[12.412723,41.848625],[12.412649,41.848537],[12.411947,41.846971],[12.41187,41.846877],[12.411674,41.846784],[12.411562,41.846765],[12.411365,41.846759],[12.411163,41.846798]]}},{"type":"Feature","properties":{"mode":"bus","n":5,"arr":["96","98","786","889","n98"],"lines":"96, 98, 786, 889, n98"},"geometry":{"type":"LineString","coordinates":[[12.412945,41.848675],[12.413046,41.848711],[12.413107,41.848825]]}},{"type":"Feature","properties":{"mode":"bus","n":10,"arr":["96","98","180F","775","786","786F","889","C7","M03","n98"],"lines":"96, 98, 180F, 775, 786, 786F, 889, C7, M03, n98"},"geometry":{"type":"LineString","coordinates":[[12.413107,41.848825],[12.413052,41.848915]]}},{"type":"Feature","properties":{"mode":"bus","n":10,"arr":["96","98","180F","775","786","786F","889","C7","M03","n98"],"lines":"96, 98, 180F, 775, 786, 786F, 889, C7, M03, n98"},"geometry":{"type":"LineString","coordinates":[[12.412991,41.849429],[12.413826,41.851436],[12.414028,41.851834],[12.414028,41.851935],[12.415306,41.854988],[12.415326,41.855082],[12.415274,41.855205],[12.415291,41.855247],[12.415265,41.85531]]}},{"type":"Feature","properties":{"mode":"bus","n":5,"arr":["113","150F","313","508","n075"],"lines":"113, 150F, 313, 508, n075"},"geometry":{"type":"LineString","coordinates":[[12.581191,41.893503],[12.581174,41.89342],[12.581211,41.893308]]}},{"type":"Feature","properties":{"mode":"bus","n":6,"arr":["113","150F","313","314","508","n075"],"lines":"113, 150F, 313, 314, 508, n075"},"geometry":{"type":"LineString","coordinates":[[12.581211,41.893308],[12.58138,41.893207],[12.581559,41.893204],[12.581688,41.893268],[12.58176,41.893356],[12.581976,41.893459],[12.582491,41.893544]]}},{"type":"Feature","properties":{"mode":"bus","n":6,"arr":["113","150F","313","314","508","n075"],"lines":"113, 150F, 313, 314, 508, n075"},"geometry":{"type":"LineString","coordinates":[[12.584095,41.893621],[12.582593,41.893547],[12.581997,41.893537],[12.581771,41.893562],[12.581577,41.893627],[12.581475,41.893639],[12.581318,41.893605],[12.581191,41.893503],[12.581021,41.893468],[12.580899,41.893476],[12.580653,41.893528],[12.580032,41.893897],[12.579815,41.893984],[12.579111,41.894147],[12.578054,41.894327]]}},{"type":"Feature","properties":{"mode":"bus","n":6,"arr":["113","150F","313","314","508","n075"],"lines":"113, 150F, 313, 314, 508, n075"},"geometry":{"type":"LineString","coordinates":[[12.58138,41.893207],[12.581426,41.893151]]}},{"type":"Feature","properties":{"mode":"bus","n":9,"arr":["120F","310","490","495","542","649","C3","nMB","P02"],"lines":"120F, 310, 490, 495, 542, 649, C3, nMB, P02"},"geometry":{"type":"LineString","coordinates":[[12.52123,41.909587],[12.521374,41.909513],[12.521412,41.909381]]}},{"type":"Feature","properties":{"mode":"bus","n":6,"arr":["120F","490","495","649","C3","P02"],"lines":"120F, 490, 495, 649, C3, P02"},"geometry":{"type":"LineString","coordinates":[[12.521055,41.90957],[12.52123,41.909587]]}},{"type":"Feature","properties":{"mode":"bus","n":10,"arr":["120F","310","490","495","542","649","C3","nMB","P02","P10"],"lines":"120F, 310, 490, 495, 542, 649, C3, nMB, P02, P10"},"geometry":{"type":"LineString","coordinates":[[12.52093,41.909429],[12.520965,41.909507],[12.521055,41.90957]]}},{"type":"Feature","properties":{"mode":"bus","n":10,"arr":["120F","310","490","495","542","649","C3","nMB","P10","P20"],"lines":"120F, 310, 490, 495, 542, 649, C3, nMB, P10, P20"},"geometry":{"type":"LineString","coordinates":[[12.520933,41.90938],[12.52093,41.909429]]}},{"type":"Feature","properties":{"mode":"bus","n":10,"arr":["120F","310","490","495","542","649","C3","nMB","P10","P20"],"lines":"120F, 310, 490, 495, 542, 649, C3, nMB, P10, P20"},"geometry":{"type":"LineString","coordinates":[[12.521126,41.909234],[12.521051,41.909255]]}},{"type":"Feature","properties":{"mode":"bus","n":9,"arr":["120F","490","495","542","649","C3","nMB","P10","P20"],"lines":"120F, 490, 495, 542, 649, C3, nMB, P10, P20"},"geometry":{"type":"LineString","coordinates":[[12.521051,41.909255],[12.520973,41.909308],[12.520933,41.90938]]}},{"type":"Feature","properties":{"mode":"bus","n":9,"arr":["120F","490","495","542","649","C3","nMB","P10","P20"],"lines":"120F, 490, 495, 542, 649, C3, nMB, P10, P20"},"geometry":{"type":"LineString","coordinates":[[12.521657,41.90535],[12.521612,41.905541],[12.521126,41.909234]]}},{"type":"Feature","properties":{"mode":"bus","n":5,"arr":["168","310","544","nMB1","P10"],"lines":"168, 310, 544, nMB1, P10"},"geometry":{"type":"LineString","coordinates":[[12.517682,41.921152],[12.517602,41.921251],[12.516278,41.921762],[12.51625,41.921769],[12.516224,41.921766],[12.5162,41.921754],[12.516124,41.9217],[12.516024,41.921696],[12.515935,41.92173],[12.51588,41.921806]]}},{"type":"Feature","properties":{"mode":"bus","n":5,"arr":["168","310","544","nMB1","P10"],"lines":"168, 310, 544, nMB1, P10"},"geometry":{"type":"LineString","coordinates":[[12.519525,41.919786],[12.519272,41.920127],[12.518963,41.920427],[12.518633,41.920648],[12.517788,41.921069]]}},{"type":"Feature","properties":{"mode":"bus","n":7,"arr":["188","226","301","446","911","n200","n201"],"lines":"188, 226, 301, 446, 911, n200, n201"},"geometry":{"type":"LineString","coordinates":[[12.462725,41.948271],[12.462683,41.948219],[12.462698,41.948124]]}},{"type":"Feature","properties":{"mode":"bus","n":6,"arr":["226","301","446","911","n200","n201"],"lines":"226, 301, 446, 911, n200, n201"},"geometry":{"type":"LineString","coordinates":[[12.462936,41.948083],[12.462989,41.948127],[12.463004,41.948185],[12.462961,41.948266],[12.462893,41.948292],[12.462856,41.9483],[12.462818,41.948296],[12.462725,41.948271]]}},{"type":"Feature","properties":{"mode":"bus","n":5,"arr":["337","343","344","C5","n66"],"lines":"337, 343, 344, C5, n66"},"geometry":{"type":"LineString","coordinates":[[12.56348,41.945551],[12.563432,41.945603],[12.563341,41.945645],[12.563184,41.945638],[12.5631,41.945589],[12.563056,41.945517],[12.563084,41.945397],[12.563207,41.945329],[12.563375,41.945339],[12.563476,41.945418],[12.56348,41.945551]]}},{"type":"Feature","properties":{"mode":"bus","n":5,"arr":["451","557","558","559","n500"],"lines":"451, 557, 558, 559, n500"},"geometry":{"type":"LineString","coordinates":[[12.568998,41.855671],[12.568965,41.855676]]}},{"type":"Feature","properties":{"mode":"bus","n":5,"arr":["451","557","558","559","n500"],"lines":"451, 557, 558, 559, n500"},"geometry":{"type":"LineString","coordinates":[[12.5688,41.855545],[12.568808,41.855525],[12.568809,41.855515],[12.568804,41.855506],[12.56871,41.855391],[12.568153,41.85416],[12.567659,41.853762]]}},{"type":"Feature","properties":{"mode":"bus","n":5,"arr":["506","507","509","T10","T20"],"lines":"506, 507, 509, T10, T20"},"geometry":{"type":"LineString","coordinates":[[12.61909,41.830683],[12.619285,41.830613],[12.619391,41.830548],[12.619598,41.8303],[12.619711,41.830208],[12.619804,41.830169],[12.619863,41.830164],[12.619873,41.830163],[12.61988,41.83016],[12.619882,41.830156],[12.61988,41.83015],[12.619875,41.830143],[12.619842,41.830112],[12.61983,41.830095],[12.619827,41.830077],[12.619833,41.830058],[12.619856,41.830019],[12.619869,41.830006],[12.619889,41.829997],[12.619931,41.829986],[12.61998,41.829996],[12.620002,41.830004],[12.620018,41.830019],[12.62006,41.830083]]}},{"type":"Feature","properties":{"mode":"bus","n":5,"arr":["506","507","509","T10","T20"],"lines":"506, 507, 509, T10, T20"},"geometry":{"type":"LineString","coordinates":[[12.620125,41.83022],[12.620262,41.830313],[12.620455,41.830383]]}},{"type":"Feature","properties":{"mode":"bus","n":7,"arr":["506","507","509","T01","T02","T10","T20"],"lines":"506, 507, 509, T01, T02, T10, T20"},"geometry":{"type":"LineString","coordinates":[[12.620455,41.830383],[12.620554,41.830401],[12.62058,41.83043],[12.620589,41.830447],[12.620589,41.830464],[12.620578,41.8305],[12.620489,41.830599]]}},{"type":"Feature","properties":{"mode":"bus","n":5,"arr":["506","507","509","T01","T02"],"lines":"506, 507, 509, T01, T02"},"geometry":{"type":"LineString","coordinates":[[12.620489,41.830599],[12.62042,41.830617],[12.620371,41.830602],[12.620355,41.830594],[12.620346,41.830582],[12.620334,41.830555],[12.620358,41.830475]]}},{"type":"Feature","properties":{"mode":"bus","n":5,"arr":["723","724","779","779F","n74"],"lines":"723, 724, 779, 779F, n74"},"geometry":{"type":"LineString","coordinates":[[12.465961,41.81249],[12.465791,41.812505],[12.465627,41.812471]]}},{"type":"Feature","properties":{"mode":"bus","n":5,"arr":["723","724","779","779F","n74"],"lines":"723, 724, 779, 779F, n74"},"geometry":{"type":"LineString","coordinates":[[12.465381,41.812205],[12.465382,41.812136],[12.46544,41.812006],[12.465564,41.811904],[12.465732,41.811848],[12.465917,41.811848],[12.466005,41.811869]]}},{"type":"Feature","properties":{"mode":"bus","n":5,"arr":["723","724","779","779F","n74"],"lines":"723, 724, 779, 779F, n74"},"geometry":{"type":"LineString","coordinates":[[12.466244,41.812061],[12.466268,41.812207],[12.466223,41.812327],[12.466329,41.81258],[12.467851,41.813834],[12.468059,41.813955],[12.468377,41.81405],[12.470149,41.814259],[12.470354,41.814258],[12.470581,41.81422],[12.470826,41.814129],[12.473699,41.812681],[12.473992,41.812604],[12.474239,41.812594],[12.474409,41.812622],[12.474682,41.812706],[12.479948,41.814638],[12.480402,41.814796],[12.480564,41.814819],[12.48077,41.814799],[12.480993,41.814717],[12.484526,41.812936],[12.484894,41.812698]]}},{"type":"Feature","properties":{"mode":"bus","n":5,"arr":["723","724","779","779F","n74"],"lines":"723, 724, 779, 779F, n74"},"geometry":{"type":"LineString","coordinates":[[12.482748,41.809634],[12.482469,41.809382],[12.481493,41.808285],[12.481331,41.808147],[12.48116,41.808044],[12.47867,41.807123],[12.477809,41.806716],[12.476986,41.80648],[12.476674,41.806421],[12.476462,41.806411],[12.476027,41.806454],[12.475835,41.806515],[12.475562,41.806643],[12.475465,41.806713],[12.475345,41.806849],[12.47486,41.807525],[12.474696,41.807679],[12.474479,41.807833],[12.474187,41.808001],[12.47078,41.809719],[12.47057,41.809849],[12.470522,41.809936]]}},{"type":"Feature","properties":{"mode":"bus","n":5,"arr":["723","724","779","779F","n74"],"lines":"723, 724, 779, 779F, n74"},"geometry":{"type":"LineString","coordinates":[[12.470151,41.809979],[12.470341,41.810016]]}},{"type":"Feature","properties":{"mode":"bus","n":7,"arr":["C1","C2","C3","C4","C5","C6","C7"],"lines":"C1, C2, C3, C4, C5, C6, C7"},"geometry":{"type":"LineString","coordinates":[[12.49313,42.011923],[12.493624,42.00987],[12.493624,42.00985],[12.493611,42.009835],[12.493587,42.009825],[12.493268,42.009759],[12.493243,42.009749],[12.493229,42.009734],[12.493226,42.009713],[12.493335,42.008815],[12.493373,42.008671],[12.493373,42.00865],[12.493362,42.008633],[12.493338,42.008621],[12.492601,42.008365],[12.491608,42.008055],[12.491587,42.008051],[12.49157,42.008053],[12.491557,42.008061],[12.491548,42.008075],[12.491189,42.008879],[12.490518,42.011613],[12.490508,42.011633],[12.490489,42.011648],[12.490462,42.011657],[12.490256,42.011698],[12.490085,42.011838],[12.489406,42.012639],[12.48903,42.013044],[12.488972,42.01308],[12.48883,42.013115],[12.488682,42.013094],[12.488568,42.013022],[12.488532,42.012973],[12.488515,42.012862],[12.488575,42.012758],[12.488684,42.012693],[12.488779,42.012679],[12.488816,42.012666],[12.48884,42.012642],[12.488874,42.012586],[12.489038,42.012138],[12.489404,42.01137],[12.489459,42.011175]]}},{"type":"Feature","properties":{"mode":"bus","n":7,"arr":["C1","C2","C3","C4","C5","C6","C7"],"lines":"C1, C2, C3, C4, C5, C6, C7"},"geometry":{"type":"LineString","coordinates":[[12.489794,42.010703],[12.489855,42.010743],[12.489888,42.010825],[12.489834,42.010976]]}},{"type":"Feature","properties":{"mode":"bus","n":7,"arr":["C1","C2","C3","C4","C5","C6","C7"],"lines":"C1, C2, C3, C4, C5, C6, C7"},"geometry":{"type":"LineString","coordinates":[[12.489834,42.010976],[12.489505,42.011101],[12.489475,42.011149],[12.489471,42.011158],[12.48947,42.011164],[12.489474,42.011166],[12.489482,42.011166],[12.489493,42.011163],[12.489781,42.011058],[12.489806,42.011044],[12.48982,42.011022],[12.489834,42.010976]]}},{"type":"Feature","properties":{"mode":"bus","n":7,"arr":["C1","C2","C3","C4","C5","C6","C7"],"lines":"C1, C2, C3, C4, C5, C6, C7"},"geometry":{"type":"LineString","coordinates":[[12.489571,42.011746],[12.489038,42.012138]]}},{"type":"Feature","properties":{"mode":"bus","n":7,"arr":["C1","C2","C3","C4","C5","C6","C7"],"lines":"C1, C2, C3, C4, C5, C6, C7"},"geometry":{"type":"LineString","coordinates":[[12.497175,42.019197],[12.496995,42.018692],[12.496994,42.018671],[12.497005,42.018656],[12.497029,42.018647],[12.497226,42.018605],[12.497644,42.018562],[12.498183,42.018542],[12.498843,42.018602],[12.499512,42.01873],[12.499661,42.018783],[12.499683,42.018796],[12.499691,42.018812],[12.499686,42.018832],[12.499452,42.01927],[12.499437,42.019287],[12.499416,42.019294],[12.499389,42.01929],[12.499025,42.019188],[12.498592,42.019113],[12.498063,42.019082],[12.497459,42.019136],[12.497175,42.019197],[12.4971,42.01922],[12.496877,42.019355],[12.496575,42.019707],[12.496474,42.019901],[12.496295,42.020148],[12.496181,42.020241],[12.495489,42.02049],[12.493708,42.020783],[12.493513,42.020794],[12.493277,42.020778],[12.493077,42.02072],[12.492909,42.020603],[12.492792,42.020485],[12.492731,42.020354],[12.492542,42.019478],[12.492556,42.019173]]}},{"type":"Feature","properties":{"mode":"bus","n":7,"arr":["C1","C2","C3","C4","C5","C6","C7"],"lines":"C1, C2, C3, C4, C5, C6, C7"},"geometry":{"type":"LineString","coordinates":[[12.501044,42.016031],[12.501074,42.016159],[12.501269,42.016327],[12.501992,42.016626]]}},{"type":"Feature","properties":{"mode":"bus","n":7,"arr":["C1","C2","C3","C4","C5","C6","C7"],"lines":"C1, C2, C3, C4, C5, C6, C7"},"geometry":{"type":"LineString","coordinates":[[12.501863,42.016576],[12.5013,42.017331],[12.501247,42.017364],[12.501217,42.017376],[12.501183,42.017376],[12.501116,42.017368],[12.500537,42.017156],[12.500051,42.01703],[12.49941,42.016933],[12.498717,42.016894],[12.49806,42.016926],[12.497445,42.01702],[12.49686,42.01717],[12.496346,42.017337],[12.496319,42.017341],[12.496295,42.017336],[12.496274,42.017321],[12.496046,42.017076],[12.496046,42.016768],[12.495651,42.016259],[12.495405,42.016047],[12.495067,42.015894],[12.494816,42.015836],[12.490171,42.015209],[12.490144,42.01521],[12.490125,42.015219],[12.490115,42.015238],[12.489706,42.016786],[12.489197,42.018156],[12.489213,42.018317],[12.489364,42.018767],[12.489468,42.018909],[12.489717,42.019054],[12.489932,42.019097],[12.491086,42.019078]]}},{"type":"Feature","properties":{"mode":"bus","n":7,"arr":["C1","C2","C3","C4","C5","C6","C7"],"lines":"C1, C2, C3, C4, C5, C6, C7"},"geometry":{"type":"LineString","coordinates":[[12.491231,42.01917],[12.491571,42.019226],[12.491616,42.019227],[12.491659,42.019214],[12.49177,42.019161],[12.491813,42.019148],[12.491858,42.019149],[12.49203,42.019178],[12.492308,42.019191],[12.492556,42.019173],[12.492892,42.019099],[12.493142,42.01901],[12.493449,42.018845],[12.493531,42.018767],[12.493783,42.018394],[12.494012,42.018122],[12.494533,42.017636],[12.494836,42.017412],[12.495338,42.0171],[12.495797,42.01687],[12.496432,42.016624],[12.497117,42.016446]]}},{"type":"Feature","properties":{"mode":"bus","n":5,"arr":["01","05","05B","062","n070"],"lines":"01, 05, 05B, 062, n070"},"geometry":{"type":"LineString","coordinates":[[12.283141,41.733089],[12.283264,41.733192]]}},{"type":"Feature","properties":{"mode":"bus","n":5,"arr":["01","05","05B","062","n070"],"lines":"01, 05, 05B, 062, n070"},"geometry":{"type":"LineString","coordinates":[[12.283975,41.732477],[12.284124,41.732594]]}},{"type":"Feature","properties":{"mode":"bus","n":9,"arr":["01","04","05","05B","06","014","062","n070","nME"],"lines":"01, 04, 05, 05B, 06, 014, 062, n070, nME"},"geometry":{"type":"LineString","coordinates":[[12.282816,41.732796],[12.283141,41.733089]]}},{"type":"Feature","properties":{"mode":"bus","n":9,"arr":["01","04","05","05B","06","014","062","n070","nME"],"lines":"01, 04, 05, 05B, 06, 014, 062, n070, nME"},"geometry":{"type":"LineString","coordinates":[[12.283674,41.732227],[12.283772,41.732329],[12.283975,41.732477]]}},{"type":"Feature","properties":{"mode":"bus","n":12,"arr":["01","04","05","05B","06","014","062","C4","C13","C19","n070","nME"],"lines":"01, 04, 05, 05B, 06, 014, 062, C4, C13, C19, n070, nME"},"geometry":{"type":"LineString","coordinates":[[12.282371,41.732107],[12.282816,41.732796]]}},{"type":"Feature","properties":{"mode":"bus","n":12,"arr":["01","04","05","05B","06","014","062","C4","C13","C19","n070","nME"],"lines":"01, 04, 05, 05B, 06, 014, 062, C4, C13, C19, n070, nME"},"geometry":{"type":"LineString","coordinates":[[12.283428,41.731765],[12.283674,41.732227]]}},{"type":"Feature","properties":{"mode":"bus","n":12,"arr":["01","04","05","05B","06","014","062","C4","C13","C19","n070","nME"],"lines":"01, 04, 05, 05B, 06, 014, 062, C4, C13, C19, n070, nME"},"geometry":{"type":"LineString","coordinates":[[12.283386,41.731682],[12.282328,41.732027]]}},{"type":"Feature","properties":{"mode":"bus","n":10,"arr":["01","04","05","05B","06","062","C4","C13","C19","nME"],"lines":"01, 04, 05, 05B, 06, 062, C4, C13, C19, nME"},"geometry":{"type":"LineString","coordinates":[[12.282371,41.732107],[12.280814,41.7326]]}},{"type":"Feature","properties":{"mode":"bus","n":10,"arr":["01","04","05","05B","06","062","C4","C13","C19","nME"],"lines":"01, 04, 05, 05B, 06, 062, C4, C13, C19, nME"},"geometry":{"type":"LineString","coordinates":[[12.282328,41.732027],[12.280935,41.732474]]}},{"type":"Feature","properties":{"mode":"bus","n":10,"arr":["01","04","05","05B","06","062","C4","C13","C19","nME"],"lines":"01, 04, 05, 05B, 06, 062, C4, C13, C19, nME"},"geometry":{"type":"LineString","coordinates":[[12.283386,41.731682],[12.283428,41.731765]]}},{"type":"Feature","properties":{"mode":"bus","n":7,"arr":["01","04","05B","06","062","C4","C13"],"lines":"01, 04, 05B, 06, 062, C4, C13"},"geometry":{"type":"LineString","coordinates":[[12.280935,41.732474],[12.280163,41.731097],[12.280152,41.731084],[12.280138,41.731076],[12.28012,41.731074],[12.2801,41.731078],[12.280016,41.731105],[12.279994,41.731116],[12.279985,41.731132],[12.279991,41.731152],[12.280814,41.7326]]}},{"type":"Feature","properties":{"mode":"bus","n":6,"arr":["01","04","05","C4","C19","nME"],"lines":"01, 04, 05, C4, C19, nME"},"geometry":{"type":"LineString","coordinates":[[12.276969,41.733784],[12.278876,41.733142]]}},{"type":"Feature","properties":{"mode":"bus","n":5,"arr":["2BUS","200","280","446","C3"],"lines":"2BUS, 200, 280, 446, C3"},"geometry":{"type":"LineString","coordinates":[[12.464548,41.930716],[12.46449,41.930656]]}},{"type":"Feature","properties":{"mode":"bus","n":5,"arr":["2BUS","200","280","446","C3"],"lines":"2BUS, 200, 280, 446, C3"},"geometry":{"type":"LineString","coordinates":[[12.464144,41.931006],[12.464099,41.930955]]}},{"type":"Feature","properties":{"mode":"bus","n":6,"arr":["2BUS","200","280","446","910","C3"],"lines":"2BUS, 200, 280, 446, 910, C3"},"geometry":{"type":"LineString","coordinates":[[12.464596,41.930767],[12.464548,41.930716]]}},{"type":"Feature","properties":{"mode":"bus","n":7,"arr":["2BUS","200","280","446","910","911","C3"],"lines":"2BUS, 200, 280, 446, 910, 911, C3"},"geometry":{"type":"LineString","coordinates":[[12.464652,41.930824],[12.464596,41.930767]]}},{"type":"Feature","properties":{"mode":"bus","n":8,"arr":["2BUS","200","226","280","446","910","911","C3"],"lines":"2BUS, 200, 226, 280, 446, 910, 911, C3"},"geometry":{"type":"LineString","coordinates":[[12.464702,41.930878],[12.464652,41.930824]]}},{"type":"Feature","properties":{"mode":"bus","n":9,"arr":["2BUS","200","201","226","280","446","910","911","C3"],"lines":"2BUS, 200, 201, 226, 280, 446, 910, 911, C3"},"geometry":{"type":"LineString","coordinates":[[12.464758,41.930937],[12.464702,41.930878]]}},{"type":"Feature","properties":{"mode":"bus","n":10,"arr":["2BUS","53","200","201","226","280","446","910","911","C3"],"lines":"2BUS, 53, 200, 201, 226, 280, 446, 910, 911, C3"},"geometry":{"type":"LineString","coordinates":[[12.464806,41.930988],[12.464758,41.930937]]}},{"type":"Feature","properties":{"mode":"bus","n":11,"arr":["2BUS","53","200","201","226","280","446","910","911","C3","n200"],"lines":"2BUS, 53, 200, 201, 226, 280, 446, 910, 911, C3, n200"},"geometry":{"type":"LineString","coordinates":[[12.464899,41.931106],[12.464806,41.930988]]}},{"type":"Feature","properties":{"mode":"bus","n":5,"arr":["2BUS","168","910","C2","C3"],"lines":"2BUS, 168, 910, C2, C3"},"geometry":{"type":"LineString","coordinates":[[12.464948,41.931152],[12.464899,41.931106]]}},{"type":"Feature","properties":{"mode":"bus","n":6,"arr":["2BUS","53","201","C2","C3","n201"],"lines":"2BUS, 53, 201, C2, C3, n201"},"geometry":{"type":"LineString","coordinates":[[12.463754,41.932232],[12.4643,41.932702],[12.464562,41.932986]]}},{"type":"Feature","properties":{"mode":"bus","n":7,"arr":["2BUS","53","201","C2","C3","G05","n201"],"lines":"2BUS, 53, 201, C2, C3, G05, n201"},"geometry":{"type":"LineString","coordinates":[[12.464936,41.933269],[12.463924,41.932542]]}},{"type":"Feature","properties":{"mode":"bus","n":7,"arr":["2BUS","53","201","C2","C3","G05","n201"],"lines":"2BUS, 53, 201, C2, C3, G05, n201"},"geometry":{"type":"LineString","coordinates":[[12.463754,41.932232],[12.463597,41.932097]]}},{"type":"Feature","properties":{"mode":"bus","n":8,"arr":["2BUS","53","201","C2","C3","G05","G50","n201"],"lines":"2BUS, 53, 201, C2, C3, G05, G50, n201"},"geometry":{"type":"LineString","coordinates":[[12.467462,41.934552],[12.467047,41.934413],[12.466809,41.934382],[12.466315,41.93418],[12.465829,41.933903],[12.464936,41.933269]]}},{"type":"Feature","properties":{"mode":"bus","n":7,"arr":["2BUS","53","201","C2","C3","G50","n201"],"lines":"2BUS, 53, 201, C2, C3, G50, n201"},"geometry":{"type":"LineString","coordinates":[[12.466612,41.934315],[12.466668,41.934197]]}},{"type":"Feature","properties":{"mode":"bus","n":5,"arr":["2BUS","C3","G04","n3s","n201"],"lines":"2BUS, C3, G04, n3s, n201"},"geometry":{"type":"LineString","coordinates":[[12.471003,41.923619],[12.472374,41.920247]]}},{"type":"Feature","properties":{"mode":"bus","n":7,"arr":["2BUS","19BUS","982","C3","G04","n3s","n201"],"lines":"2BUS, 19BUS, 982, C3, G04, n3s, n201"},"geometry":{"type":"LineString","coordinates":[[12.472374,41.920247],[12.472774,41.919223]]}},{"type":"Feature","properties":{"mode":"bus","n":7,"arr":["2BUS","19BUS","982","C3","G40","n3d","n201"],"lines":"2BUS, 19BUS, 982, C3, G40, n3d, n201"},"geometry":{"type":"LineString","coordinates":[[12.472993,41.918865],[12.473853,41.916808],[12.473854,41.916695],[12.473802,41.916621],[12.473797,41.916611],[12.473798,41.916603],[12.473806,41.916597],[12.47382,41.916593],[12.473885,41.916585],[12.473934,41.916542],[12.474488,41.915292],[12.474464,41.915197],[12.474446,41.915167],[12.474412,41.915146],[12.474329,41.915116],[12.473675,41.91498]]}},{"type":"Feature","properties":{"mode":"bus","n":15,"arr":["2BUS","61","89","120F","150F","160","490","495","590","628","C3","G04","G40","n201","nMA"],"lines":"2BUS, 61, 89, 120F, 150F, 160, 490, 495, 590, 628, C3, G04, G40, n201, nMA"},"geometry":{"type":"LineString","coordinates":[[12.473675,41.91498],[12.474934,41.911831]]}},{"type":"Feature","properties":{"mode":"bus","n":14,"arr":["2BUS","61","89","120F","150F","160","490","495","590","C3","G04","G40","n201","nMA"],"lines":"2BUS, 61, 89, 120F, 150F, 160, 490, 495, 590, C3, G04, G40, n201, nMA"},"geometry":{"type":"LineString","coordinates":[[12.474934,41.911831],[12.475016,41.911786],[12.475118,41.911778]]}},{"type":"Feature","properties":{"mode":"bus","n":5,"arr":["2BUS","C3","G40","n3d","n201"],"lines":"2BUS, C3, G40, n3d, n201"},"geometry":{"type":"LineString","coordinates":[[12.472006,41.923323],[12.472625,41.921551]]}},{"type":"Feature","properties":{"mode":"bus","n":6,"arr":["2BUS","201","C2","C3","G05","G50"],"lines":"2BUS, 201, C2, C3, G05, G50"},"geometry":{"type":"LineString","coordinates":[[12.467555,41.934585],[12.467462,41.934552]]}},{"type":"Feature","properties":{"mode":"bus","n":5,"arr":["201","C2","C3","G05","G50"],"lines":"201, C2, C3, G05, G50"},"geometry":{"type":"LineString","coordinates":[[12.46976,41.935048],[12.469161,41.934992],[12.468523,41.934897],[12.467555,41.934585]]}},{"type":"Feature","properties":{"mode":"bus","n":6,"arr":["2BUS","53","201","C2","C3","G05"],"lines":"2BUS, 53, 201, C2, C3, G05"},"geometry":{"type":"LineString","coordinates":[[12.463924,41.932542],[12.463764,41.932341],[12.463754,41.932232]]}},{"type":"Feature","properties":{"mode":"bus","n":14,"arr":["2BUS","53","168","200","201","226","280","446","910","911","C2","C3","G05","n200"],"lines":"2BUS, 53, 168, 200, 201, 226, 280, 446, 910, 911, C2, C3, G05, n200"},"geometry":{"type":"LineString","coordinates":[[12.463597,41.932097],[12.464368,41.931433]]}},{"type":"Feature","properties":{"mode":"bus","n":12,"arr":["2BUS","53","200","201","226","280","446","910","911","C3","G05","n200"],"lines":"2BUS, 53, 200, 201, 226, 280, 446, 910, 911, C3, G05, n200"},"geometry":{"type":"LineString","coordinates":[[12.464368,41.931433],[12.464371,41.931313],[12.464339,41.931228]]}},{"type":"Feature","properties":{"mode":"bus","n":11,"arr":["2BUS","53","200","201","226","280","446","910","911","C3","G05"],"lines":"2BUS, 53, 200, 201, 226, 280, 446, 910, 911, C3, G05"},"geometry":{"type":"LineString","coordinates":[[12.464339,41.931228],[12.464298,41.931177]]}},{"type":"Feature","properties":{"mode":"bus","n":10,"arr":["2BUS","200","201","226","280","446","910","911","C3","G05"],"lines":"2BUS, 200, 201, 226, 280, 446, 910, 911, C3, G05"},"geometry":{"type":"LineString","coordinates":[[12.464298,41.931177],[12.464242,41.931119]]}},{"type":"Feature","properties":{"mode":"bus","n":9,"arr":["2BUS","200","226","280","446","910","911","C3","G05"],"lines":"2BUS, 200, 226, 280, 446, 910, 911, C3, G05"},"geometry":{"type":"LineString","coordinates":[[12.464242,41.931119],[12.464194,41.931065]]}},{"type":"Feature","properties":{"mode":"bus","n":7,"arr":["2BUS","200","280","446","910","C3","G05"],"lines":"2BUS, 200, 280, 446, 910, C3, G05"},"geometry":{"type":"LineString","coordinates":[[12.464194,41.931065],[12.464144,41.931006]]}},{"type":"Feature","properties":{"mode":"bus","n":5,"arr":["03","04","08","065","712"],"lines":"03, 04, 08, 065, 712"},"geometry":{"type":"LineString","coordinates":[[12.355004,41.771687],[12.35559,41.770733]]}},{"type":"Feature","properties":{"mode":"bus","n":5,"arr":["03","04","08","065","712"],"lines":"03, 04, 08, 065, 712"},"geometry":{"type":"LineString","coordinates":[[12.353823,41.773518],[12.353946,41.773327]]}},{"type":"Feature","properties":{"mode":"bus","n":5,"arr":["3BUS","3L","228","766","774"],"lines":"3BUS, 3L, 228, 766, 774"},"geometry":{"type":"LineString","coordinates":[[12.466127,41.873155],[12.466185,41.873131]]}},{"type":"Feature","properties":{"mode":"bus","n":5,"arr":["3BUS","3L","228","766","774"],"lines":"3BUS, 3L, 228, 766, 774"},"geometry":{"type":"LineString","coordinates":[[12.466181,41.872775],[12.466348,41.87279]]}},{"type":"Feature","properties":{"mode":"bus","n":7,"arr":["3BUS","3L","228","766","774","871","n719"],"lines":"3BUS, 3L, 228, 766, 774, 871, n719"},"geometry":{"type":"LineString","coordinates":[[12.466026,41.873288],[12.466074,41.873193],[12.466127,41.873155]]}},{"type":"Feature","properties":{"mode":"bus","n":7,"arr":["3BUS","3L","228","766","774","871","n719"],"lines":"3BUS, 3L, 228, 766, 774, 871, n719"},"geometry":{"type":"LineString","coordinates":[[12.466091,41.872767],[12.466181,41.872775]]}},{"type":"Feature","properties":{"mode":"bus","n":8,"arr":["3BUS","3L","228","766","774","871","n719","n781"],"lines":"3BUS, 3L, 228, 766, 774, 871, n719, n781"},"geometry":{"type":"LineString","coordinates":[[12.466024,41.873295],[12.466026,41.873288]]}},{"type":"Feature","properties":{"mode":"bus","n":11,"arr":["3BUS","3L","228","766","773","774","786","786F","871","n719","n781"],"lines":"3BUS, 3L, 228, 766, 773, 774, 786, 786F, 871, n719, n781"},"geometry":{"type":"LineString","coordinates":[[12.466007,41.873507],[12.466024,41.873295]]}},{"type":"Feature","properties":{"mode":"bus","n":11,"arr":["3BUS","3L","228","766","773","774","786","786F","871","n719","n781"],"lines":"3BUS, 3L, 228, 766, 773, 774, 786, 786F, 871, n719, n781"},"geometry":{"type":"LineString","coordinates":[[12.466007,41.87276],[12.466091,41.872767]]}},{"type":"Feature","properties":{"mode":"bus","n":13,"arr":["3BUS","3L","8BUS","228","773","774","786","786F","871","C6","H","n8","n719"],"lines":"3BUS, 3L, 8BUS, 228, 773, 774, 786, 786F, 871, C6, H, n8, n719"},"geometry":{"type":"LineString","coordinates":[[12.466007,41.873507],[12.465993,41.873669]]}},{"type":"Feature","properties":{"mode":"bus","n":7,"arr":["3BUS","3L","8BUS","170","781","H","n8"],"lines":"3BUS, 3L, 8BUS, 170, 781, H, n8"},"geometry":{"type":"LineString","coordinates":[[12.465895,41.875652],[12.466051,41.873883],[12.466036,41.873751],[12.465993,41.873669]]}},{"type":"Feature","properties":{"mode":"bus","n":7,"arr":["3BUS","3L","8BUS","170","781","H","n8"],"lines":"3BUS, 3L, 8BUS, 170, 781, H, n8"},"geometry":{"type":"LineString","coordinates":[[12.465635,41.876853],[12.465753,41.87553]]}},{"type":"Feature","properties":{"mode":"bus","n":5,"arr":["3BUS","3L","8BUS","H","n8"],"lines":"3BUS, 3L, 8BUS, H, n8"},"geometry":{"type":"LineString","coordinates":[[12.465809,41.876717],[12.465895,41.875652]]}},{"type":"Feature","properties":{"mode":"bus","n":5,"arr":["3BUS","3L","8BUS","H","n8"],"lines":"3BUS, 3L, 8BUS, H, n8"},"geometry":{"type":"LineString","coordinates":[[12.469882,41.883983],[12.46778,41.881539],[12.467065,41.880383],[12.465744,41.878575],[12.465687,41.878432],[12.465671,41.878242],[12.465799,41.876842]]}},{"type":"Feature","properties":{"mode":"bus","n":5,"arr":["3BUS","3L","8BUS","H","n8"],"lines":"3BUS, 3L, 8BUS, H, n8"},"geometry":{"type":"LineString","coordinates":[[12.470802,41.885267],[12.469841,41.884143]]}},{"type":"Feature","properties":{"mode":"bus","n":5,"arr":["3BUS","3L","8BUS","H","n8"],"lines":"3BUS, 3L, 8BUS, H, n8"},"geometry":{"type":"LineString","coordinates":[[12.465628,41.876934],[12.465635,41.876853]]}},{"type":"Feature","properties":{"mode":"bus","n":6,"arr":["3BUS","3L","8BUS","170","H","n8"],"lines":"3BUS, 3L, 8BUS, 170, H, n8"},"geometry":{"type":"LineString","coordinates":[[12.465799,41.876842],[12.465809,41.876717]]}},{"type":"Feature","properties":{"mode":"bus","n":6,"arr":["3BUS","3L","8BUS","H","n3s","n8"],"lines":"3BUS, 3L, 8BUS, H, n3s, n8"},"geometry":{"type":"LineString","coordinates":[[12.46997,41.884085],[12.469882,41.883983]]}},{"type":"Feature","properties":{"mode":"bus","n":9,"arr":["3BUS","3L","8BUS","44","75","115","H","n3s","n8"],"lines":"3BUS, 3L, 8BUS, 44, 75, 115, H, n3s, n8"},"geometry":{"type":"LineString","coordinates":[[12.471076,41.885339],[12.46997,41.884085]]}},{"type":"Feature","properties":{"mode":"bus","n":6,"arr":["3BUS","3L","44","75","n3d","n3s"],"lines":"3BUS, 3L, 44, 75, n3d, n3s"},"geometry":{"type":"LineString","coordinates":[[12.471076,41.885339],[12.472353,41.88472],[12.473115,41.884226],[12.473268,41.884211],[12.473574,41.884284],[12.473771,41.884222],[12.474178,41.883936],[12.47472,41.883618]]}},{"type":"Feature","properties":{"mode":"bus","n":8,"arr":["3BUS","3L","23","44","75","280","n3d","n3s"],"lines":"3BUS, 3L, 23, 44, 75, 280, n3d, n3s"},"geometry":{"type":"LineString","coordinates":[[12.47472,41.883618],[12.475726,41.882835]]}},{"type":"Feature","properties":{"mode":"bus","n":6,"arr":["3BUS","3L","23","75","280","n3s"],"lines":"3BUS, 3L, 23, 75, 280, n3s"},"geometry":{"type":"LineString","coordinates":[[12.476883,41.881788],[12.476505,41.882306],[12.475726,41.882835]]}},{"type":"Feature","properties":{"mode":"bus","n":10,"arr":["3BUS","3L","23","30","75","280","716","F10","n3s","nME"],"lines":"3BUS, 3L, 23, 30, 75, 280, 716, F10, n3s, nME"},"geometry":{"type":"LineString","coordinates":[[12.479056,41.878651],[12.476883,41.881788]]}},{"type":"Feature","properties":{"mode":"bus","n":11,"arr":["3BUS","3L","23","30","75","280","719","775","F10","n3s","nME"],"lines":"3BUS, 3L, 23, 30, 75, 280, 719, 775, F10, n3s, nME"},"geometry":{"type":"LineString","coordinates":[[12.479056,41.878651],[12.479156,41.878652]]}},{"type":"Feature","properties":{"mode":"bus","n":15,"arr":["3BUS","3L","23","30","75","280","716","719","775","F01","F10","n3d","n3s","n716","nME"],"lines":"3BUS, 3L, 23, 30, 75, 280, 716, 719, 775, F01, F10, n3d, n3s, n716, nME"},"geometry":{"type":"LineString","coordinates":[[12.479156,41.878652],[12.47951,41.878137],[12.479612,41.87803],[12.480711,41.877202],[12.480833,41.877138],[12.480973,41.877098]]}},{"type":"Feature","properties":{"mode":"bus","n":13,"arr":["3BUS","3L","23","30","75","280","775","F01","F10","n3d","n3s","n716","nME"],"lines":"3BUS, 3L, 23, 30, 75, 280, 775, F01, F10, n3d, n3s, n716, nME"},"geometry":{"type":"LineString","coordinates":[[12.481019,41.877088],[12.480973,41.877098]]}},{"type":"Feature","properties":{"mode":"bus","n":13,"arr":["23","30","77","83","96","280","715","780","F01","n3d","n716","nMB","nME"],"lines":"23, 30, 77, 83, 96, 280, 715, 780, F01, n3d, n716, nMB, nME"},"geometry":{"type":"LineString","coordinates":[[12.481019,41.877088],[12.481027,41.877099]]}},{"type":"Feature","properties":{"mode":"bus","n":18,"arr":["3BUS","3L","23","30","75","77","83","96","280","715","780","F01","F10","n3d","n3s","n716","nMB","nME"],"lines":"3BUS, 3L, 23, 30, 75, 77, 83, 96, 280, 715, 780, F01, F10, n3d, n3s, n716, nMB, nME"},"geometry":{"type":"LineString","coordinates":[[12.480968,41.877032],[12.481019,41.877088]]}},{"type":"Feature","properties":{"mode":"bus","n":15,"arr":["23","30","77","83","96","280","715","775","780","F10","n3d","n3s","n716","nMB","nME"],"lines":"23, 30, 77, 83, 96, 280, 715, 775, 780, F10, n3d, n3s, n716, nMB, nME"},"geometry":{"type":"LineString","coordinates":[[12.480868,41.876915],[12.480968,41.877032]]}},{"type":"Feature","properties":{"mode":"bus","n":14,"arr":["23","30","77","83","96","280","715","716","719","780","F01","n3d","n716","nME"],"lines":"23, 30, 77, 83, 96, 280, 715, 716, 719, 780, F01, n3d, n716, nME"},"geometry":{"type":"LineString","coordinates":[[12.48172,41.877353],[12.481744,41.87736],[12.481754,41.877366],[12.48176,41.877374],[12.481766,41.877399]]}},{"type":"Feature","properties":{"mode":"bus","n":18,"arr":["3BUS","3L","23","30","75","77","83","96","280","715","716","719","775","780","F01","n3d","n716","nME"],"lines":"3BUS, 3L, 23, 30, 75, 77, 83, 96, 280, 715, 716, 719, 775, 780, F01, n3d, n716, nME"},"geometry":{"type":"LineString","coordinates":[[12.481938,41.877395],[12.481757,41.877364]]}},{"type":"Feature","properties":{"mode":"bus","n":13,"arr":["3BUS","3L","75","77","83","96","716","719","780","F01","n3d","n3s","nMB"],"lines":"3BUS, 3L, 75, 77, 83, 96, 716, 719, 780, F01, n3d, n3s, nMB"},"geometry":{"type":"LineString","coordinates":[[12.481938,41.877395],[12.481943,41.877409]]}},{"type":"Feature","properties":{"mode":"bus","n":12,"arr":["3BUS","3L","75","77","83","96","716","719","780","F01","n3s","nMB"],"lines":"3BUS, 3L, 75, 77, 83, 96, 716, 719, 780, F01, n3s, nMB"},"geometry":{"type":"LineString","coordinates":[[12.481943,41.877409],[12.481965,41.87745]]}},{"type":"Feature","properties":{"mode":"bus","n":5,"arr":["3BUS","3L","75","n3s","nMB"],"lines":"3BUS, 3L, 75, n3s, nMB"},"geometry":{"type":"LineString","coordinates":[[12.484406,41.880543],[12.483629,41.879922],[12.483467,41.879753],[12.483266,41.879476],[12.481965,41.87745]]}},{"type":"Feature","properties":{"mode":"bus","n":5,"arr":["3BUS","3L","51","81","628"],"lines":"3BUS, 3L, 51, 81, 628"},"geometry":{"type":"LineString","coordinates":[[12.488045,41.883544],[12.487947,41.883463]]}},{"type":"Feature","properties":{"mode":"bus","n":6,"arr":["3L","51","75","C3","n3s","nMB"],"lines":"3L, 51, 75, C3, n3s, nMB"},"geometry":{"type":"LineString","coordinates":[[12.493681,41.889138],[12.493608,41.889086]]}},{"type":"Feature","properties":{"mode":"bus","n":9,"arr":["3BUS","51","75","81","85","C3","n3s","nMB","nMC"],"lines":"3BUS, 51, 75, 81, 85, C3, n3s, nMB, nMC"},"geometry":{"type":"LineString","coordinates":[[12.492926,41.889165],[12.491815,41.889183],[12.491373,41.889113],[12.490986,41.888965],[12.490476,41.888581],[12.490386,41.888414],[12.489454,41.8852],[12.489408,41.884959]]}},{"type":"Feature","properties":{"mode":"bus","n":8,"arr":["3BUS","51","75","81","C3","n3s","nMB","nMC"],"lines":"3BUS, 51, 75, 81, C3, n3s, nMB, nMC"},"geometry":{"type":"LineString","coordinates":[[12.493608,41.889086],[12.492926,41.889165]]}},{"type":"Feature","properties":{"mode":"bus","n":5,"arr":["3BUS","3L","81","117","nMC"],"lines":"3BUS, 3L, 81, 117, nMC"},"geometry":{"type":"LineString","coordinates":[[12.493715,41.889073],[12.493681,41.889138]]}},{"type":"Feature","properties":{"mode":"bus","n":9,"arr":["3BUS","3L","51","75","85","87","117","C3","n3d"],"lines":"3BUS, 3L, 51, 75, 85, 87, 117, C3, n3d"},"geometry":{"type":"LineString","coordinates":[[12.493681,41.889138],[12.493943,41.889528],[12.49419,41.890131]]}},{"type":"Feature","properties":{"mode":"bus","n":7,"arr":["3BUS","3L","51","75","85","87","C3"],"lines":"3BUS, 3L, 51, 75, 85, 87, C3"},"geometry":{"type":"LineString","coordinates":[[12.49419,41.890131],[12.49429,41.890194],[12.494389,41.890391],[12.494479,41.89044],[12.494557,41.890454]]}},{"type":"Feature","properties":{"mode":"bus","n":9,"arr":["3BUS","3L","51","75","85","87","C3","n3d","n3s"],"lines":"3BUS, 3L, 51, 75, 85, 87, C3, n3d, n3s"},"geometry":{"type":"LineString","coordinates":[[12.498385,41.889721],[12.494557,41.890454]]}},{"type":"Feature","properties":{"mode":"bus","n":5,"arr":["3BUS","3L","51","87","n3s"],"lines":"3BUS, 3L, 51, 87, n3s"},"geometry":{"type":"LineString","coordinates":[[12.50342,41.889356],[12.502812,41.889174],[12.502203,41.889095]]}},{"type":"Feature","properties":{"mode":"bus","n":8,"arr":["3BUS","3L","51","360","590","n3d","n3s","nMA"],"lines":"3BUS, 3L, 51, 360, 590, n3d, n3s, nMA"},"geometry":{"type":"LineString","coordinates":[[12.507459,41.888935],[12.506717,41.890368]]}},{"type":"Feature","properties":{"mode":"bus","n":7,"arr":["3BUS","3L","51","360","590","n3d","nMA"],"lines":"3BUS, 3L, 51, 360, 590, n3d, nMA"},"geometry":{"type":"LineString","coordinates":[[12.508737,41.886475],[12.507459,41.888935]]}},{"type":"Feature","properties":{"mode":"bus","n":7,"arr":["3BUS","3L","51","360","590","n3d","nMA"],"lines":"3BUS, 3L, 51, 360, 590, n3d, nMA"},"geometry":{"type":"LineString","coordinates":[[12.506717,41.890368],[12.50669,41.89042]]}},{"type":"Feature","properties":{"mode":"bus","n":7,"arr":["3BUS","3L","51","360","590","n3s","nMA"],"lines":"3BUS, 3L, 51, 360, 590, n3s, nMA"},"geometry":{"type":"LineString","coordinates":[[12.508365,41.886999],[12.507391,41.888894],[12.507388,41.888903],[12.50739,41.888911],[12.507396,41.888917],[12.507408,41.888921],[12.507459,41.888935]]}},{"type":"Feature","properties":{"mode":"bus","n":9,"arr":["3BUS","3L","51","218","360","590","792","n3s","nMA"],"lines":"3BUS, 3L, 51, 218, 360, 590, 792, n3s, nMA"},"geometry":{"type":"LineString","coordinates":[[12.508737,41.886475],[12.508635,41.886544],[12.508559,41.886637],[12.508365,41.886999]]}},{"type":"Feature","properties":{"mode":"bus","n":11,"arr":["3BUS","3NAV","5BUS","14BUS","19BUS","105","A10","n3s","n5","n11","n543"],"lines":"3BUS, 3NAV, 5BUS, 14BUS, 19BUS, 105, A10, n3s, n5, n11, n543"},"geometry":{"type":"LineString","coordinates":[[12.515364,41.890991],[12.515146,41.89071],[12.514989,41.890627]]}},{"type":"Feature","properties":{"mode":"bus","n":11,"arr":["3BUS","3NAV","5BUS","14BUS","19BUS","105","A10","n3s","n5","n11","n543"],"lines":"3BUS, 3NAV, 5BUS, 14BUS, 19BUS, 105, A10, n3s, n5, n11, n543"},"geometry":{"type":"LineString","coordinates":[[12.51607,41.891612],[12.515996,41.891594],[12.515922,41.891542]]}},{"type":"Feature","properties":{"mode":"bus","n":10,"arr":["3BUS","3NAV","5BUS","14BUS","19BUS","105","A10","n3s","n5","n543"],"lines":"3BUS, 3NAV, 5BUS, 14BUS, 19BUS, 105, A10, n3s, n5, n543"},"geometry":{"type":"LineString","coordinates":[[12.515364,41.890991],[12.515585,41.891157]]}},{"type":"Feature","properties":{"mode":"bus","n":9,"arr":["3BUS","3NAV","5BUS","14BUS","19BUS","A10","n3s","n5","n543"],"lines":"3BUS, 3NAV, 5BUS, 14BUS, 19BUS, A10, n3s, n5, n543"},"geometry":{"type":"LineString","coordinates":[[12.515585,41.891157],[12.515902,41.891518]]}},{"type":"Feature","properties":{"mode":"bus","n":10,"arr":["3BUS","3NAV","5BUS","14BUS","19BUS","A10","n3s","n5","n11","n543"],"lines":"3BUS, 3NAV, 5BUS, 14BUS, 19BUS, A10, n3s, n5, n11, n543"},"geometry":{"type":"LineString","coordinates":[[12.515922,41.891542],[12.515902,41.891518]]}},{"type":"Feature","properties":{"mode":"bus","n":8,"arr":["3BUS","3NAV","5BUS","19BUS","105","150F","n3s","n11"],"lines":"3BUS, 3NAV, 5BUS, 19BUS, 105, 150F, n3s, n11"},"geometry":{"type":"LineString","coordinates":[[12.516082,41.891672],[12.51607,41.891612]]}},{"type":"Feature","properties":{"mode":"bus","n":7,"arr":["3BUS","3NAV","19BUS","105","150F","n3s","n11"],"lines":"3BUS, 3NAV, 19BUS, 105, 150F, n3s, n11"},"geometry":{"type":"LineString","coordinates":[[12.515999,41.891921],[12.51607,41.891821],[12.516082,41.891672]]}},{"type":"Feature","properties":{"mode":"bus","n":13,"arr":["3BUS","3L","3NAV","5BUS","14BUS","19BUS","105","150F","A01","n3s","n5","n11","n543"],"lines":"3BUS, 3L, 3NAV, 5BUS, 14BUS, 19BUS, 105, 150F, A01, n3s, n5, n11, n543"},"geometry":{"type":"LineString","coordinates":[[12.515493,41.892227],[12.515999,41.891921]]}},{"type":"Feature","properties":{"mode":"bus","n":8,"arr":["3BUS","3NAV","19BUS","71","492","C2","C3","n3d"],"lines":"3BUS, 3NAV, 19BUS, 71, 492, C2, C3, n3d"},"geometry":{"type":"LineString","coordinates":[[12.518728,41.90183],[12.518819,41.901946]]}},{"type":"Feature","properties":{"mode":"bus","n":7,"arr":["3BUS","3NAV","19BUS","71","88","448","545"],"lines":"3BUS, 3NAV, 19BUS, 71, 88, 448, 545"},"geometry":{"type":"LineString","coordinates":[[12.518819,41.901946],[12.519062,41.90226]]}},{"type":"Feature","properties":{"mode":"bus","n":8,"arr":["3BUS","3NAV","19BUS","71","88","163","448","545"],"lines":"3BUS, 3NAV, 19BUS, 71, 88, 163, 448, 545"},"geometry":{"type":"LineString","coordinates":[[12.519062,41.90226],[12.519239,41.902489],[12.519332,41.902671]]}},{"type":"Feature","properties":{"mode":"bus","n":9,"arr":["3BUS","3NAV","19BUS","71","88","163","448","545","n3d"],"lines":"3BUS, 3NAV, 19BUS, 71, 88, 163, 448, 545, n3d"},"geometry":{"type":"LineString","coordinates":[[12.519332,41.902671],[12.519318,41.902781]]}},{"type":"Feature","properties":{"mode":"bus","n":5,"arr":["3BUS","19BUS","88","n3d","n3s"],"lines":"3BUS, 19BUS, 88, n3d, n3s"},"geometry":{"type":"LineString","coordinates":[[12.519318,41.902781],[12.519273,41.902847],[12.519118,41.902971]]}},{"type":"Feature","properties":{"mode":"bus","n":6,"arr":["3BUS","3NAV","19BUS","88","n3d","n3s"],"lines":"3BUS, 3NAV, 19BUS, 88, n3d, n3s"},"geometry":{"type":"LineString","coordinates":[[12.515664,41.9057],[12.519118,41.902971]]}},{"type":"Feature","properties":{"mode":"bus","n":6,"arr":["3BUS","3NAV","19BUS","88","n3d","n3s"],"lines":"3BUS, 3NAV, 19BUS, 88, n3d, n3s"},"geometry":{"type":"LineString","coordinates":[[12.511856,41.908765],[12.508705,41.91129]]}},{"type":"Feature","properties":{"mode":"bus","n":6,"arr":["3BUS","3NAV","19BUS","88","n3d","n3s"],"lines":"3BUS, 3NAV, 19BUS, 88, n3d, n3s"},"geometry":{"type":"LineString","coordinates":[[12.506689,41.91291],[12.506737,41.912872]]}},{"type":"Feature","properties":{"mode":"bus","n":6,"arr":["3BUS","3NAV","19BUS","88","n3d","n3s"],"lines":"3BUS, 3NAV, 19BUS, 88, n3d, n3s"},"geometry":{"type":"LineString","coordinates":[[12.504487,41.914683],[12.506647,41.912944]]}},{"type":"Feature","properties":{"mode":"bus","n":6,"arr":["3BUS","3NAV","19BUS","88","n3d","n3s"],"lines":"3BUS, 3NAV, 19BUS, 88, n3d, n3s"},"geometry":{"type":"LineString","coordinates":[[12.507505,41.912255],[12.507449,41.912218]]}},{"type":"Feature","properties":{"mode":"bus","n":5,"arr":["3BUS","3NAV","19BUS","88","n3s"],"lines":"3BUS, 3NAV, 19BUS, 88, n3s"},"geometry":{"type":"LineString","coordinates":[[12.515664,41.9057],[12.511856,41.908765]]}},{"type":"Feature","properties":{"mode":"bus","n":5,"arr":["3BUS","3NAV","19BUS","88","n3s"],"lines":"3BUS, 3NAV, 19BUS, 88, n3s"},"geometry":{"type":"LineString","coordinates":[[12.506737,41.912872],[12.507505,41.912255]]}},{"type":"Feature","properties":{"mode":"bus","n":5,"arr":["3BUS","3NAV","19BUS","88","n3d"],"lines":"3BUS, 3NAV, 19BUS, 88, n3d"},"geometry":{"type":"LineString","coordinates":[[12.507505,41.912255],[12.508705,41.91129]]}},{"type":"Feature","properties":{"mode":"bus","n":5,"arr":["3BUS","3NAV","19BUS","88","n3d"],"lines":"3BUS, 3NAV, 19BUS, 88, n3d"},"geometry":{"type":"LineString","coordinates":[[12.507449,41.912218],[12.506672,41.912824]]}},{"type":"Feature","properties":{"mode":"bus","n":5,"arr":["3BUS","3NAV","19BUS","88","n3d"],"lines":"3BUS, 3NAV, 19BUS, 88, n3d"},"geometry":{"type":"LineString","coordinates":[[12.511856,41.908765],[12.51182,41.908743],[12.511813,41.908737],[12.51181,41.908731],[12.511812,41.908724],[12.511818,41.908717],[12.515208,41.90598],[12.515585,41.905653]]}},{"type":"Feature","properties":{"mode":"bus","n":7,"arr":["3BUS","3NAV","19BUS","82","88","n3d","n3s"],"lines":"3BUS, 3NAV, 19BUS, 82, 88, n3d, n3s"},"geometry":{"type":"LineString","coordinates":[[12.506647,41.912944],[12.506689,41.91291]]}},{"type":"Feature","properties":{"mode":"bus","n":5,"arr":["3BUS","3NAV","19BUS","n3d","n3s"],"lines":"3BUS, 3NAV, 19BUS, n3d, n3s"},"geometry":{"type":"LineString","coordinates":[[12.500736,41.917612],[12.502968,41.915813],[12.502981,41.915806],[12.502994,41.915806],[12.503008,41.915812],[12.503026,41.915823],[12.50304,41.915829],[12.503053,41.915829],[12.503066,41.915822],[12.504487,41.914683]]}},{"type":"Feature","properties":{"mode":"bus","n":5,"arr":["3BUS","3NAV","19BUS","n3d","n3s"],"lines":"3BUS, 3NAV, 19BUS, n3d, n3s"},"geometry":{"type":"LineString","coordinates":[[12.497637,41.920176],[12.500199,41.918115]]}},{"type":"Feature","properties":{"mode":"bus","n":5,"arr":["3BUS","3NAV","19BUS","52","n3s"],"lines":"3BUS, 3NAV, 19BUS, 52, n3s"},"geometry":{"type":"LineString","coordinates":[[12.496484,41.920941],[12.496524,41.92097]]}},{"type":"Feature","properties":{"mode":"bus","n":8,"arr":["3BUS","3NAV","19BUS","52","53","360","n3d","n3s"],"lines":"3BUS, 3NAV, 19BUS, 52, 53, 360, n3d, n3s"},"geometry":{"type":"LineString","coordinates":[[12.492479,41.922401],[12.492782,41.922302],[12.492926,41.922207],[12.496154,41.921095],[12.496484,41.920941]]}},{"type":"Feature","properties":{"mode":"bus","n":9,"arr":["3BUS","3NAV","19BUS","52","53","168","223","360","n3s"],"lines":"3BUS, 3NAV, 19BUS, 52, 53, 168, 223, 360, n3s"},"geometry":{"type":"LineString","coordinates":[[12.492479,41.922401],[12.492441,41.922369]]}},{"type":"Feature","properties":{"mode":"bus","n":8,"arr":["3BUS","3NAV","19BUS","52","168","223","360","n3s"],"lines":"3BUS, 3NAV, 19BUS, 52, 168, 223, 360, n3s"},"geometry":{"type":"LineString","coordinates":[[12.492441,41.922369],[12.492375,41.922295],[12.492327,41.922184],[12.492315,41.921626]]}},{"type":"Feature","properties":{"mode":"bus","n":7,"arr":["3BUS","3NAV","19BUS","52","168","223","n3s"],"lines":"3BUS, 3NAV, 19BUS, 52, 168, 223, n3s"},"geometry":{"type":"LineString","coordinates":[[12.492315,41.921626],[12.492314,41.92155]]}},{"type":"Feature","properties":{"mode":"bus","n":5,"arr":["3BUS","3NAV","19BUS","223","910"],"lines":"3BUS, 3NAV, 19BUS, 223, 910"},"geometry":{"type":"LineString","coordinates":[[12.491822,41.920784],[12.491725,41.920684],[12.4911,41.91968],[12.490423,41.919106],[12.49025,41.919012],[12.490236,41.919002],[12.490231,41.918992],[12.490237,41.918982],[12.490252,41.918972],[12.490406,41.918901]]}},{"type":"Feature","properties":{"mode":"bus","n":5,"arr":["3BUS","3NAV","19BUS","52","360"],"lines":"3BUS, 3NAV, 19BUS, 52, 360"},"geometry":{"type":"LineString","coordinates":[[12.492315,41.921626],[12.492404,41.921551]]}},{"type":"Feature","properties":{"mode":"bus","n":6,"arr":["3BUS","3NAV","19BUS","53","360","n3d"],"lines":"3BUS, 3NAV, 19BUS, 53, 360, n3d"},"geometry":{"type":"LineString","coordinates":[[12.496484,41.920941],[12.496964,41.920624],[12.497587,41.920144]]}},{"type":"Feature","properties":{"mode":"bus","n":5,"arr":["3BUS","3NAV","19BUS","53","n3d"],"lines":"3BUS, 3NAV, 19BUS, 53, n3d"},"geometry":{"type":"LineString","coordinates":[[12.497587,41.920144],[12.497621,41.920167]]}},{"type":"Feature","properties":{"mode":"bus","n":8,"arr":["3BUS","3NAV","19BUS","63","83","92","n3d","n92"],"lines":"3BUS, 3NAV, 19BUS, 63, 83, 92, n3d, n92"},"geometry":{"type":"LineString","coordinates":[[12.500143,41.918077],[12.500186,41.918106]]}},{"type":"Feature","properties":{"mode":"bus","n":9,"arr":["3BUS","3NAV","19BUS","63","83","92","n3d","n3s","n92"],"lines":"3BUS, 3NAV, 19BUS, 63, 83, 92, n3d, n3s, n92"},"geometry":{"type":"LineString","coordinates":[[12.500186,41.918106],[12.500199,41.918115]]}},{"type":"Feature","properties":{"mode":"bus","n":7,"arr":["3BUS","3NAV","60","82","88","n66","n90"],"lines":"3BUS, 3NAV, 60, 82, 88, n66, n90"},"geometry":{"type":"LineString","coordinates":[[12.506626,41.912866],[12.506585,41.912905]]}},{"type":"Feature","properties":{"mode":"bus","n":6,"arr":["3BUS","3NAV","19BUS","88","310","n3d"],"lines":"3BUS, 3NAV, 19BUS, 88, 310, n3d"},"geometry":{"type":"LineString","coordinates":[[12.515585,41.905653],[12.515664,41.9057]]}},{"type":"Feature","properties":{"mode":"bus","n":6,"arr":["88","448","492","C2","C3","n3s"],"lines":"88, 448, 492, C2, C3, n3s"},"geometry":{"type":"LineString","coordinates":[[12.519384,41.902358],[12.519422,41.902711]]}},{"type":"Feature","properties":{"mode":"bus","n":7,"arr":["88","448","492","545","C2","C3","n3s"],"lines":"88, 448, 492, 545, C2, C3, n3s"},"geometry":{"type":"LineString","coordinates":[[12.519422,41.902711],[12.519412,41.902782]]}},{"type":"Feature","properties":{"mode":"bus","n":8,"arr":["88","163","448","492","545","C2","C3","n3s"],"lines":"88, 163, 448, 492, 545, C2, C3, n3s"},"geometry":{"type":"LineString","coordinates":[[12.519412,41.902782],[12.519401,41.902815]]}},{"type":"Feature","properties":{"mode":"bus","n":12,"arr":["3BUS","3NAV","71","88","163","448","492","542","545","C2","C3","n3s"],"lines":"3BUS, 3NAV, 71, 88, 163, 448, 492, 542, 545, C2, C3, n3s"},"geometry":{"type":"LineString","coordinates":[[12.519339,41.90279],[12.519401,41.902815]]}},{"type":"Feature","properties":{"mode":"bus","n":14,"arr":["3BUS","3NAV","19BUS","71","88","163","448","492","542","545","C2","C3","n3d","n3s"],"lines":"3BUS, 3NAV, 19BUS, 71, 88, 163, 448, 492, 542, 545, C2, C3, n3d, n3s"},"geometry":{"type":"LineString","coordinates":[[12.519318,41.902781],[12.519339,41.90279]]}},{"type":"Feature","properties":{"mode":"bus","n":12,"arr":["3BUS","3L","3NAV","14BUS","19BUS","105","150F","A01","n3d","n5","n11","n543"],"lines":"3BUS, 3L, 3NAV, 14BUS, 19BUS, 105, 150F, A01, n3d, n5, n11, n543"},"geometry":{"type":"LineString","coordinates":[[12.514867,41.892233],[12.514553,41.892091],[12.514166,41.891827],[12.514111,41.891759],[12.514103,41.891621]]}},{"type":"Feature","properties":{"mode":"bus","n":8,"arr":["5BUS","14BUS","105","150F","A10","n5","n11","n543"],"lines":"5BUS, 14BUS, 105, 150F, A10, n5, n11, n543"},"geometry":{"type":"LineString","coordinates":[[12.513983,41.891769],[12.513838,41.891832],[12.510732,41.892845],[12.509728,41.893151]]}},{"type":"Feature","properties":{"mode":"bus","n":9,"arr":["5BUS","14BUS","105","150F","A01","A10","n5","n11","n543"],"lines":"5BUS, 14BUS, 105, 150F, A01, A10, n5, n11, n543"},"geometry":{"type":"LineString","coordinates":[[12.514103,41.891621],[12.514062,41.891702],[12.513983,41.891769]]}},{"type":"Feature","properties":{"mode":"bus","n":13,"arr":["3BUS","3L","3NAV","5BUS","14BUS","19BUS","105","150F","A10","n3d","n5","n11","n543"],"lines":"3BUS, 3L, 3NAV, 5BUS, 14BUS, 19BUS, 105, 150F, A10, n3d, n5, n11, n543"},"geometry":{"type":"LineString","coordinates":[[12.514103,41.891621],[12.514108,41.891389],[12.514189,41.891108],[12.514179,41.890958],[12.514475,41.890662]]}},{"type":"Feature","properties":{"mode":"bus","n":10,"arr":["3BUS","3L","51","75","85","87","117","C3","n3d","nMB"],"lines":"3BUS, 3L, 51, 75, 85, 87, 117, C3, n3d, nMB"},"geometry":{"type":"LineString","coordinates":[[12.503393,41.889403],[12.502899,41.889247],[12.502607,41.889185],[12.50219,41.889149],[12.501881,41.889158],[12.499829,41.889508],[12.498392,41.889792]]}},{"type":"Feature","properties":{"mode":"bus","n":8,"arr":["3BUS","3L","51","75","85","87","C3","n3d"],"lines":"3BUS, 3L, 51, 75, 85, 87, C3, n3d"},"geometry":{"type":"LineString","coordinates":[[12.498392,41.889792],[12.498385,41.889721]]}},{"type":"Feature","properties":{"mode":"bus","n":6,"arr":["3BUS","51","85","87","n3d","n3s"],"lines":"3BUS, 51, 85, 87, n3d, n3s"},"geometry":{"type":"LineString","coordinates":[[12.494557,41.890454],[12.494424,41.89047]]}},{"type":"Feature","properties":{"mode":"bus","n":9,"arr":["3BUS","51","75","81","85","87","C3","n3d","nMC"],"lines":"3BUS, 51, 75, 81, 85, 87, C3, n3d, nMC"},"geometry":{"type":"LineString","coordinates":[[12.493681,41.889138],[12.493519,41.88924],[12.493247,41.8893]]}},{"type":"Feature","properties":{"mode":"bus","n":11,"arr":["3BUS","51","75","81","85","87","118","C3","n3d","nMB","nMC"],"lines":"3BUS, 51, 75, 81, 85, 87, 118, C3, n3d, nMB, nMC"},"geometry":{"type":"LineString","coordinates":[[12.489382,41.885263],[12.490293,41.888422],[12.4904,41.888635],[12.490897,41.889007],[12.491121,41.889111],[12.491411,41.889201],[12.491832,41.889258],[12.492913,41.889246],[12.493247,41.8893]]}},{"type":"Feature","properties":{"mode":"bus","n":8,"arr":["3BUS","51","75","81","118","n3d","nMB","nMC"],"lines":"3BUS, 51, 75, 81, 118, n3d, nMB, nMC"},"geometry":{"type":"LineString","coordinates":[[12.489205,41.884907],[12.489382,41.885263]]}},{"type":"Feature","properties":{"mode":"bus","n":9,"arr":["3BUS","51","75","81","118","160","n3d","nMB","nMC"],"lines":"3BUS, 51, 75, 81, 118, 160, n3d, nMB, nMC"},"geometry":{"type":"LineString","coordinates":[[12.489205,41.884907],[12.489104,41.884652],[12.488823,41.884306],[12.4879,41.883584]]}},{"type":"Feature","properties":{"mode":"bus","n":6,"arr":["3BUS","30","75","716","F01","n716"],"lines":"3BUS, 30, 75, 716, F01, n716"},"geometry":{"type":"LineString","coordinates":[[12.479156,41.878652],[12.479118,41.878705]]}},{"type":"Feature","properties":{"mode":"bus","n":9,"arr":["3BUS","3L","23","75","280","716","n3d","n716","nME"],"lines":"3BUS, 3L, 23, 75, 280, 716, n3d, n716, nME"},"geometry":{"type":"LineString","coordinates":[[12.479181,41.878754],[12.477019,41.88183],[12.477013,41.881838],[12.477004,41.881841],[12.476995,41.881841],[12.476984,41.881838],[12.476942,41.881819]]}},{"type":"Feature","properties":{"mode":"bus","n":15,"arr":["3BUS","3L","23","30","75","83","170","280","716","781","F01","F10","n3d","n716","nME"],"lines":"3BUS, 3L, 23, 30, 75, 83, 170, 280, 716, 781, F01, F10, n3d, n716, nME"},"geometry":{"type":"LineString","coordinates":[[12.476942,41.881819],[12.476651,41.882223],[12.47645,41.88243]]}},{"type":"Feature","properties":{"mode":"bus","n":8,"arr":["3BUS","3L","44","75","83","170","781","n3d"],"lines":"3BUS, 3L, 44, 75, 83, 170, 781, n3d"},"geometry":{"type":"LineString","coordinates":[[12.475726,41.882835],[12.475794,41.882887]]}},{"type":"Feature","properties":{"mode":"bus","n":6,"arr":["3BUS","3L","44","75","115","n3s"],"lines":"3BUS, 3L, 44, 75, 115, n3s"},"geometry":{"type":"LineString","coordinates":[[12.469841,41.884143],[12.469888,41.884122]]}},{"type":"Feature","properties":{"mode":"bus","n":5,"arr":["3L","44","75","115","n3s"],"lines":"3L, 44, 75, 115, n3s"},"geometry":{"type":"LineString","coordinates":[[12.469888,41.884122],[12.46997,41.884085]]}},{"type":"Feature","properties":{"mode":"bus","n":9,"arr":["3BUS","3L","228","773","786","786F","871","n719","n781"],"lines":"3BUS, 3L, 228, 773, 786, 786F, 871, n719, n781"},"geometry":{"type":"LineString","coordinates":[[12.466024,41.873295],[12.465966,41.873173],[12.465673,41.873018],[12.465603,41.872915],[12.465622,41.872812],[12.465675,41.872767],[12.465775,41.872743],[12.465921,41.872752]]}},{"type":"Feature","properties":{"mode":"bus","n":10,"arr":["3BUS","3L","228","773","774","786","786F","871","n719","n781"],"lines":"3BUS, 3L, 228, 773, 774, 786, 786F, 871, n719, n781"},"geometry":{"type":"LineString","coordinates":[[12.465921,41.872752],[12.466007,41.87276]]}},{"type":"Feature","properties":{"mode":"bus","n":5,"arr":["3BUS","3L","773","786F","n719"],"lines":"3BUS, 3L, 773, 786F, n719"},"geometry":{"type":"LineString","coordinates":[[12.465767,41.872713],[12.465784,41.872727]]}},{"type":"Feature","properties":{"mode":"bus","n":6,"arr":["3BUS","3L","773","786F","871","n719"],"lines":"3BUS, 3L, 773, 786F, 871, n719"},"geometry":{"type":"LineString","coordinates":[[12.465784,41.872727],[12.465802,41.872743]]}},{"type":"Feature","properties":{"mode":"bus","n":11,"arr":["3L","3NAV","5BUS","14BUS","19BUS","105","150F","A10","n5","n11","n543"],"lines":"3L, 3NAV, 5BUS, 14BUS, 19BUS, 105, 150F, A10, n5, n11, n543"},"geometry":{"type":"LineString","coordinates":[[12.514475,41.890662],[12.51453,41.890626]]}},{"type":"Feature","properties":{"mode":"bus","n":11,"arr":["3L","3NAV","5BUS","14BUS","19BUS","105","150F","A10","n5","n11","n543"],"lines":"3L, 3NAV, 5BUS, 14BUS, 19BUS, 105, 150F, A10, n5, n11, n543"},"geometry":{"type":"LineString","coordinates":[[12.514989,41.890627],[12.514807,41.890594]]}},{"type":"Feature","properties":{"mode":"bus","n":10,"arr":["3NAV","5BUS","14BUS","19BUS","105","150F","A10","n5","n11","n543"],"lines":"3NAV, 5BUS, 14BUS, 19BUS, 105, 150F, A10, n5, n11, n543"},"geometry":{"type":"LineString","coordinates":[[12.51453,41.890626],[12.514807,41.890594]]}},{"type":"Feature","properties":{"mode":"bus","n":11,"arr":["3L","3NAV","5BUS","14BUS","19BUS","105","150F","A01","n5","n11","n543"],"lines":"3L, 3NAV, 5BUS, 14BUS, 19BUS, 105, 150F, A01, n5, n11, n543"},"geometry":{"type":"LineString","coordinates":[[12.515493,41.892227],[12.51525,41.892269],[12.514867,41.892233]]}},{"type":"Feature","properties":{"mode":"bus","n":6,"arr":["23","30","75","280","n3d","nMB"],"lines":"23, 30, 75, 280, n3d, nMB"},"geometry":{"type":"LineString","coordinates":[[12.481695,41.877364],[12.48172,41.877353]]}},{"type":"Feature","properties":{"mode":"bus","n":6,"arr":["3L","23","280","n3d","n716","nME"],"lines":"3L, 23, 280, n3d, n716, nME"},"geometry":{"type":"LineString","coordinates":[[12.479156,41.878652],[12.479209,41.878657],[12.479221,41.87866],[12.479228,41.878664],[12.479229,41.878671],[12.479226,41.87868],[12.479181,41.878754]]}},{"type":"Feature","properties":{"mode":"bus","n":6,"arr":["04","05","C4","C13","C19","nME"],"lines":"04, 05, C4, C13, C19, nME"},"geometry":{"type":"LineString","coordinates":[[12.278944,41.733242],[12.277019,41.733877]]}},{"type":"Feature","properties":{"mode":"bus","n":5,"arr":["04","C4","C13","C19","C20"],"lines":"04, C4, C13, C19, C20"},"geometry":{"type":"LineString","coordinates":[[12.277338,41.734325],[12.277717,41.734993],[12.277719,41.735],[12.277716,41.735006],[12.277708,41.73501],[12.277677,41.73502]]}},{"type":"Feature","properties":{"mode":"bus","n":6,"arr":["04","C02","C4","C13","C19","C20"],"lines":"04, C02, C4, C13, C19, C20"},"geometry":{"type":"LineString","coordinates":[[12.277677,41.73502],[12.279487,41.738173]]}},{"type":"Feature","properties":{"mode":"bus","n":5,"arr":["04","C02","C4","C13","C19"],"lines":"04, C02, C4, C13, C19"},"geometry":{"type":"LineString","coordinates":[[12.27706,41.733945],[12.277677,41.73502]]}},{"type":"Feature","properties":{"mode":"bus","n":7,"arr":["04","C02","C4","C13","C19","C20","nME"],"lines":"04, C02, C4, C13, C19, C20, nME"},"geometry":{"type":"LineString","coordinates":[[12.279487,41.738173],[12.280391,41.739796],[12.280402,41.739809],[12.280416,41.739817],[12.280434,41.739819],[12.280454,41.739815],[12.282985,41.739006]]}},{"type":"Feature","properties":{"mode":"bus","n":6,"arr":["04","C4","C13","C19","C20","nME"],"lines":"04, C4, C13, C19, C20, nME"},"geometry":{"type":"LineString","coordinates":[[12.282985,41.739006],[12.283077,41.738979],[12.283105,41.738975],[12.283127,41.738982],[12.283145,41.738998],[12.289083,41.747126],[12.289725,41.747874],[12.289987,41.748116],[12.290575,41.748581],[12.297317,41.753229],[12.299324,41.754666],[12.300011,41.755285],[12.300587,41.755898],[12.300961,41.756348],[12.300991,41.756465],[12.300927,41.75655],[12.300808,41.756591],[12.300664,41.756574]]}},{"type":"Feature","properties":{"mode":"bus","n":8,"arr":["04","011","018","C4","C13","C19","C20","nME"],"lines":"04, 011, 018, C4, C13, C19, C20, nME"},"geometry":{"type":"LineString","coordinates":[[12.300664,41.756574],[12.299227,41.755824],[12.299027,41.755825],[12.298894,41.755869],[12.298803,41.755972],[12.298755,41.756092]]}},{"type":"Feature","properties":{"mode":"bus","n":9,"arr":["04","011","018","C02","C4","C13","C19","C20","nME"],"lines":"04, 011, 018, C02, C4, C13, C19, C20, nME"},"geometry":{"type":"LineString","coordinates":[[12.298755,41.756092],[12.298778,41.756764],[12.298857,41.757026],[12.298947,41.757159],[12.299592,41.757857],[12.300161,41.758372],[12.30042,41.75866],[12.300646,41.759019],[12.300762,41.759746],[12.300921,41.759966],[12.301072,41.760078],[12.30131,41.760179],[12.302516,41.760431],[12.303176,41.760645]]}},{"type":"Feature","properties":{"mode":"bus","n":9,"arr":["04","011","C02","C03","C4","C13","C20","C30","nME"],"lines":"04, 011, C02, C03, C4, C13, C20, C30, nME"},"geometry":{"type":"LineString","coordinates":[[12.303176,41.760645],[12.305775,41.761768],[12.306049,41.761918],[12.306845,41.762442],[12.307821,41.762919],[12.313257,41.765286]]}},{"type":"Feature","properties":{"mode":"bus","n":8,"arr":["04","C02","C03","C4","C13","C20","C30","nME"],"lines":"04, C02, C03, C4, C13, C20, C30, nME"},"geometry":{"type":"LineString","coordinates":[[12.313257,41.765286],[12.319206,41.767901],[12.321932,41.768943]]}},{"type":"Feature","properties":{"mode":"bus","n":6,"arr":["04","C4","C13","C20","C30","nME"],"lines":"04, C4, C13, C20, C30, nME"},"geometry":{"type":"LineString","coordinates":[[12.321932,41.768943],[12.322537,41.769168]]}},{"type":"Feature","properties":{"mode":"bus","n":5,"arr":["04","063","C4","C13","nME"],"lines":"04, 063, C4, C13, nME"},"geometry":{"type":"LineString","coordinates":[[12.333237,41.773174],[12.341047,41.776147]]}},{"type":"Feature","properties":{"mode":"bus","n":6,"arr":["04","04B","063","C4","C13","nME"],"lines":"04, 04B, 063, C4, C13, nME"},"geometry":{"type":"LineString","coordinates":[[12.341047,41.776147],[12.34279,41.77682]]}},{"type":"Feature","properties":{"mode":"bus","n":7,"arr":["04","04B","063","C4","C10","C13","nME"],"lines":"04, 04B, 063, C4, C10, C13, nME"},"geometry":{"type":"LineString","coordinates":[[12.34279,41.77682],[12.343275,41.777001]]}},{"type":"Feature","properties":{"mode":"bus","n":8,"arr":["04","04B","063","C01","C4","C10","C13","nME"],"lines":"04, 04B, 063, C01, C4, C10, C13, nME"},"geometry":{"type":"LineString","coordinates":[[12.343275,41.777001],[12.346367,41.778145]]}},{"type":"Feature","properties":{"mode":"bus","n":7,"arr":["04","04B","C01","C4","C10","C13","nME"],"lines":"04, 04B, C01, C4, C10, C13, nME"},"geometry":{"type":"LineString","coordinates":[[12.346367,41.778145],[12.349135,41.779206]]}},{"type":"Feature","properties":{"mode":"bus","n":8,"arr":["04","04B","012","C01","C4","C10","C13","nME"],"lines":"04, 04B, 012, C01, C4, C10, C13, nME"},"geometry":{"type":"LineString","coordinates":[[12.349135,41.779206],[12.352249,41.780385]]}},{"type":"Feature","properties":{"mode":"bus","n":9,"arr":["04","04B","012","063","C01","C4","C10","C13","nME"],"lines":"04, 04B, 012, 063, C01, C4, C10, C13, nME"},"geometry":{"type":"LineString","coordinates":[[12.352249,41.780385],[12.354449,41.781239],[12.354824,41.781405],[12.355427,41.781697],[12.356881,41.782466]]}},{"type":"Feature","properties":{"mode":"bus","n":8,"arr":["04","04B","012","063","C01","C4","C13","nME"],"lines":"04, 04B, 012, 063, C01, C4, C13, nME"},"geometry":{"type":"LineString","coordinates":[[12.357438,41.782611],[12.357143,41.782576],[12.356881,41.782466]]}},{"type":"Feature","properties":{"mode":"bus","n":12,"arr":["04","04B","08","012","016","016F","017","063","C01","C4","C13","nME"],"lines":"04, 04B, 08, 012, 016, 016F, 017, 063, C01, C4, C13, nME"},"geometry":{"type":"LineString","coordinates":[[12.359542,41.783512],[12.359025,41.783259],[12.358477,41.783096],[12.35822,41.782947],[12.35797,41.782734],[12.357819,41.78264],[12.357693,41.782612],[12.357438,41.782611]]}},{"type":"Feature","properties":{"mode":"bus","n":12,"arr":["04","04B","08","012","016","016F","017","063","C01","C4","C13","nME"],"lines":"04, 04B, 08, 012, 016, 016F, 017, 063, C01, C4, C13, nME"},"geometry":{"type":"LineString","coordinates":[[12.36072,41.783924],[12.361621,41.784211]]}},{"type":"Feature","properties":{"mode":"bus","n":8,"arr":["04","08","016","016F","C01","C4","C13","nME"],"lines":"04, 08, 016, 016F, C01, C4, C13, nME"},"geometry":{"type":"LineString","coordinates":[[12.360303,41.783782],[12.359542,41.783512]]}},{"type":"Feature","properties":{"mode":"bus","n":8,"arr":["04","08","016","016F","C01","C4","C13","nME"],"lines":"04, 08, 016, 016F, C01, C4, C13, nME"},"geometry":{"type":"LineString","coordinates":[[12.361621,41.784211],[12.363615,41.784868]]}},{"type":"Feature","properties":{"mode":"bus","n":8,"arr":["04","08","016","016F","C01","C4","C13","nME"],"lines":"04, 08, 016, 016F, C01, C4, C13, nME"},"geometry":{"type":"LineString","coordinates":[[12.364509,41.785135],[12.365669,41.78548],[12.366931,41.78591],[12.367868,41.786278],[12.368223,41.786459]]}},{"type":"Feature","properties":{"mode":"bus","n":9,"arr":["04","08","016","016F","017","C01","C4","C13","nME"],"lines":"04, 08, 016, 016F, 017, C01, C4, C13, nME"},"geometry":{"type":"LineString","coordinates":[[12.360303,41.783782],[12.360615,41.783888]]}},{"type":"Feature","properties":{"mode":"bus","n":10,"arr":["04","04B","08","016","016F","017","C01","C4","C13","nME"],"lines":"04, 04B, 08, 016, 016F, 017, C01, C4, C13, nME"},"geometry":{"type":"LineString","coordinates":[[12.360615,41.783888],[12.36072,41.783924]]}},{"type":"Feature","properties":{"mode":"bus","n":5,"arr":["04","08","016","016F","C13"],"lines":"04, 08, 016, 016F, C13"},"geometry":{"type":"LineString","coordinates":[[12.363615,41.784868],[12.363935,41.784929],[12.364058,41.784931],[12.364164,41.784882],[12.36429,41.784746]]}},{"type":"Feature","properties":{"mode":"bus","n":5,"arr":["04","08","016","016F","C13"],"lines":"04, 08, 016, 016F, C13"},"geometry":{"type":"LineString","coordinates":[[12.365253,41.783168],[12.36429,41.784746],[12.364259,41.78491],[12.364281,41.785007],[12.364509,41.785135]]}},{"type":"Feature","properties":{"mode":"bus","n":7,"arr":["04","08","013","016","016F","017","C13"],"lines":"04, 08, 013, 016, 016F, 017, C13"},"geometry":{"type":"LineString","coordinates":[[12.3655,41.782767],[12.365253,41.783168]]}},{"type":"Feature","properties":{"mode":"bus","n":6,"arr":["04","08","013","016","016F","C13"],"lines":"04, 08, 013, 016, 016F, C13"},"geometry":{"type":"LineString","coordinates":[[12.3662,41.781624],[12.3655,41.782767]]}},{"type":"Feature","properties":{"mode":"bus","n":5,"arr":["04","013","016","016F","C13"],"lines":"04, 013, 016, 016F, C13"},"geometry":{"type":"LineString","coordinates":[[12.369486,41.776303],[12.3662,41.781624]]}},{"type":"Feature","properties":{"mode":"bus","n":6,"arr":["04","016","016F","712","C13","n070"],"lines":"04, 016, 016F, 712, C13, n070"},"geometry":{"type":"LineString","coordinates":[[12.371332,41.773458],[12.371287,41.773528]]}},{"type":"Feature","properties":{"mode":"bus","n":9,"arr":["04","08","016","016F","C01","C4","C10","C13","nME"],"lines":"04, 08, 016, 016F, C01, C4, C10, C13, nME"},"geometry":{"type":"LineString","coordinates":[[12.368223,41.786459],[12.368299,41.786506]]}},{"type":"Feature","properties":{"mode":"bus","n":8,"arr":["04","08","016","016F","C4","C10","C13","nME"],"lines":"04, 08, 016, 016F, C4, C10, C13, nME"},"geometry":{"type":"LineString","coordinates":[[12.364835,41.785801],[12.366735,41.786445],[12.36774,41.786814],[12.367766,41.786819],[12.367789,41.786814],[12.367807,41.786799],[12.368004,41.786545],[12.368129,41.786495],[12.368299,41.786506]]}},{"type":"Feature","properties":{"mode":"bus","n":9,"arr":["04","08","016","016F","017","C4","C10","C13","nME"],"lines":"04, 08, 016, 016F, 017, C4, C10, C13, nME"},"geometry":{"type":"LineString","coordinates":[[12.361579,41.784564],[12.362667,41.784972],[12.362888,41.785071],[12.363022,41.785158],[12.364835,41.785801]]}},{"type":"Feature","properties":{"mode":"bus","n":12,"arr":["04","04B","08","012","016","016F","017","063","C4","C10","C13","nME"],"lines":"04, 04B, 08, 012, 016, 016F, 017, 063, C4, C10, C13, nME"},"geometry":{"type":"LineString","coordinates":[[12.357245,41.782902],[12.357319,41.783034],[12.35745,41.783115],[12.358642,41.783418],[12.359527,41.783838],[12.360556,41.78422],[12.361579,41.784564]]}},{"type":"Feature","properties":{"mode":"bus","n":8,"arr":["04","04B","012","063","C4","C10","C13","nME"],"lines":"04, 04B, 012, 063, C4, C10, C13, nME"},"geometry":{"type":"LineString","coordinates":[[12.356881,41.782466],[12.357162,41.782707],[12.357245,41.782902]]}},{"type":"Feature","properties":{"mode":"bus","n":6,"arr":["04","C02","C4","C13","C19","nME"],"lines":"04, C02, C4, C13, C19, nME"},"geometry":{"type":"LineString","coordinates":[[12.282985,41.739006],[12.2882,41.746105],[12.289107,41.747385],[12.289305,41.747611],[12.289339,41.747722],[12.289325,41.747843],[12.289257,41.74797],[12.289185,41.748045],[12.289028,41.748142],[12.287517,41.748661],[12.28735,41.748697],[12.286806,41.748785],[12.286157,41.748842],[12.285748,41.748844],[12.284725,41.748741],[12.28444,41.74877],[12.284267,41.748845],[12.284192,41.748903],[12.284088,41.749078],[12.284055,41.749284],[12.28408,41.749385],[12.284156,41.749511],[12.28426,41.749598],[12.284473,41.749688],[12.284668,41.749725],[12.284876,41.749715],[12.285451,41.74954],[12.285991,41.749419],[12.288248,41.748664],[12.288394,41.748639],[12.288615,41.748636],[12.288771,41.748659],[12.288925,41.748714],[12.289162,41.748855],[12.28927,41.748976],[12.289345,41.749141],[12.28935,41.749402],[12.289114,41.749976],[12.289067,41.750177],[12.289065,41.750397],[12.289166,41.750791],[12.289317,41.751015],[12.289533,41.751211],[12.289803,41.751377],[12.29497,41.753667],[12.296908,41.754601],[12.298673,41.755524],[12.298704,41.755549],[12.298716,41.755581],[12.298755,41.756092]]}},{"type":"Feature","properties":{"mode":"bus","n":6,"arr":["05","05B","062","C4","C13","C19"],"lines":"05, 05B, 062, C4, C13, C19"},"geometry":{"type":"LineString","coordinates":[[12.283674,41.732227],[12.282816,41.732796]]}},{"type":"Feature","properties":{"mode":"bus","n":13,"arr":["5BUS","19BUS","313","450","542","548","552","556","558","C5","n5","n543","nMC"],"lines":"5BUS, 19BUS, 313, 450, 542, 548, 552, 556, 558, C5, n5, n543, nMC"},"geometry":{"type":"LineString","coordinates":[[12.568248,41.885852],[12.566269,41.885963]]}},{"type":"Feature","properties":{"mode":"bus","n":13,"arr":["5BUS","19BUS","313","450","542","548","552","556","558","C5","n5","n543","nMC"],"lines":"5BUS, 19BUS, 313, 450, 542, 548, 552, 556, 558, C5, n5, n543, nMC"},"geometry":{"type":"LineString","coordinates":[[12.566371,41.885765],[12.566569,41.885431],[12.566677,41.885365],[12.566759,41.885353],[12.566783,41.885345],[12.566797,41.885332],[12.566801,41.885312],[12.566739,41.884292],[12.566762,41.884194],[12.566835,41.884093]]}},{"type":"Feature","properties":{"mode":"bus","n":13,"arr":["5BUS","19BUS","313","450","542","548","552","556","558","C5","n5","n543","nMC"],"lines":"5BUS, 19BUS, 313, 450, 542, 548, 552, 556, 558, C5, n5, n543, nMC"},"geometry":{"type":"LineString","coordinates":[[12.56706,41.884083],[12.568124,41.884049],[12.568151,41.884052],[12.568168,41.884063],[12.568174,41.884083],[12.568275,41.885656]]}},{"type":"Feature","properties":{"mode":"bus","n":6,"arr":["5BUS","19BUS","313","450","n5","n543"],"lines":"5BUS, 19BUS, 313, 450, n5, n543"},"geometry":{"type":"LineString","coordinates":[[12.565359,41.888509],[12.566269,41.885963]]}},{"type":"Feature","properties":{"mode":"bus","n":6,"arr":["5BUS","19BUS","313","543","n5","n543"],"lines":"5BUS, 19BUS, 313, 543, n5, n543"},"geometry":{"type":"LineString","coordinates":[[12.56476,41.890197],[12.565359,41.888509]]}},{"type":"Feature","properties":{"mode":"bus","n":6,"arr":["5BUS","19BUS","313","543","n5","n543"],"lines":"5BUS, 19BUS, 313, 543, n5, n543"},"geometry":{"type":"LineString","coordinates":[[12.564229,41.891319],[12.564632,41.890267],[12.564721,41.890218],[12.564739,41.890211],[12.564755,41.890211],[12.564768,41.890217],[12.564779,41.89023],[12.564824,41.890307],[12.564493,41.891279],[12.564479,41.891368],[12.564511,41.891502]]}},{"type":"Feature","properties":{"mode":"bus","n":5,"arr":["5BUS","19BUS","543","n5","n543"],"lines":"5BUS, 19BUS, 543, n5, n543"},"geometry":{"type":"LineString","coordinates":[[12.564511,41.891502],[12.562068,41.891009]]}},{"type":"Feature","properties":{"mode":"bus","n":6,"arr":["5BUS","19BUS","542","544","548","C5"],"lines":"5BUS, 19BUS, 542, 544, 548, C5"},"geometry":{"type":"LineString","coordinates":[[12.559245,41.894792],[12.559211,41.894883]]}},{"type":"Feature","properties":{"mode":"bus","n":5,"arr":["14BUS","542","544","548","C5"],"lines":"14BUS, 542, 544, 548, C5"},"geometry":{"type":"LineString","coordinates":[[12.559207,41.894894],[12.559181,41.894962]]}},{"type":"Feature","properties":{"mode":"bus","n":12,"arr":["5BUS","14BUS","19BUS","113","150F","314","450","A10","A60","n5","n075","n543"],"lines":"5BUS, 14BUS, 19BUS, 113, 150F, 314, 450, A10, A60, n5, n075, n543"},"geometry":{"type":"LineString","coordinates":[[12.559017,41.894766],[12.559559,41.894809],[12.560651,41.894806]]}},{"type":"Feature","properties":{"mode":"bus","n":6,"arr":["14BUS","450","542","544","548","C5"],"lines":"14BUS, 450, 542, 544, 548, C5"},"geometry":{"type":"LineString","coordinates":[[12.559019,41.894853],[12.559019,41.894939]]}},{"type":"Feature","properties":{"mode":"bus","n":7,"arr":["5BUS","19BUS","450","542","544","548","C5"],"lines":"5BUS, 19BUS, 450, 542, 544, 548, C5"},"geometry":{"type":"LineString","coordinates":[[12.559019,41.894853],[12.559017,41.894766]]}},{"type":"Feature","properties":{"mode":"bus","n":5,"arr":["5BUS","19BUS","213","412","nMC"],"lines":"5BUS, 19BUS, 213, 412, nMC"},"geometry":{"type":"LineString","coordinates":[[12.550971,41.893756],[12.550937,41.893665]]}},{"type":"Feature","properties":{"mode":"bus","n":6,"arr":["5BUS","14BUS","19BUS","213","412","nMC"],"lines":"5BUS, 14BUS, 19BUS, 213, 412, nMC"},"geometry":{"type":"LineString","coordinates":[[12.550994,41.893796],[12.550971,41.893756]]}},{"type":"Feature","properties":{"mode":"bus","n":12,"arr":["5BUS","14BUS","113","150F","314","412","A01","A06","n5","n075","n543","nMC"],"lines":"5BUS, 14BUS, 113, 150F, 314, 412, A01, A06, n5, n075, n543, nMC"},"geometry":{"type":"LineString","coordinates":[[12.546755,41.893365],[12.546952,41.893387]]}},{"type":"Feature","properties":{"mode":"bus","n":13,"arr":["5BUS","14BUS","19BUS","113","150F","213","314","412","541","n5","n075","n543","nMC"],"lines":"5BUS, 14BUS, 19BUS, 113, 150F, 213, 314, 412, 541, n5, n075, n543, nMC"},"geometry":{"type":"LineString","coordinates":[[12.54063,41.892511],[12.540702,41.892577],[12.540824,41.892637]]}},{"type":"Feature","properties":{"mode":"bus","n":9,"arr":["5BUS","14BUS","113","213","314","412","541","n075","nMC"],"lines":"5BUS, 14BUS, 113, 213, 314, 412, 541, n075, nMC"},"geometry":{"type":"LineString","coordinates":[[12.54063,41.892511],[12.540606,41.892428]]}},{"type":"Feature","properties":{"mode":"bus","n":7,"arr":["113","213","314","412","541","n075","nMC"],"lines":"113, 213, 314, 412, 541, n075, nMC"},"geometry":{"type":"LineString","coordinates":[[12.540606,41.892428],[12.540619,41.892087],[12.540669,41.891869],[12.540761,41.891806],[12.54096,41.891796]]}},{"type":"Feature","properties":{"mode":"bus","n":8,"arr":["5BUS","14BUS","19BUS","104","150F","A10","n5","n543"],"lines":"5BUS, 14BUS, 19BUS, 104, 150F, A10, n5, n543"},"geometry":{"type":"LineString","coordinates":[[12.538179,41.892313],[12.539454,41.892269],[12.540877,41.892464]]}},{"type":"Feature","properties":{"mode":"bus","n":7,"arr":["5BUS","14BUS","19BUS","150F","A01","n5","n543"],"lines":"5BUS, 14BUS, 19BUS, 150F, A01, n5, n543"},"geometry":{"type":"LineString","coordinates":[[12.515999,41.891921],[12.516268,41.891761],[12.516737,41.891548],[12.517005,41.89148],[12.517209,41.891495],[12.51772,41.891583],[12.517907,41.89159],[12.520225,41.891475],[12.523326,41.891216],[12.524387,41.891152],[12.526721,41.891268],[12.529804,41.891843],[12.530021,41.891876],[12.530238,41.891877],[12.532133,41.892196],[12.534739,41.89244],[12.536122,41.892504]]}},{"type":"Feature","properties":{"mode":"bus","n":8,"arr":["5BUS","14BUS","105","150F","A01","n5","n11","n543"],"lines":"5BUS, 14BUS, 105, 150F, A01, n5, n11, n543"},"geometry":{"type":"LineString","coordinates":[[12.514004,41.891817],[12.514025,41.891852],[12.514028,41.891861],[12.514027,41.891868],[12.514021,41.891874],[12.514011,41.891879],[12.512743,41.892295],[12.509835,41.89323],[12.509821,41.893232],[12.509809,41.89323],[12.509799,41.893223],[12.509786,41.89321],[12.509776,41.893203],[12.509764,41.893201],[12.50975,41.893203],[12.509603,41.893249],[12.506282,41.894324]]}},{"type":"Feature","properties":{"mode":"bus","n":7,"arr":["14BUS","105","150F","A01","n5","n11","n543"],"lines":"14BUS, 105, 150F, A01, n5, n11, n543"},"geometry":{"type":"LineString","coordinates":[[12.513983,41.891769],[12.514004,41.891817]]}},{"type":"Feature","properties":{"mode":"bus","n":10,"arr":["5BUS","14BUS","105","150F","A01","A10","n5","n11","n543","nMA"],"lines":"5BUS, 14BUS, 105, 150F, A01, A10, n5, n11, n543, nMA"},"geometry":{"type":"LineString","coordinates":[[12.506282,41.894324],[12.503542,41.895843],[12.502291,41.896616]]}},{"type":"Feature","properties":{"mode":"bus","n":9,"arr":["5BUS","14BUS","105","714","F02","n5","n11","n543","nMA"],"lines":"5BUS, 14BUS, 105, 714, F02, n5, n11, n543, nMA"},"geometry":{"type":"LineString","coordinates":[[12.499861,41.898092],[12.499817,41.89811]]}},{"type":"Feature","properties":{"mode":"bus","n":7,"arr":["5BUS","14BUS","105","n5","n11","n543","nMA"],"lines":"5BUS, 14BUS, 105, n5, n11, n543, nMA"},"geometry":{"type":"LineString","coordinates":[[12.502291,41.896616],[12.499861,41.898092]]}},{"type":"Feature","properties":{"mode":"bus","n":19,"arr":["5BUS","14BUS","16","70","71","105","150F","360","590","649","714","A01","C3","F02","L08","n5","n11","n543","nMA"],"lines":"5BUS, 14BUS, 16, 70, 71, 105, 150F, 360, 590, 649, 714, A01, C3, F02, L08, n5, n11, n543, nMA"},"geometry":{"type":"LineString","coordinates":[[12.499817,41.89811],[12.501024,41.899278]]}},{"type":"Feature","properties":{"mode":"bus","n":17,"arr":["5BUS","14BUS","16","105","150F","360","590","649","714","A01","C3","F02","L08","n5","n11","n543","nMA"],"lines":"5BUS, 14BUS, 16, 105, 150F, 360, 590, 649, 714, A01, C3, F02, L08, n5, n11, n543, nMA"},"geometry":{"type":"LineString","coordinates":[[12.501024,41.899278],[12.501532,41.899811]]}},{"type":"Feature","properties":{"mode":"bus","n":18,"arr":["5BUS","14BUS","16","70","105","150F","360","590","649","714","A01","C3","F02","L08","n5","n11","n543","nMA"],"lines":"5BUS, 14BUS, 16, 70, 105, 150F, 360, 590, 649, 714, A01, C3, F02, L08, n5, n11, n543, nMA"},"geometry":{"type":"LineString","coordinates":[[12.501532,41.899811],[12.501369,41.899907]]}},{"type":"Feature","properties":{"mode":"bus","n":18,"arr":["5BUS","14BUS","16","70","105","150F","360","590","649","714","A01","C3","F02","L08","n5","n11","n543","nMA"],"lines":"5BUS, 14BUS, 16, 70, 105, 150F, 360, 590, 649, 714, A01, C3, F02, L08, n5, n11, n543, nMA"},"geometry":{"type":"LineString","coordinates":[[12.499818,41.900829],[12.500568,41.900385]]}},{"type":"Feature","properties":{"mode":"bus","n":17,"arr":["5BUS","16","70","105","150F","360","590","649","714","A01","C3","F02","L08","n5","n11","n543","nMA"],"lines":"5BUS, 16, 70, 105, 150F, 360, 590, 649, 714, A01, C3, F02, L08, n5, n11, n543, nMA"},"geometry":{"type":"LineString","coordinates":[[12.501369,41.899907],[12.501258,41.899941],[12.500875,41.900156],[12.500642,41.9003],[12.500568,41.900385]]}},{"type":"Feature","properties":{"mode":"bus","n":32,"arr":["5BUS","14BUS","16","40","64","66","70","75","82","85","92","150F","170","360","590","649","A01","C2","C3","F02","H","L08","n5","n8","n11","n46","n70","n98","n543","n716","nMA","nMB"],"lines":"5BUS, 14BUS, 16, 40, 64, 66, 70, 75, 82, 85, 92, 150F, 170, 360, 590, 649, A01, C2, C3, F02, H, L08, n5, n8, n11, n46, n70, n98, n543, n716, nMA, nMB"},"geometry":{"type":"LineString","coordinates":[[12.499818,41.900829],[12.499592,41.900963]]}},{"type":"Feature","properties":{"mode":"bus","n":31,"arr":["5BUS","16","40","64","66","70","75","82","85","92","150F","170","360","590","649","A01","C2","C3","F02","H","L08","n5","n8","n11","n46","n70","n98","n543","n716","nMA","nMB"],"lines":"5BUS, 16, 40, 64, 66, 70, 75, 82, 85, 92, 150F, 170, 360, 590, 649, A01, C2, C3, F02, H, L08, n5, n8, n11, n46, n70, n98, n543, n716, nMA, nMB"},"geometry":{"type":"LineString","coordinates":[[12.499592,41.900963],[12.49917,41.901258],[12.49892,41.901631]]}},{"type":"Feature","properties":{"mode":"bus","n":18,"arr":["5BUS","16","64","66","75","92","360","649","A01","C2","C3","F02","L08","n11","n46","n70","n543","nMB"],"lines":"5BUS, 16, 64, 66, 75, 92, 360, 649, A01, C2, C3, F02, L08, n11, n46, n70, n543, nMB"},"geometry":{"type":"LineString","coordinates":[[12.49892,41.901631],[12.498775,41.901969],[12.498811,41.90211]]}},{"type":"Feature","properties":{"mode":"bus","n":33,"arr":["5BUS","16","40","64","66","75","82","85","92","150F","170","223","360","590","649","910","A01","C2","C3","F02","H","L08","n5","n8","n11","n46","n66","n70","n98","n543","n716","nMA","nMB"],"lines":"5BUS, 16, 40, 64, 66, 75, 82, 85, 92, 150F, 170, 223, 360, 590, 649, 910, A01, C2, C3, F02, H, L08, n5, n8, n11, n46, n66, n70, n98, n543, n716, nMA, nMB"},"geometry":{"type":"LineString","coordinates":[[12.498811,41.90211],[12.498946,41.90219]]}},{"type":"Feature","properties":{"mode":"bus","n":35,"arr":["5BUS","16","40","64","66","75","82","85","90","92","150F","170","223","360","590","649","910","A01","C2","C3","F02","H","L08","n5","n8","n11","n46","n66","n70","n92","n98","n543","n716","nMA","nMB"],"lines":"5BUS, 16, 40, 64, 66, 75, 82, 85, 90, 92, 150F, 170, 223, 360, 590, 649, 910, A01, C2, C3, F02, H, L08, n5, n8, n11, n46, n66, n70, n92, n98, n543, n716, nMA, nMB"},"geometry":{"type":"LineString","coordinates":[[12.498946,41.90219],[12.499064,41.902259]]}},{"type":"Feature","properties":{"mode":"bus","n":38,"arr":["5BUS","16","38","40","64","66","75","82","85","90","92","150F","170","310","360","590","649","A01","C2","C3","F02","F20","H","L08","n5","n8","n11","n46","n66","n70","n92","n98","n543","n716","nMA","nMB1","nMB","P02"],"lines":"5BUS, 16, 38, 40, 64, 66, 75, 82, 85, 90, 92, 150F, 170, 310, 360, 590, 649, A01, C2, C3, F02, F20, H, L08, n5, n8, n11, n46, n66, n70, n92, n98, n543, n716, nMA, nMB1, nMB, P02"},"geometry":{"type":"LineString","coordinates":[[12.499304,41.902115],[12.499064,41.902259]]}},{"type":"Feature","properties":{"mode":"bus","n":29,"arr":["5BUS","16","38","40","64","75","82","85","90","92","150F","310","360","590","649","C2","C3","F02","F20","n5","n11","n46","n66","n70","n92","n543","nMA","nMB1","nMB"],"lines":"5BUS, 16, 38, 40, 64, 75, 82, 85, 90, 92, 150F, 310, 360, 590, 649, C2, C3, F02, F20, n5, n11, n46, n66, n70, n92, n543, nMA, nMB1, nMB"},"geometry":{"type":"LineString","coordinates":[[12.499201,41.901875],[12.499218,41.901968],[12.499304,41.902115]]}},{"type":"Feature","properties":{"mode":"bus","n":29,"arr":["5BUS","16","38","40","64","75","82","85","90","92","150F","310","360","590","649","C2","C3","F02","F20","n5","n11","n46","n66","n70","n92","n543","nMA","nMB1","nMB"],"lines":"5BUS, 16, 38, 40, 64, 75, 82, 85, 90, 92, 150F, 310, 360, 590, 649, C2, C3, F02, F20, n5, n11, n46, n66, n70, n92, n543, nMA, nMB1, nMB"},"geometry":{"type":"LineString","coordinates":[[12.500247,41.901097],[12.499374,41.901635],[12.499257,41.901745],[12.499207,41.901847]]}},{"type":"Feature","properties":{"mode":"bus","n":28,"arr":["5BUS","16","38","40","64","75","82","85","90","92","150F","310","360","590","649","C3","F02","F20","n5","n11","n46","n66","n70","n92","n543","nMA","nMB1","nMB"],"lines":"5BUS, 16, 38, 40, 64, 75, 82, 85, 90, 92, 150F, 310, 360, 590, 649, C3, F02, F20, n5, n11, n46, n66, n70, n92, n543, nMA, nMB1, nMB"},"geometry":{"type":"LineString","coordinates":[[12.499207,41.901847],[12.499201,41.901875]]}},{"type":"Feature","properties":{"mode":"bus","n":30,"arr":["5BUS","16","40","64","66","75","82","85","92","150F","170","360","590","649","A10","C2","C3","F20","H","L80","n5","n8","n11","n46","n70","n98","n543","n716","nMA","nMB"],"lines":"5BUS, 16, 40, 64, 66, 75, 82, 85, 92, 150F, 170, 360, 590, 649, A10, C2, C3, F20, H, L80, n5, n8, n11, n46, n70, n98, n543, n716, nMA, nMB"},"geometry":{"type":"LineString","coordinates":[[12.499818,41.900829],[12.499981,41.900856],[12.500247,41.901097]]}},{"type":"Feature","properties":{"mode":"bus","n":19,"arr":["5BUS","14BUS","16","75","105","150F","360","590","649","714","A10","C3","F20","L80","n5","n11","n543","nMA","nMB"],"lines":"5BUS, 14BUS, 16, 75, 105, 150F, 360, 590, 649, 714, A10, C3, F20, L80, n5, n11, n543, nMA, nMB"},"geometry":{"type":"LineString","coordinates":[[12.498057,41.899208],[12.499818,41.900829]]}},{"type":"Feature","properties":{"mode":"bus","n":14,"arr":["5BUS","16","75","105","360","590","649","714","C3","F20","L80","n5","n543","nMB"],"lines":"5BUS, 16, 75, 105, 360, 590, 649, 714, C3, F20, L80, n5, n543, nMB"},"geometry":{"type":"LineString","coordinates":[[12.4976,41.898779],[12.498057,41.899208]]}},{"type":"Feature","properties":{"mode":"bus","n":15,"arr":["5BUS","16","75","105","117","360","590","649","714","C3","F20","L80","n5","n543","nMB"],"lines":"5BUS, 16, 75, 105, 117, 360, 590, 649, 714, C3, F20, L80, n5, n543, nMB"},"geometry":{"type":"LineString","coordinates":[[12.497487,41.898672],[12.4976,41.898779]]}},{"type":"Feature","properties":{"mode":"bus","n":14,"arr":["5BUS","16","71","75","105","117","360","590","649","714","C3","F20","L80","nMB"],"lines":"5BUS, 16, 71, 75, 105, 117, 360, 590, 649, 714, C3, F20, L80, nMB"},"geometry":{"type":"LineString","coordinates":[[12.496889,41.898162],[12.497124,41.898298],[12.497389,41.898532],[12.497487,41.898672]]}},{"type":"Feature","properties":{"mode":"bus","n":16,"arr":["5BUS","16","70","71","75","105","117","360","590","649","714","C3","F20","L80","n5","n543"],"lines":"5BUS, 16, 70, 71, 75, 105, 117, 360, 590, 649, 714, C3, F20, L80, n5, n543"},"geometry":{"type":"LineString","coordinates":[[12.496889,41.898162],[12.498306,41.897004],[12.498466,41.896923],[12.498564,41.896902],[12.498888,41.896966],[12.498998,41.89696],[12.499101,41.896888],[12.499338,41.896612]]}},{"type":"Feature","properties":{"mode":"bus","n":16,"arr":["5BUS","16","70","71","105","117","360","590","649","714","C3","F02","L08","n5","n543","nMB"],"lines":"5BUS, 16, 70, 71, 105, 117, 360, 590, 649, 714, C3, F02, L08, n5, n543, nMB"},"geometry":{"type":"LineString","coordinates":[[12.499338,41.896612],[12.499325,41.896705],[12.499365,41.896812],[12.499547,41.896999]]}},{"type":"Feature","properties":{"mode":"bus","n":16,"arr":["5BUS","16","70","71","105","117","360","590","649","714","C3","F02","L08","n5","n543","nMB"],"lines":"5BUS, 16, 70, 71, 105, 117, 360, 590, 649, 714, C3, F02, L08, n5, n543, nMB"},"geometry":{"type":"LineString","coordinates":[[12.49943,41.897704],[12.499411,41.897357],[12.49949,41.897269]]}},{"type":"Feature","properties":{"mode":"bus","n":15,"arr":["5BUS","16","70","71","105","117","360","590","649","714","C3","F02","n5","n543","nMB"],"lines":"5BUS, 16, 70, 71, 105, 117, 360, 590, 649, 714, C3, F02, n5, n543, nMB"},"geometry":{"type":"LineString","coordinates":[[12.499547,41.896999],[12.499575,41.897018]]}},{"type":"Feature","properties":{"mode":"bus","n":12,"arr":["5BUS","70","105","117","360","590","649","714","C3","F02","n543","nMB"],"lines":"5BUS, 70, 105, 117, 360, 590, 649, 714, C3, F02, n543, nMB"},"geometry":{"type":"LineString","coordinates":[[12.499575,41.897018],[12.499608,41.897034]]}},{"type":"Feature","properties":{"mode":"bus","n":10,"arr":["70","117","360","590","649","714","C3","F02","n543","nMB"],"lines":"70, 117, 360, 590, 649, 714, C3, F02, n543, nMB"},"geometry":{"type":"LineString","coordinates":[[12.499608,41.897034],[12.499651,41.897052]]}},{"type":"Feature","properties":{"mode":"bus","n":8,"arr":["70","117","360","590","649","C3","n543","nMB"],"lines":"70, 117, 360, 590, 649, C3, n543, nMB"},"geometry":{"type":"LineString","coordinates":[[12.499651,41.897052],[12.49969,41.897063]]}},{"type":"Feature","properties":{"mode":"bus","n":5,"arr":["117","360","590","649","C3"],"lines":"117, 360, 590, 649, C3"},"geometry":{"type":"LineString","coordinates":[[12.49969,41.897063],[12.499728,41.89707]]}},{"type":"Feature","properties":{"mode":"bus","n":13,"arr":["5BUS","16","70","71","105","117","714","C3","F02","L08","n5","n543","nMB"],"lines":"5BUS, 16, 70, 71, 105, 117, 714, C3, F02, L08, n5, n543, nMB"},"geometry":{"type":"LineString","coordinates":[[12.499547,41.896999],[12.499577,41.897133],[12.49949,41.897269]]}},{"type":"Feature","properties":{"mode":"bus","n":15,"arr":["5BUS","16","70","71","105","117","360","590","649","714","C3","F02","L08","n5","n543"],"lines":"5BUS, 16, 70, 71, 105, 117, 360, 590, 649, 714, C3, F02, L08, n5, n543"},"geometry":{"type":"LineString","coordinates":[[12.49943,41.897704],[12.4995,41.897783]]}},{"type":"Feature","properties":{"mode":"bus","n":14,"arr":["5BUS","16","70","71","105","360","590","649","714","C3","F02","L08","n5","n543"],"lines":"5BUS, 16, 70, 71, 105, 360, 590, 649, 714, C3, F02, L08, n5, n543"},"geometry":{"type":"LineString","coordinates":[[12.499817,41.89811],[12.4995,41.897783]]}},{"type":"Feature","properties":{"mode":"bus","n":10,"arr":["5BUS","14BUS","105","150F","360","A01","A10","n5","n543","nMA"],"lines":"5BUS, 14BUS, 105, 150F, 360, A01, A10, n5, n543, nMA"},"geometry":{"type":"LineString","coordinates":[[12.499837,41.898092],[12.499817,41.89811]]}},{"type":"Feature","properties":{"mode":"bus","n":9,"arr":["5BUS","14BUS","105","150F","A01","A10","n5","n543","nMA"],"lines":"5BUS, 14BUS, 105, 150F, A01, A10, n5, n543, nMA"},"geometry":{"type":"LineString","coordinates":[[12.502265,41.89659],[12.499956,41.897996],[12.499837,41.898092]]}},{"type":"Feature","properties":{"mode":"bus","n":10,"arr":["5BUS","14BUS","71","105","150F","A01","A10","n5","n543","nMA"],"lines":"5BUS, 14BUS, 71, 105, 150F, A01, A10, n5, n543, nMA"},"geometry":{"type":"LineString","coordinates":[[12.502291,41.896616],[12.502265,41.89659]]}},{"type":"Feature","properties":{"mode":"bus","n":8,"arr":["5BUS","14BUS","105","150F","A10","n5","n543","nMA"],"lines":"5BUS, 14BUS, 105, 150F, A10, n5, n543, nMA"},"geometry":{"type":"LineString","coordinates":[[12.506236,41.894277],[12.506282,41.894324]]}},{"type":"Feature","properties":{"mode":"bus","n":7,"arr":["5BUS","14BUS","105","150F","A10","n5","n543"],"lines":"5BUS, 14BUS, 105, 150F, A10, n5, n543"},"geometry":{"type":"LineString","coordinates":[[12.509728,41.893151],[12.506383,41.894247],[12.506236,41.894277]]}},{"type":"Feature","properties":{"mode":"bus","n":7,"arr":["5BUS","14BUS","19BUS","150F","A10","n5","n543"],"lines":"5BUS, 14BUS, 19BUS, 150F, A10, n5, n543"},"geometry":{"type":"LineString","coordinates":[[12.51607,41.891612],[12.516216,41.891596],[12.516673,41.891405],[12.516944,41.89134],[12.51797,41.891484],[12.519024,41.891389],[12.520649,41.89131],[12.521521,41.891172],[12.524142,41.890978],[12.524469,41.890973],[12.526477,41.891054],[12.526762,41.891072],[12.527009,41.891114]]}},{"type":"Feature","properties":{"mode":"bus","n":6,"arr":["5BUS","14BUS","150F","A10","n5","n543"],"lines":"5BUS, 14BUS, 150F, A10, n5, n543"},"geometry":{"type":"LineString","coordinates":[[12.527009,41.891114],[12.527353,41.891168]]}},{"type":"Feature","properties":{"mode":"bus","n":12,"arr":["5BUS","14BUS","81","105","105L","150F","412","A10","n5","n11","n543","nMC"],"lines":"5BUS, 14BUS, 81, 105, 105L, 150F, 412, A10, n5, n11, n543, nMC"},"geometry":{"type":"LineString","coordinates":[[12.527353,41.891168],[12.527922,41.891262]]}},{"type":"Feature","properties":{"mode":"bus","n":11,"arr":["5BUS","14BUS","81","105","105L","150F","412","A10","n5","n543","nMC"],"lines":"5BUS, 14BUS, 81, 105, 105L, 150F, 412, A10, n5, n543, nMC"},"geometry":{"type":"LineString","coordinates":[[12.527922,41.891262],[12.528138,41.891291]]}},{"type":"Feature","properties":{"mode":"bus","n":9,"arr":["5BUS","14BUS","81","150F","412","A10","n5","n543","nMC"],"lines":"5BUS, 14BUS, 81, 150F, 412, A10, n5, n543, nMC"},"geometry":{"type":"LineString","coordinates":[[12.528138,41.891291],[12.529879,41.89159],[12.530329,41.891718],[12.531993,41.892003],[12.534191,41.892219]]}},{"type":"Feature","properties":{"mode":"bus","n":10,"arr":["5BUS","14BUS","19BUS","81","150F","412","A10","n5","n543","nMC"],"lines":"5BUS, 14BUS, 19BUS, 81, 150F, 412, A10, n5, n543, nMC"},"geometry":{"type":"LineString","coordinates":[[12.534191,41.892219],[12.535252,41.892308],[12.536134,41.892338]]}},{"type":"Feature","properties":{"mode":"bus","n":11,"arr":["5BUS","14BUS","19BUS","81","104","150F","412","A10","n5","n543","nMC"],"lines":"5BUS, 14BUS, 19BUS, 81, 104, 150F, 412, A10, n5, n543, nMC"},"geometry":{"type":"LineString","coordinates":[[12.536134,41.892338],[12.53708,41.892355],[12.538179,41.892313]]}},{"type":"Feature","properties":{"mode":"bus","n":10,"arr":["5BUS","14BUS","19BUS","104","113","150F","213","A10","n5","n543"],"lines":"5BUS, 14BUS, 19BUS, 104, 113, 150F, 213, A10, n5, n543"},"geometry":{"type":"LineString","coordinates":[[12.540877,41.892464],[12.540933,41.892471]]}},{"type":"Feature","properties":{"mode":"bus","n":12,"arr":["5BUS","14BUS","19BUS","104","113","150F","213","314","A10","n5","n075","n543"],"lines":"5BUS, 14BUS, 19BUS, 104, 113, 150F, 213, 314, A10, n5, n075, n543"},"geometry":{"type":"LineString","coordinates":[[12.540933,41.892471],[12.541746,41.892589]]}},{"type":"Feature","properties":{"mode":"bus","n":12,"arr":["5BUS","14BUS","19BUS","113","150F","213","314","A10","A60","n5","n075","n543"],"lines":"5BUS, 14BUS, 19BUS, 113, 150F, 213, 314, A10, A60, n5, n075, n543"},"geometry":{"type":"LineString","coordinates":[[12.541746,41.892589],[12.541924,41.892618]]}},{"type":"Feature","properties":{"mode":"bus","n":14,"arr":["5BUS","14BUS","19BUS","113","150F","213","314","412","A10","A60","n5","n075","n543","nMC"],"lines":"5BUS, 14BUS, 19BUS, 113, 150F, 213, 314, 412, A10, A60, n5, n075, n543, nMC"},"geometry":{"type":"LineString","coordinates":[[12.541924,41.892618],[12.546996,41.89323]]}},{"type":"Feature","properties":{"mode":"bus","n":11,"arr":["5BUS","14BUS","19BUS","113","150F","314","A10","A60","n5","n075","n543"],"lines":"5BUS, 14BUS, 19BUS, 113, 150F, 314, A10, A60, n5, n075, n543"},"geometry":{"type":"LineString","coordinates":[[12.550937,41.893665],[12.551898,41.893818],[12.557108,41.894454],[12.559017,41.894766]]}},{"type":"Feature","properties":{"mode":"bus","n":10,"arr":["5BUS","14BUS","19BUS","113","150F","314","450","A10","A60","n075"],"lines":"5BUS, 14BUS, 19BUS, 113, 150F, 314, 450, A10, A60, n075"},"geometry":{"type":"LineString","coordinates":[[12.560651,41.894806],[12.560681,41.894807]]}},{"type":"Feature","properties":{"mode":"bus","n":8,"arr":["14BUS","113","150F","314","450","A10","A60","n075"],"lines":"14BUS, 113, 150F, 314, 450, A10, A60, n075"},"geometry":{"type":"LineString","coordinates":[[12.560681,41.894807],[12.563072,41.894878]]}},{"type":"Feature","properties":{"mode":"bus","n":5,"arr":["5BUS","19BUS","313","n5","n543"],"lines":"5BUS, 19BUS, 313, n5, n543"},"geometry":{"type":"LineString","coordinates":[[12.564157,41.891362],[12.564229,41.891319]]}},{"type":"Feature","properties":{"mode":"bus","n":7,"arr":["5BUS","19BUS","313","552","556","n5","n543"],"lines":"5BUS, 19BUS, 313, 552, 556, n5, n543"},"geometry":{"type":"LineString","coordinates":[[12.566269,41.885963],[12.566371,41.885765]]}},{"type":"Feature","properties":{"mode":"bus","n":11,"arr":["5BUS","19BUS","450","542","548","552","556","C5","n5","n543","nMC"],"lines":"5BUS, 19BUS, 450, 542, 548, 552, 556, C5, n5, n543, nMC"},"geometry":{"type":"LineString","coordinates":[[12.566835,41.884093],[12.56706,41.884083]]}},{"type":"Feature","properties":{"mode":"bus","n":11,"arr":["5BUS","19BUS","313","450","542","548","552","C5","n5","n543","nMC"],"lines":"5BUS, 19BUS, 313, 450, 542, 548, 552, C5, n5, n543, nMC"},"geometry":{"type":"LineString","coordinates":[[12.568275,41.885656],[12.568248,41.885852]]}},{"type":"Feature","properties":{"mode":"bus","n":6,"arr":["06","014","062","066","070","n070"],"lines":"06, 014, 062, 066, 070, n070"},"geometry":{"type":"LineString","coordinates":[[12.317199,41.714662],[12.317442,41.71448]]}},{"type":"Feature","properties":{"mode":"bus","n":5,"arr":["06","014","066","070","n070"],"lines":"06, 014, 066, 070, n070"},"geometry":{"type":"LineString","coordinates":[[12.337811,41.730077],[12.327975,41.722557],[12.318276,41.715092],[12.318028,41.714972],[12.317862,41.714782]]}},{"type":"Feature","properties":{"mode":"bus","n":5,"arr":["06","014","066","070","n070"],"lines":"06, 014, 066, 070, n070"},"geometry":{"type":"LineString","coordinates":[[12.337646,41.730411],[12.329664,41.724262],[12.32774,41.72282],[12.321088,41.717712],[12.317972,41.715313],[12.317801,41.715108],[12.31761,41.714994]]}},{"type":"Feature","properties":{"mode":"bus","n":5,"arr":["06","016F","066","070","n070"],"lines":"06, 016F, 066, 070, n070"},"geometry":{"type":"LineString","coordinates":[[12.382683,41.740131],[12.375629,41.73836]]}},{"type":"Feature","properties":{"mode":"bus","n":5,"arr":["06","016F","065","070","n070"],"lines":"06, 016F, 065, 070, n070"},"geometry":{"type":"LineString","coordinates":[[12.369614,41.754941],[12.369811,41.754795],[12.369933,41.754755],[12.370885,41.754039]]}},{"type":"Feature","properties":{"mode":"bus","n":6,"arr":["06","08","016","065","709","n070"],"lines":"06, 08, 016, 065, 709, n070"},"geometry":{"type":"LineString","coordinates":[[12.363551,41.759491],[12.36316,41.759803]]}},{"type":"Feature","properties":{"mode":"bus","n":5,"arr":["06","08","016","709","n070"],"lines":"06, 08, 016, 709, n070"},"geometry":{"type":"LineString","coordinates":[[12.35981,41.758378],[12.360258,41.758591],[12.361798,41.75925],[12.36316,41.759803]]}},{"type":"Feature","properties":{"mode":"bus","n":6,"arr":["06","08","014","016","709","n070"],"lines":"06, 08, 014, 016, 709, n070"},"geometry":{"type":"LineString","coordinates":[[12.35272,41.749145],[12.352643,41.74935],[12.352658,41.749543],[12.352732,41.749685],[12.352775,41.749845],[12.352693,41.750053],[12.350979,41.751492],[12.350652,41.751796],[12.350538,41.751915],[12.350361,41.752234],[12.350254,41.752648],[12.35025,41.75297],[12.350688,41.755198],[12.350697,41.755218],[12.350716,41.75523],[12.350743,41.755234],[12.351208,41.755233],[12.35147,41.755259],[12.351875,41.755338],[12.352152,41.755427],[12.352546,41.755605],[12.353214,41.755962],[12.353547,41.756182],[12.354056,41.75658],[12.354603,41.756947],[12.355091,41.75713],[12.356383,41.757521],[12.357515,41.757893],[12.358326,41.758317],[12.358654,41.758459],[12.358882,41.758518],[12.359245,41.758526],[12.359567,41.758474],[12.35981,41.758378]]}},{"type":"Feature","properties":{"mode":"bus","n":5,"arr":["08","014","016","709","n070"],"lines":"08, 014, 016, 709, n070"},"geometry":{"type":"LineString","coordinates":[[12.353244,41.749267],[12.353164,41.749648],[12.352967,41.749973],[12.352747,41.750222],[12.352291,41.750642],[12.350931,41.751732],[12.350731,41.751942],[12.350477,41.752413],[12.350393,41.752726],[12.350387,41.753004],[12.350824,41.754894],[12.350834,41.754913],[12.350853,41.754926],[12.35088,41.75493],[12.351024,41.754934],[12.351155,41.754962],[12.352387,41.755357],[12.353037,41.755633],[12.353459,41.75585],[12.353827,41.756077],[12.354614,41.756675],[12.355098,41.756922],[12.357377,41.75767],[12.358744,41.758179],[12.359089,41.758288],[12.35934,41.758312],[12.359558,41.758289],[12.359798,41.758196],[12.359925,41.758105],[12.360051,41.757938],[12.36024,41.757486],[12.360443,41.757141]]}},{"type":"Feature","properties":{"mode":"bus","n":8,"arr":["8BUS","088","088F","792","870","882","H","n8"],"lines":"8BUS, 088, 088F, 792, 870, 882, H, n8"},"geometry":{"type":"LineString","coordinates":[[12.439565,41.877728],[12.440778,41.877565],[12.442681,41.877269]]}},{"type":"Feature","properties":{"mode":"bus","n":8,"arr":["8BUS","088","088F","792","870","882","H","n8"],"lines":"8BUS, 088, 088F, 792, 870, 882, H, n8"},"geometry":{"type":"LineString","coordinates":[[12.442678,41.877028],[12.440735,41.877331],[12.440549,41.877335],[12.439728,41.877234],[12.439562,41.877251],[12.439342,41.877312]]}},{"type":"Feature","properties":{"mode":"bus","n":11,"arr":["8BUS","088","088F","791","792","870","882","982","C6","H","n8"],"lines":"8BUS, 088, 088F, 791, 792, 870, 882, 982, C6, H, n8"},"geometry":{"type":"LineString","coordinates":[[12.442678,41.877028],[12.443205,41.876916],[12.443586,41.876755],[12.444863,41.875841]]}},{"type":"Feature","properties":{"mode":"bus","n":11,"arr":["8BUS","088","088F","791","792","870","882","982","C6","H","n8"],"lines":"8BUS, 088, 088F, 791, 792, 870, 882, 982, C6, H, n8"},"geometry":{"type":"LineString","coordinates":[[12.445138,41.875949],[12.443785,41.876947],[12.443343,41.877136],[12.443073,41.877206],[12.442681,41.877269]]}},{"type":"Feature","properties":{"mode":"bus","n":9,"arr":["8BUS","088","791","792","882","982","C6","H","n8"],"lines":"8BUS, 088, 791, 792, 882, 982, C6, H, n8"},"geometry":{"type":"LineString","coordinates":[[12.444863,41.875841],[12.44493,41.875791]]}},{"type":"Feature","properties":{"mode":"bus","n":7,"arr":["8BUS","088","791","792","C6","H","n8"],"lines":"8BUS, 088, 791, 792, C6, H, n8"},"geometry":{"type":"LineString","coordinates":[[12.44493,41.875791],[12.447255,41.874035]]}},{"type":"Feature","properties":{"mode":"bus","n":7,"arr":["8BUS","088","791","792","C6","H","n8"],"lines":"8BUS, 088, 791, 792, C6, H, n8"},"geometry":{"type":"LineString","coordinates":[[12.447441,41.874169],[12.447151,41.874458],[12.445138,41.875949]]}},{"type":"Feature","properties":{"mode":"bus","n":6,"arr":["8BUS","791","792","C6","H","n8"],"lines":"8BUS, 791, 792, C6, H, n8"},"geometry":{"type":"LineString","coordinates":[[12.447255,41.874035],[12.448747,41.872919],[12.449187,41.872557],[12.449407,41.872291],[12.44962,41.871959],[12.449878,41.871324],[12.450063,41.871008],[12.450324,41.870709],[12.450576,41.870505],[12.450849,41.870341],[12.451167,41.870193],[12.451463,41.870095],[12.45175,41.870031],[12.452121,41.869993],[12.452377,41.86999],[12.452725,41.870015],[12.453138,41.870086]]}},{"type":"Feature","properties":{"mode":"bus","n":6,"arr":["8BUS","791","792","C6","H","n8"],"lines":"8BUS, 791, 792, C6, H, n8"},"geometry":{"type":"LineString","coordinates":[[12.453084,41.870264],[12.452442,41.87018],[12.45213,41.870184],[12.451823,41.870219],[12.451498,41.870288],[12.451198,41.870392],[12.450792,41.870606],[12.450497,41.870846],[12.450277,41.871123],[12.45013,41.871382],[12.449817,41.872107],[12.449512,41.872534],[12.449163,41.872869],[12.447441,41.874169]]}},{"type":"Feature","properties":{"mode":"bus","n":14,"arr":["8BUS","228","710","719","773","774","786","786F","791","792","C6","H","n8","n719"],"lines":"8BUS, 228, 710, 719, 773, 774, 786, 786F, 791, 792, C6, H, n8, n719"},"geometry":{"type":"LineString","coordinates":[[12.453138,41.870086],[12.455523,41.870506]]}},{"type":"Feature","properties":{"mode":"bus","n":14,"arr":["8BUS","228","710","719","773","774","786","786F","791","792","C6","H","n8","n719"],"lines":"8BUS, 228, 710, 719, 773, 774, 786, 786F, 791, 792, C6, H, n8, n719"},"geometry":{"type":"LineString","coordinates":[[12.45941,41.871659],[12.459276,41.871542],[12.459082,41.871426],[12.458684,41.871266],[12.458493,41.871212],[12.453084,41.870264]]}},{"type":"Feature","properties":{"mode":"bus","n":13,"arr":["228","710","719","773","774","786","786F","791","792","C6","H","n8","n719"],"lines":"228, 710, 719, 773, 774, 786, 786F, 791, 792, C6, H, n8, n719"},"geometry":{"type":"LineString","coordinates":[[12.455523,41.870506],[12.458528,41.871027],[12.458876,41.87113],[12.459189,41.871258],[12.459356,41.871348],[12.459576,41.871522]]}},{"type":"Feature","properties":{"mode":"bus","n":12,"arr":["8BUS","228","719","773","774","786","786F","871","C6","H","n8","n719"],"lines":"8BUS, 228, 719, 773, 774, 786, 786F, 871, C6, H, n8, n719"},"geometry":{"type":"LineString","coordinates":[[12.465726,41.873468],[12.46582,41.873499],[12.466007,41.873507]]}},{"type":"Feature","properties":{"mode":"bus","n":12,"arr":["8BUS","228","719","773","774","786","786F","871","C6","H","n8","n719"],"lines":"8BUS, 228, 719, 773, 774, 786, 786F, 871, C6, H, n8, n719"},"geometry":{"type":"LineString","coordinates":[[12.465696,41.873661],[12.465575,41.873613],[12.464943,41.873243],[12.464647,41.873119],[12.464354,41.873027],[12.463689,41.872914],[12.462495,41.872827]]}},{"type":"Feature","properties":{"mode":"bus","n":7,"arr":["8BUS","44","75","115","H","n3d","n8"],"lines":"8BUS, 44, 75, 115, H, n3d, n8"},"geometry":{"type":"LineString","coordinates":[[12.471378,41.885706],[12.471076,41.885339]]}},{"type":"Feature","properties":{"mode":"bus","n":7,"arr":["8BUS","23","63","280","H","n3d","n8"],"lines":"8BUS, 23, 63, 280, H, n3d, n8"},"geometry":{"type":"LineString","coordinates":[[12.474564,41.891755],[12.47463,41.891759],[12.474641,41.891758],[12.474648,41.891755],[12.474653,41.891749],[12.474654,41.891741],[12.474652,41.891706]]}},{"type":"Feature","properties":{"mode":"bus","n":6,"arr":["8BUS","23","280","H","n3d","n8"],"lines":"8BUS, 23, 280, H, n3d, n8"},"geometry":{"type":"LineString","coordinates":[[12.474521,41.891751],[12.474564,41.891755]]}},{"type":"Feature","properties":{"mode":"bus","n":8,"arr":["8BUS","63","70","190F","H","n8","n201","n913"],"lines":"8BUS, 63, 70, 190F, H, n8, n201, n913"},"geometry":{"type":"LineString","coordinates":[[12.476464,41.894811],[12.476482,41.894821]]}},{"type":"Feature","properties":{"mode":"bus","n":9,"arr":["8BUS","63","70","87","190F","H","n8","n201","n913"],"lines":"8BUS, 63, 70, 87, 190F, H, n8, n201, n913"},"geometry":{"type":"LineString","coordinates":[[12.476482,41.894821],[12.476556,41.894851]]}},{"type":"Feature","properties":{"mode":"bus","n":11,"arr":["8BUS","63","70","81","87","190F","492","H","n8","n201","n913"],"lines":"8BUS, 63, 70, 81, 87, 190F, 492, H, n8, n201, n913"},"geometry":{"type":"LineString","coordinates":[[12.476556,41.894851],[12.476584,41.894857]]}},{"type":"Feature","properties":{"mode":"bus","n":17,"arr":["8BUS","30","46","63","70","81","87","190F","492","628","916","916F","C3","H","n8","n201","n913"],"lines":"8BUS, 30, 46, 63, 70, 81, 87, 190F, 492, 628, 916, 916F, C3, H, n8, n201, n913"},"geometry":{"type":"LineString","coordinates":[[12.480136,41.894962],[12.477429,41.894863],[12.476584,41.894857]]}},{"type":"Feature","properties":{"mode":"bus","n":26,"arr":["8BUS","40","51","60","62","63","64","80","83","85","119","160","170","492","C3","H","n5","n8","n11","n46","n70","n90","n98","n543","n716","n904"],"lines":"8BUS, 40, 51, 60, 62, 63, 64, 80, 83, 85, 119, 160, 170, 492, C3, H, n5, n8, n11, n46, n70, n90, n98, n543, n716, n904"},"geometry":{"type":"LineString","coordinates":[[12.480743,41.895045],[12.480502,41.895027],[12.480136,41.894962]]}},{"type":"Feature","properties":{"mode":"bus","n":35,"arr":["8BUS","30","40","46","51","60","62","63","64","70","80","81","83","85","87","119","160","170","190F","492","628","916","916F","H","n5","n8","n11","n46","n70","n90","n98","n543","n716","n904","n913"],"lines":"8BUS, 30, 40, 46, 51, 60, 62, 63, 64, 70, 80, 81, 83, 85, 87, 119, 160, 170, 190F, 492, 628, 916, 916F, H, n5, n8, n11, n46, n70, n90, n98, n543, n716, n904, n913"},"geometry":{"type":"LineString","coordinates":[[12.48024,41.896262],[12.479188,41.896003]]}},{"type":"Feature","properties":{"mode":"bus","n":29,"arr":["8BUS","30","40","51","60","63","70","80","81","83","85","87","119","160","170","190F","492","628","H","n5","n8","n11","n46","n70","n90","n98","n543","n716","n904"],"lines":"8BUS, 30, 40, 51, 60, 63, 70, 80, 81, 83, 85, 87, 119, 160, 170, 190F, 492, 628, H, n5, n8, n11, n46, n70, n90, n98, n543, n716, n904"},"geometry":{"type":"LineString","coordinates":[[12.479188,41.896003],[12.479021,41.895933],[12.478988,41.895911],[12.478972,41.895879],[12.478958,41.895808]]}},{"type":"Feature","properties":{"mode":"bus","n":24,"arr":["8BUS","40","51","60","62","63","64","80","83","85","119","160","170","H","n5","n8","n11","n46","n70","n90","n98","n543","n716","n904"],"lines":"8BUS, 40, 51, 60, 62, 63, 64, 80, 83, 85, 119, 160, 170, H, n5, n8, n11, n46, n70, n90, n98, n543, n716, n904"},"geometry":{"type":"LineString","coordinates":[[12.478958,41.895808],[12.480136,41.894962]]}},{"type":"Feature","properties":{"mode":"bus","n":28,"arr":["8BUS","40","44","51","60","62","63","64","80","83","85","119","160","170","492","716","C3","H","n5","n8","n11","n46","n70","n90","n98","n543","n716","n904"],"lines":"8BUS, 40, 44, 51, 60, 62, 63, 64, 80, 83, 85, 119, 160, 170, 492, 716, C3, H, n5, n8, n11, n46, n70, n90, n98, n543, n716, n904"},"geometry":{"type":"LineString","coordinates":[[12.480779,41.895039],[12.480743,41.895045]]}},{"type":"Feature","properties":{"mode":"bus","n":31,"arr":["8BUS","40","44","51","60","62","63","64","80","83","85","119","160","170","492","715","716","781","C3","F10","H","n5","n8","n11","n46","n70","n90","n98","n543","n716","n904"],"lines":"8BUS, 40, 44, 51, 60, 62, 63, 64, 80, 83, 85, 119, 160, 170, 492, 715, 716, 781, C3, F10, H, n5, n8, n11, n46, n70, n90, n98, n543, n716, n904"},"geometry":{"type":"LineString","coordinates":[[12.480811,41.895031],[12.480779,41.895039]]}},{"type":"Feature","properties":{"mode":"bus","n":33,"arr":["8BUS","40","44","51","60","62","63","64","80","83","85","119","160","170","492","715","716","781","C3","F10","H","n5","n8","n11","n46","n70","n90","n98","n543","n716","n904","nMC","nME"],"lines":"8BUS, 40, 44, 51, 60, 62, 63, 64, 80, 83, 85, 119, 160, 170, 492, 715, 716, 781, C3, F10, H, n5, n8, n11, n46, n70, n90, n98, n543, n716, n904, nMC, nME"},"geometry":{"type":"LineString","coordinates":[[12.480811,41.895031],[12.480921,41.894983],[12.481012,41.894881],[12.48111,41.894511],[12.481196,41.894375]]}},{"type":"Feature","properties":{"mode":"bus","n":34,"arr":["8BUS","40","44","51","60","62","63","64","80","83","85","119","160","170","492","715","716","781","C3","F10","H","L70","n5","n8","n11","n46","n70","n90","n98","n543","n716","n904","nMC","nME"],"lines":"8BUS, 40, 44, 51, 60, 62, 63, 64, 80, 83, 85, 119, 160, 170, 492, 715, 716, 781, C3, F10, H, L70, n5, n8, n11, n46, n70, n90, n98, n543, n716, n904, nMC, nME"},"geometry":{"type":"LineString","coordinates":[[12.481196,41.894375],[12.481362,41.894158]]}},{"type":"Feature","properties":{"mode":"bus","n":45,"arr":["8BUS","30","40","44","46","51","60","62","63","64","70","80","81","83","85","87","119","160","170","190F","492","628","715","716","781","916","916F","C3","F10","H","L70","n5","n8","n11","n46","n70","n90","n98","n201","n543","n716","n904","n913","nMC","nME"],"lines":"8BUS, 30, 40, 44, 46, 51, 60, 62, 63, 64, 70, 80, 81, 83, 85, 87, 119, 160, 170, 190F, 492, 628, 715, 716, 781, 916, 916F, C3, F10, H, L70, n5, n8, n11, n46, n70, n90, n98, n201, n543, n716, n904, n913, nMC, nME"},"geometry":{"type":"LineString","coordinates":[[12.481497,41.894068],[12.481362,41.894158]]}},{"type":"Feature","properties":{"mode":"bus","n":35,"arr":["8BUS","30","40","44","51","60","62","63","64","70","81","83","85","87","119","160","170","190F","628","715","716","781","C3","F10","H","L70","n8","n46","n70","n98","n201","n716","n904","nMC","nME"],"lines":"8BUS, 30, 40, 44, 51, 60, 62, 63, 64, 70, 81, 83, 85, 87, 119, 160, 170, 190F, 628, 715, 716, 781, C3, F10, H, L70, n8, n46, n70, n98, n201, n716, n904, nMC, nME"},"geometry":{"type":"LineString","coordinates":[[12.481616,41.893973],[12.481497,41.894068]]}},{"type":"Feature","properties":{"mode":"bus","n":22,"arr":["8BUS","30","44","51","63","81","83","85","160","170","628","715","716","781","C3","F10","H","L70","n8","n716","nMC","nME"],"lines":"8BUS, 30, 44, 51, 63, 81, 83, 85, 160, 170, 628, 715, 716, 781, C3, F10, H, L70, n8, n716, nMC, nME"},"geometry":{"type":"LineString","coordinates":[[12.481856,41.893751],[12.481616,41.893973]]}},{"type":"Feature","properties":{"mode":"bus","n":25,"arr":["8BUS","30","44","51","63","81","83","85","87","118","160","170","628","715","716","781","C3","F01","F10","H","L70","n8","n716","nMC","nME"],"lines":"8BUS, 30, 44, 51, 63, 81, 83, 85, 87, 118, 160, 170, 628, 715, 716, 781, C3, F01, F10, H, L70, n8, n716, nMC, nME"},"geometry":{"type":"LineString","coordinates":[[12.481761,41.893558],[12.481832,41.893653],[12.481856,41.893751]]}},{"type":"Feature","properties":{"mode":"bus","n":26,"arr":["8BUS","30","44","51","63","81","83","85","87","118","160","170","628","715","716","781","C3","F01","F10","H","L07","L70","n8","n716","nMC","nME"],"lines":"8BUS, 30, 44, 51, 63, 81, 83, 85, 87, 118, 160, 170, 628, 715, 716, 781, C3, F01, F10, H, L07, L70, n8, n716, nMC, nME"},"geometry":{"type":"LineString","coordinates":[[12.480546,41.890897],[12.480576,41.890984],[12.480434,41.891321],[12.480425,41.891411],[12.480299,41.891597],[12.480281,41.89175],[12.480319,41.891918],[12.480513,41.892406],[12.480605,41.89257],[12.480763,41.892752],[12.481401,41.893231],[12.481761,41.893558]]}},{"type":"Feature","properties":{"mode":"bus","n":5,"arr":["8BUS","23","280","H","n8"],"lines":"8BUS, 23, 280, H, n8"},"geometry":{"type":"LineString","coordinates":[[12.479418,41.890662],[12.478975,41.891054]]}},{"type":"Feature","properties":{"mode":"bus","n":6,"arr":["8BUS","23","63","280","H","n8"],"lines":"8BUS, 23, 63, 280, H, n8"},"geometry":{"type":"LineString","coordinates":[[12.478975,41.891054],[12.478546,41.891344],[12.478159,41.891555],[12.477732,41.891714],[12.477309,41.891812],[12.47695,41.891861],[12.476491,41.891882],[12.474655,41.89176]]}},{"type":"Feature","properties":{"mode":"bus","n":5,"arr":["8BUS","170","781","H","n8"],"lines":"8BUS, 170, 781, H, n8"},"geometry":{"type":"LineString","coordinates":[[12.465753,41.87553],[12.465874,41.873872]]}},{"type":"Feature","properties":{"mode":"bus","n":10,"arr":["8BUS","228","719","773","774","786","786F","871","C6","n719"],"lines":"8BUS, 228, 719, 773, 774, 786, 786F, 871, C6, n719"},"geometry":{"type":"LineString","coordinates":[[12.465815,41.873671],[12.465696,41.873661]]}},{"type":"Feature","properties":{"mode":"bus","n":13,"arr":["8BUS","228","710","719","773","774","786","786F","871","C6","H","n8","n719"],"lines":"8BUS, 228, 710, 719, 773, 774, 786, 786F, 871, C6, H, n8, n719"},"geometry":{"type":"LineString","coordinates":[[12.462495,41.872827],[12.462245,41.872838],[12.46149,41.872937],[12.461256,41.872938],[12.460953,41.872892],[12.460716,41.872808],[12.460544,41.87271],[12.460316,41.872528],[12.45988,41.872112]]}},{"type":"Feature","properties":{"mode":"bus","n":11,"arr":["8BUS","228","719","773","774","786","786F","C6","H","n8","n719"],"lines":"8BUS, 228, 719, 773, 774, 786, 786F, C6, H, n8, n719"},"geometry":{"type":"LineString","coordinates":[[12.45988,41.872112],[12.459567,41.871805]]}},{"type":"Feature","properties":{"mode":"bus","n":12,"arr":["8BUS","228","719","773","774","786","786F","792","C6","H","n8","n719"],"lines":"8BUS, 228, 719, 773, 774, 786, 786F, 792, C6, H, n8, n719"},"geometry":{"type":"LineString","coordinates":[[12.459567,41.871805],[12.45941,41.871659]]}},{"type":"Feature","properties":{"mode":"bus","n":5,"arr":["011","018","C03","C19","C30"],"lines":"011, 018, C03, C19, C30"},"geometry":{"type":"LineString","coordinates":[[12.303821,41.759812],[12.303729,41.759903],[12.303176,41.760645]]}},{"type":"Feature","properties":{"mode":"bus","n":8,"arr":["14BUS","213","450","451","543","556","n5","n543"],"lines":"14BUS, 213, 450, 451, 543, 556, n5, n543"},"geometry":{"type":"LineString","coordinates":[[12.574238,41.892207],[12.574137,41.891157],[12.573661,41.889375]]}},{"type":"Feature","properties":{"mode":"bus","n":8,"arr":["14BUS","213","450","451","543","556","n5","n543"],"lines":"14BUS, 213, 450, 451, 543, 556, n5, n543"},"geometry":{"type":"LineString","coordinates":[[12.573311,41.886751],[12.573294,41.88662]]}},{"type":"Feature","properties":{"mode":"bus","n":8,"arr":["14BUS","213","450","451","543","556","n5","n543"],"lines":"14BUS, 213, 450, 451, 543, 556, n5, n543"},"geometry":{"type":"LineString","coordinates":[[12.573692,41.886566],[12.573717,41.886791]]}},{"type":"Feature","properties":{"mode":"bus","n":8,"arr":["14BUS","213","450","451","543","556","n5","n543"],"lines":"14BUS, 213, 450, 451, 543, 556, n5, n543"},"geometry":{"type":"LineString","coordinates":[[12.574078,41.889448],[12.574322,41.890425],[12.5746,41.892174]]}},{"type":"Feature","properties":{"mode":"bus","n":6,"arr":["14BUS","450","451","556","n5","n543"],"lines":"14BUS, 450, 451, 556, n5, n543"},"geometry":{"type":"LineString","coordinates":[[12.573661,41.889375],[12.57369,41.889269],[12.573509,41.888145],[12.573372,41.886846],[12.573311,41.886751]]}},{"type":"Feature","properties":{"mode":"bus","n":7,"arr":["14BUS","450","451","543","556","n5","n543"],"lines":"14BUS, 450, 451, 543, 556, n5, n543"},"geometry":{"type":"LineString","coordinates":[[12.5746,41.892174],[12.574639,41.892447]]}},{"type":"Feature","properties":{"mode":"bus","n":7,"arr":["14BUS","450","451","543","556","n5","n543"],"lines":"14BUS, 450, 451, 543, 556, n5, n543"},"geometry":{"type":"LineString","coordinates":[[12.574267,41.892467],[12.574238,41.892207]]}},{"type":"Feature","properties":{"mode":"bus","n":14,"arr":["14BUS","058","075","113","313","450","451","508","543","556","A70","n5","n075","n543"],"lines":"14BUS, 058, 075, 113, 313, 450, 451, 508, 543, 556, A70, n5, n075, n543"},"geometry":{"type":"LineString","coordinates":[[12.574639,41.892447],[12.574861,41.894029]]}},{"type":"Feature","properties":{"mode":"bus","n":14,"arr":["14BUS","058","075","113","313","450","451","508","543","556","A70","n5","n075","n543"],"lines":"14BUS, 058, 075, 113, 313, 450, 451, 508, 543, 556, A70, n5, n075, n543"},"geometry":{"type":"LineString","coordinates":[[12.574471,41.894048],[12.574267,41.892467]]}},{"type":"Feature","properties":{"mode":"bus","n":12,"arr":["14BUS","058","075","113","313","450","451","508","543","A70","n075","n543"],"lines":"14BUS, 058, 075, 113, 313, 450, 451, 508, 543, A70, n075, n543"},"geometry":{"type":"LineString","coordinates":[[12.574861,41.894029],[12.574935,41.894523]]}},{"type":"Feature","properties":{"mode":"bus","n":12,"arr":["14BUS","058","075","113","313","450","451","508","543","A70","n075","n543"],"lines":"14BUS, 058, 075, 113, 313, 450, 451, 508, 543, A70, n075, n543"},"geometry":{"type":"LineString","coordinates":[[12.574505,41.894285],[12.574471,41.894048]]}},{"type":"Feature","properties":{"mode":"bus","n":9,"arr":["14BUS","058","075","313","450","451","543","A70","n543"],"lines":"14BUS, 058, 075, 313, 450, 451, 543, A70, n543"},"geometry":{"type":"LineString","coordinates":[[12.574935,41.894523],[12.575128,41.894814]]}},{"type":"Feature","properties":{"mode":"bus","n":8,"arr":["14BUS","058","075","450","451","543","A70","n543"],"lines":"14BUS, 058, 075, 450, 451, 543, A70, n543"},"geometry":{"type":"LineString","coordinates":[[12.575237,41.894948],[12.575128,41.894814]]}},{"type":"Feature","properties":{"mode":"bus","n":8,"arr":["14BUS","058","075","451","508","543","A07","n543"],"lines":"14BUS, 058, 075, 451, 508, 543, A07, n543"},"geometry":{"type":"LineString","coordinates":[[12.575559,41.895484],[12.575436,41.895228],[12.575237,41.894948]]}},{"type":"Feature","properties":{"mode":"bus","n":12,"arr":["14BUS","058","075","113","451","508","543","A01","A06","A07","n075","n543"],"lines":"14BUS, 058, 075, 113, 451, 508, 543, A01, A06, A07, n075, n543"},"geometry":{"type":"LineString","coordinates":[[12.575758,41.896711],[12.575723,41.896204],[12.575559,41.895484]]}},{"type":"Feature","properties":{"mode":"bus","n":11,"arr":["14BUS","058","075","113","451","508","A01","A06","A07","n075","n543"],"lines":"14BUS, 058, 075, 113, 451, 508, A01, A06, A07, n075, n543"},"geometry":{"type":"LineString","coordinates":[[12.57579,41.897196],[12.575758,41.896711]]}},{"type":"Feature","properties":{"mode":"bus","n":5,"arr":["14BUS","113","A01","A06","n075"],"lines":"14BUS, 113, A01, A06, n075"},"geometry":{"type":"LineString","coordinates":[[12.57579,41.897196],[12.575145,41.897133],[12.574939,41.897133],[12.574709,41.897196],[12.574622,41.897251],[12.574595,41.897302]]}},{"type":"Feature","properties":{"mode":"bus","n":5,"arr":["14BUS","113","A01","A06","n075"],"lines":"14BUS, 113, A01, A06, n075"},"geometry":{"type":"LineString","coordinates":[[12.572657,41.895148],[12.572365,41.895264],[12.57222,41.895362],[12.572141,41.895463],[12.572111,41.895551],[12.572107,41.895561],[12.572104,41.895567],[12.5721,41.895568],[12.572098,41.895566],[12.572095,41.89556],[12.572093,41.89555],[12.572042,41.895265]]}},{"type":"Feature","properties":{"mode":"bus","n":8,"arr":["14BUS","075","113","543","A01","A06","n075","n543"],"lines":"14BUS, 075, 113, 543, A01, A06, n075, n543"},"geometry":{"type":"LineString","coordinates":[[12.574595,41.897302],[12.574469,41.895851],[12.574613,41.89535],[12.574598,41.895055]]}},{"type":"Feature","properties":{"mode":"bus","n":13,"arr":["14BUS","058","075","113","150F","313","314","450","451","508","A01","A06","n075"],"lines":"14BUS, 058, 075, 113, 150F, 313, 314, 450, 451, 508, A01, A06, n075"},"geometry":{"type":"LineString","coordinates":[[12.574598,41.895055],[12.573718,41.895105]]}},{"type":"Feature","properties":{"mode":"bus","n":7,"arr":["058","075","451","508","A01","A06","n075"],"lines":"058, 075, 451, 508, A01, A06, n075"},"geometry":{"type":"LineString","coordinates":[[12.574241,41.89575],[12.574242,41.89562]]}},{"type":"Feature","properties":{"mode":"bus","n":8,"arr":["058","075","113","451","508","A01","A06","n075"],"lines":"058, 075, 113, 451, 508, A01, A06, n075"},"geometry":{"type":"LineString","coordinates":[[12.574242,41.89562],[12.574187,41.895402],[12.57401,41.895227]]}},{"type":"Feature","properties":{"mode":"bus","n":9,"arr":["14BUS","058","075","113","451","508","A01","A06","n075"],"lines":"14BUS, 058, 075, 113, 451, 508, A01, A06, n075"},"geometry":{"type":"LineString","coordinates":[[12.57401,41.895227],[12.573718,41.895105]]}},{"type":"Feature","properties":{"mode":"bus","n":9,"arr":["14BUS","113","150F","313","314","450","A01","A06","n075"],"lines":"14BUS, 113, 150F, 313, 314, 450, A01, A06, n075"},"geometry":{"type":"LineString","coordinates":[[12.573718,41.895105],[12.572657,41.895148]]}},{"type":"Feature","properties":{"mode":"bus","n":9,"arr":["14BUS","113","150F","313","314","450","A01","A06","n075"],"lines":"14BUS, 113, 150F, 313, 314, 450, A01, A06, n075"},"geometry":{"type":"LineString","coordinates":[[12.571548,41.895191],[12.569497,41.895194],[12.562986,41.895034]]}},{"type":"Feature","properties":{"mode":"bus","n":6,"arr":["113","150F","313","314","450","n075"],"lines":"113, 150F, 313, 314, 450, n075"},"geometry":{"type":"LineString","coordinates":[[12.572031,41.895179],[12.571548,41.895191]]}},{"type":"Feature","properties":{"mode":"bus","n":8,"arr":["14BUS","113","150F","314","450","A01","A06","n075"],"lines":"14BUS, 113, 150F, 314, 450, A01, A06, n075"},"geometry":{"type":"LineString","coordinates":[[12.562986,41.895034],[12.560873,41.894977]]}},{"type":"Feature","properties":{"mode":"bus","n":10,"arr":["14BUS","113","150F","314","450","A01","A06","n5","n075","n543"],"lines":"14BUS, 113, 150F, 314, 450, A01, A06, n5, n075, n543"},"geometry":{"type":"LineString","coordinates":[[12.560873,41.894977],[12.559181,41.894962]]}},{"type":"Feature","properties":{"mode":"bus","n":9,"arr":["14BUS","113","150F","314","A01","A06","n5","n075","n543"],"lines":"14BUS, 113, 150F, 314, A01, A06, n5, n075, n543"},"geometry":{"type":"LineString","coordinates":[[12.559019,41.894939],[12.559181,41.894962]]}},{"type":"Feature","properties":{"mode":"bus","n":5,"arr":["14BUS","75","649","n543","nMB"],"lines":"14BUS, 75, 649, n543, nMB"},"geometry":{"type":"LineString","coordinates":[[12.499834,41.900798],[12.499848,41.900777]]}},{"type":"Feature","properties":{"mode":"bus","n":9,"arr":["14BUS","75","150F","649","A10","F20","L80","n543","nMB"],"lines":"14BUS, 75, 150F, 649, A10, F20, L80, n543, nMB"},"geometry":{"type":"LineString","coordinates":[[12.499818,41.900829],[12.499834,41.900798]]}},{"type":"Feature","properties":{"mode":"bus","n":5,"arr":["14BUS","150F","A10","n11","nMA"],"lines":"14BUS, 150F, A10, n11, nMA"},"geometry":{"type":"LineString","coordinates":[[12.499817,41.89811],[12.498057,41.899208]]}},{"type":"Feature","properties":{"mode":"bus","n":12,"arr":["14BUS","113","150F","213","314","412","A10","A60","n5","n075","n543","nMC"],"lines":"14BUS, 113, 150F, 213, 314, 412, A10, A60, n5, n075, n543, nMC"},"geometry":{"type":"LineString","coordinates":[[12.546996,41.89323],[12.549624,41.893533]]}},{"type":"Feature","properties":{"mode":"bus","n":10,"arr":["14BUS","113","150F","213","314","A10","A60","n5","n075","n543"],"lines":"14BUS, 113, 150F, 213, 314, A10, A60, n5, n075, n543"},"geometry":{"type":"LineString","coordinates":[[12.549624,41.893533],[12.549679,41.893538]]}},{"type":"Feature","properties":{"mode":"bus","n":9,"arr":["14BUS","113","150F","314","A10","A60","n5","n075","n543"],"lines":"14BUS, 113, 150F, 314, A10, A60, n5, n075, n543"},"geometry":{"type":"LineString","coordinates":[[12.549679,41.893538],[12.550937,41.893665]]}},{"type":"Feature","properties":{"mode":"bus","n":9,"arr":["14BUS","113","150F","313","314","450","A10","A60","n075"],"lines":"14BUS, 113, 150F, 313, 314, 450, A10, A60, n075"},"geometry":{"type":"LineString","coordinates":[[12.563072,41.894878],[12.569869,41.895039],[12.571426,41.895021],[12.573482,41.894931]]}},{"type":"Feature","properties":{"mode":"bus","n":11,"arr":["14BUS","058","113","150F","313","314","450","508","A10","A60","n075"],"lines":"14BUS, 058, 113, 150F, 313, 314, 450, 508, A10, A60, n075"},"geometry":{"type":"LineString","coordinates":[[12.573482,41.894931],[12.574099,41.894896]]}},{"type":"Feature","properties":{"mode":"bus","n":10,"arr":["14BUS","058","075","150F","314","450","451","508","A10","A60"],"lines":"14BUS, 058, 075, 150F, 314, 450, 451, 508, A10, A60"},"geometry":{"type":"LineString","coordinates":[[12.574099,41.894896],[12.574582,41.894876]]}},{"type":"Feature","properties":{"mode":"bus","n":8,"arr":["14BUS","075","450","543","A10","A60","A70","n543"],"lines":"14BUS, 075, 450, 543, A10, A60, A70, n543"},"geometry":{"type":"LineString","coordinates":[[12.574582,41.894876],[12.574556,41.894669]]}},{"type":"Feature","properties":{"mode":"bus","n":14,"arr":["14BUS","058","075","113","313","450","451","508","543","A10","A60","A70","n075","n543"],"lines":"14BUS, 058, 075, 113, 313, 450, 451, 508, 543, A10, A60, A70, n075, n543"},"geometry":{"type":"LineString","coordinates":[[12.574556,41.894669],[12.574505,41.894285]]}},{"type":"Feature","properties":{"mode":"bus","n":5,"arr":["016","016F","712","C13","n070"],"lines":"016, 016F, 712, C13, n070"},"geometry":{"type":"LineString","coordinates":[[12.371412,41.773367],[12.371332,41.773458]]}},{"type":"Feature","properties":{"mode":"bus","n":5,"arr":["016","016F","709","712","n070"],"lines":"016, 016F, 709, 712, n070"},"geometry":{"type":"LineString","coordinates":[[12.374447,41.769924],[12.374297,41.769819],[12.374106,41.769725],[12.373914,41.769659],[12.373562,41.769493]]}},{"type":"Feature","properties":{"mode":"bus","n":5,"arr":["016","016F","709","712","n070"],"lines":"016, 016F, 709, 712, n070"},"geometry":{"type":"LineString","coordinates":[[12.372474,41.76933],[12.373046,41.769643],[12.373228,41.769645],[12.373521,41.769512],[12.373537,41.769502],[12.373543,41.769491],[12.37354,41.76948],[12.373527,41.769468],[12.372995,41.769087],[12.372797,41.769062],[12.372419,41.769104]]}},{"type":"Feature","properties":{"mode":"bus","n":6,"arr":["16","51","77","81","85","nMC"],"lines":"16, 51, 77, 81, 85, nMC"},"geometry":{"type":"LineString","coordinates":[[12.515327,41.886336],[12.511554,41.885753],[12.510241,41.885575],[12.510125,41.885544],[12.509959,41.885409]]}},{"type":"Feature","properties":{"mode":"bus","n":6,"arr":["16","51","77","81","85","nMC"],"lines":"16, 51, 77, 81, 85, nMC"},"geometry":{"type":"LineString","coordinates":[[12.511453,41.885279],[12.514992,41.884505]]}},{"type":"Feature","properties":{"mode":"bus","n":10,"arr":["16","51","81","85","87","360","590","665","nMA","nMC"],"lines":"16, 51, 81, 85, 87, 360, 590, 665, nMA, nMC"},"geometry":{"type":"LineString","coordinates":[[12.509959,41.885409],[12.509796,41.885578],[12.509669,41.885765],[12.509547,41.885833],[12.509424,41.885975],[12.5089,41.88633],[12.508737,41.886475]]}},{"type":"Feature","properties":{"mode":"bus","n":10,"arr":["16","51","81","85","87","360","590","665","nMA","nMC"],"lines":"16, 51, 81, 85, 87, 360, 590, 665, nMA, nMC"},"geometry":{"type":"LineString","coordinates":[[12.508871,41.886153],[12.508774,41.886353]]}},{"type":"Feature","properties":{"mode":"bus","n":8,"arr":["16","81","85","87","218","665","792","nMC"],"lines":"16, 81, 85, 87, 218, 665, 792, nMC"},"geometry":{"type":"LineString","coordinates":[[12.508677,41.886461],[12.508336,41.886438],[12.507941,41.886492],[12.506302,41.887022]]}},{"type":"Feature","properties":{"mode":"bus","n":8,"arr":["16","81","85","87","218","665","792","nMC"],"lines":"16, 81, 85, 87, 218, 665, 792, nMC"},"geometry":{"type":"LineString","coordinates":[[12.505456,41.88731],[12.505613,41.887299],[12.505803,41.887246],[12.506041,41.887159],[12.506263,41.887043],[12.506273,41.887037],[12.506279,41.887033],[12.506281,41.88703],[12.506277,41.88703],[12.506269,41.887031],[12.506257,41.887034],[12.506011,41.887101],[12.505739,41.887126],[12.505517,41.887112],[12.504951,41.887019]]}},{"type":"Feature","properties":{"mode":"bus","n":12,"arr":["16","81","85","87","218","360","590","665","792","n3s","nMA","nMC"],"lines":"16, 81, 85, 87, 218, 360, 590, 665, 792, n3s, nMA, nMC"},"geometry":{"type":"LineString","coordinates":[[12.508737,41.886475],[12.508677,41.886461]]}},{"type":"Feature","properties":{"mode":"bus","n":9,"arr":["16","85","87","117","714","F02","F20","L08","L80"],"lines":"16, 85, 87, 117, 714, F02, F20, L08, L80"},"geometry":{"type":"LineString","coordinates":[[12.503393,41.889403],[12.504203,41.887952],[12.504601,41.887182]]}},{"type":"Feature","properties":{"mode":"bus","n":10,"arr":["16","75","117","714","C3","F02","F20","L08","L80","nMB"],"lines":"16, 75, 117, 714, C3, F02, F20, L08, L80, nMB"},"geometry":{"type":"LineString","coordinates":[[12.499338,41.896612],[12.503393,41.889403]]}},{"type":"Feature","properties":{"mode":"bus","n":16,"arr":["16","38","75","90","92","310","360","649","C2","C3","F20","n66","n92","nMB1","nMB","P02"],"lines":"16, 38, 75, 90, 92, 310, 360, 649, C2, C3, F20, n66, n92, nMB1, nMB, P02"},"geometry":{"type":"LineString","coordinates":[[12.499414,41.902643],[12.499365,41.902532],[12.4991,41.902361],[12.499077,41.902339],[12.499068,41.902313],[12.499064,41.902259]]}},{"type":"Feature","properties":{"mode":"bus","n":17,"arr":["16","38","75","90","92","310","360","649","910","C2","C3","F20","n66","n92","nMB1","nMB","P02"],"lines":"16, 38, 75, 90, 92, 310, 360, 649, 910, C2, C3, F20, n66, n92, nMB1, nMB, P02"},"geometry":{"type":"LineString","coordinates":[[12.500895,41.903492],[12.500723,41.903412],[12.499414,41.902643]]}},{"type":"Feature","properties":{"mode":"bus","n":9,"arr":["16","38","66","92","223","360","492","n66","n92"],"lines":"16, 38, 66, 92, 223, 360, 492, n66, n92"},"geometry":{"type":"LineString","coordinates":[[12.500003,41.904216],[12.500026,41.904232],[12.500034,41.904235],[12.500042,41.904235],[12.500049,41.904231],[12.500734,41.903679],[12.500895,41.903492]]}},{"type":"Feature","properties":{"mode":"bus","n":10,"arr":["16","38","66","90","92","223","360","492","n66","n92"],"lines":"16, 38, 66, 90, 92, 223, 360, 492, n66, n92"},"geometry":{"type":"LineString","coordinates":[[12.49857,41.905384],[12.500003,41.904216]]}},{"type":"Feature","properties":{"mode":"bus","n":14,"arr":["16","38","60","61","62","66","82","90","92","223","360","492","n66","n92"],"lines":"16, 38, 60, 61, 62, 66, 82, 90, 92, 223, 360, 492, n66, n92"},"geometry":{"type":"LineString","coordinates":[[12.499989,41.906361],[12.49857,41.905384]]}},{"type":"Feature","properties":{"mode":"bus","n":9,"arr":["16","60","61","62","66","82","90","492","n66"],"lines":"16, 60, 61, 62, 66, 82, 90, 492, n66"},"geometry":{"type":"LineString","coordinates":[[12.499989,41.906361],[12.50133,41.907271],[12.501344,41.907283],[12.501349,41.907296],[12.501345,41.907308],[12.501333,41.907321],[12.500027,41.90838],[12.50001,41.90839],[12.499993,41.908393],[12.499976,41.90839],[12.499959,41.908381],[12.498814,41.907567]]}},{"type":"Feature","properties":{"mode":"bus","n":11,"arr":["16","60","61","62","66","82","90","223","492","910","n66"],"lines":"16, 60, 61, 62, 66, 82, 90, 223, 492, 910, n66"},"geometry":{"type":"LineString","coordinates":[[12.498814,41.907567],[12.498727,41.907501],[12.498679,41.907325],[12.495977,41.905453]]}},{"type":"Feature","properties":{"mode":"bus","n":5,"arr":["16","60","223","492","n66"],"lines":"16, 60, 223, 492, n66"},"geometry":{"type":"LineString","coordinates":[[12.49874,41.907339],[12.498679,41.907325]]}},{"type":"Feature","properties":{"mode":"bus","n":7,"arr":["16","60","61","62","82","90","492"],"lines":"16, 60, 61, 62, 82, 90, 492"},"geometry":{"type":"LineString","coordinates":[[12.49857,41.905384],[12.497368,41.904563]]}},{"type":"Feature","properties":{"mode":"bus","n":8,"arr":["16","87","117","714","F02","F20","L08","L80"],"lines":"16, 87, 117, 714, F02, F20, L08, L80"},"geometry":{"type":"LineString","coordinates":[[12.504601,41.887182],[12.504626,41.887081]]}},{"type":"Feature","properties":{"mode":"bus","n":6,"arr":["16","85","87","665","714","F02"],"lines":"16, 85, 87, 665, 714, F02"},"geometry":{"type":"LineString","coordinates":[[12.504951,41.887019],[12.504626,41.887081]]}},{"type":"Feature","properties":{"mode":"bus","n":6,"arr":["16","81","85","87","665","nMC"],"lines":"16, 81, 85, 87, 665, nMC"},"geometry":{"type":"LineString","coordinates":[[12.508073,41.886467],[12.508372,41.886316],[12.508871,41.886153]]}},{"type":"Feature","properties":{"mode":"bus","n":5,"arr":["16","51","81","85","nMC"],"lines":"16, 51, 81, 85, nMC"},"geometry":{"type":"LineString","coordinates":[[12.511453,41.885279],[12.510719,41.884784],[12.510655,41.884761],[12.510569,41.884772],[12.509513,41.885681],[12.509256,41.885982],[12.509092,41.886084],[12.508871,41.886153]]}},{"type":"Feature","properties":{"mode":"bus","n":7,"arr":["16","51","77","81","85","649","nMC"],"lines":"16, 51, 77, 81, 85, 649, nMC"},"geometry":{"type":"LineString","coordinates":[[12.514992,41.884505],[12.515293,41.885368],[12.515377,41.885692],[12.515392,41.885958],[12.515327,41.886336]]}},{"type":"Feature","properties":{"mode":"bus","n":5,"arr":["017","C01","C4","C10","nME"],"lines":"017, C01, C4, C10, nME"},"geometry":{"type":"LineString","coordinates":[[12.375857,41.789191],[12.37984,41.790692]]}},{"type":"Feature","properties":{"mode":"bus","n":6,"arr":["19BUS","982","C3","G40","n3d","n201"],"lines":"19BUS, 982, C3, G40, n3d, n201"},"geometry":{"type":"LineString","coordinates":[[12.473168,41.920069],[12.473499,41.919278]]}},{"type":"Feature","properties":{"mode":"bus","n":6,"arr":["19BUS","982","C3","G40","n3d","n201"],"lines":"19BUS, 982, C3, G40, n3d, n201"},"geometry":{"type":"LineString","coordinates":[[12.472993,41.918865],[12.473193,41.918884]]}},{"type":"Feature","properties":{"mode":"bus","n":16,"arr":["19BUS","61","89","120F","150F","160","490","495","590","628","982","C3","G04","n3d","n201","nMA"],"lines":"19BUS, 61, 89, 120F, 150F, 160, 490, 495, 590, 628, 982, C3, G04, n3d, n201, nMA"},"geometry":{"type":"LineString","coordinates":[[12.473675,41.91498],[12.472774,41.914784]]}},{"type":"Feature","properties":{"mode":"bus","n":12,"arr":["19BUS","89","490","495","590","628","982","C3","G04","n3d","n201","nMA"],"lines":"19BUS, 89, 490, 495, 590, 628, 982, C3, G04, n3d, n201, nMA"},"geometry":{"type":"LineString","coordinates":[[12.472774,41.914784],[12.471712,41.914573],[12.471601,41.914524],[12.47125,41.914449],[12.470006,41.914304],[12.469732,41.914246]]}},{"type":"Feature","properties":{"mode":"bus","n":6,"arr":["19BUS","982","C3","G04","n3s","n201"],"lines":"19BUS, 982, C3, G04, n3s, n201"},"geometry":{"type":"LineString","coordinates":[[12.471828,41.918796],[12.471542,41.918781]]}},{"type":"Feature","properties":{"mode":"bus","n":6,"arr":["19BUS","982","C3","G04","n3s","n201"],"lines":"19BUS, 982, C3, G04, n3s, n201"},"geometry":{"type":"LineString","coordinates":[[12.469773,41.918278],[12.469752,41.917828],[12.469656,41.917117]]}},{"type":"Feature","properties":{"mode":"bus","n":8,"arr":["19BUS","495","628","982","C3","G04","n3s","n201"],"lines":"19BUS, 495, 628, 982, C3, G04, n3s, n201"},"geometry":{"type":"LineString","coordinates":[[12.471542,41.918781],[12.470152,41.918656]]}},{"type":"Feature","properties":{"mode":"bus","n":8,"arr":["19BUS","495","628","982","C3","G04","n3s","n201"],"lines":"19BUS, 495, 628, 982, C3, G04, n3s, n201"},"geometry":{"type":"LineString","coordinates":[[12.469656,41.917117],[12.469516,41.916145],[12.469501,41.915805],[12.469573,41.914771]]}},{"type":"Feature","properties":{"mode":"bus","n":8,"arr":["19BUS","495","628","982","C3","G04","n3s","n201"],"lines":"19BUS, 495, 628, 982, C3, G04, n3s, n201"},"geometry":{"type":"LineString","coordinates":[[12.46969,41.914257],[12.469674,41.914316]]}},{"type":"Feature","properties":{"mode":"bus","n":6,"arr":["19BUS","490","590","982","n3s","nMA"],"lines":"19BUS, 490, 590, 982, n3s, nMA"},"geometry":{"type":"LineString","coordinates":[[12.46969,41.914257],[12.469403,41.914091],[12.469132,41.913983],[12.467235,41.913504],[12.466711,41.913329],[12.465233,41.912961]]}},{"type":"Feature","properties":{"mode":"bus","n":12,"arr":["19BUS","30","89","280","301","490","590","982","G03","n3s","n70","nMA"],"lines":"19BUS, 30, 89, 280, 301, 490, 590, 982, G03, n3s, n70, nMA"},"geometry":{"type":"LineString","coordinates":[[12.465265,41.912902],[12.465233,41.912961]]}},{"type":"Feature","properties":{"mode":"bus","n":10,"arr":["19BUS","70","490","590","982","990","n3d","n3s","n913","nMA"],"lines":"19BUS, 70, 490, 590, 982, 990, n3d, n3s, n913, nMA"},"geometry":{"type":"LineString","coordinates":[[12.46096,41.911848],[12.465265,41.912902]]}},{"type":"Feature","properties":{"mode":"bus","n":13,"arr":["19BUS","70","180F","490","590","913","913L","982","990","n3d","n3s","n913","nMA"],"lines":"19BUS, 70, 180F, 490, 590, 913, 913L, 982, 990, n3d, n3s, n913, nMA"},"geometry":{"type":"LineString","coordinates":[[12.458183,41.911202],[12.4583,41.911203],[12.458429,41.911233],[12.46096,41.911848]]}},{"type":"Feature","properties":{"mode":"bus","n":9,"arr":["70","180F","590","913L","982","990","n3s","n913","nMA"],"lines":"70, 180F, 590, 913L, 982, 990, n3s, n913, nMA"},"geometry":{"type":"LineString","coordinates":[[12.458183,41.911202],[12.458093,41.911208]]}},{"type":"Feature","properties":{"mode":"bus","n":5,"arr":["19BUS","490","913","n3d","nMA"],"lines":"19BUS, 490, 913, n3d, nMA"},"geometry":{"type":"LineString","coordinates":[[12.45813,41.911152],[12.458183,41.911202]]}},{"type":"Feature","properties":{"mode":"bus","n":11,"arr":["19BUS","70","180F","490","590","913","913L","982","990","n3d","n913"],"lines":"19BUS, 70, 180F, 490, 590, 913, 913L, 982, 990, n3d, n913"},"geometry":{"type":"LineString","coordinates":[[12.457991,41.909363],[12.45801,41.909369]]}},{"type":"Feature","properties":{"mode":"bus","n":10,"arr":["19BUS","70","180F","490","590","913","913L","982","990","n913"],"lines":"19BUS, 70, 180F, 490, 590, 913, 913L, 982, 990, n913"},"geometry":{"type":"LineString","coordinates":[[12.45801,41.909369],[12.461632,41.910282]]}},{"type":"Feature","properties":{"mode":"bus","n":7,"arr":["19BUS","180F","490","590","913","913L","982"],"lines":"19BUS, 180F, 490, 590, 913, 913L, 982"},"geometry":{"type":"LineString","coordinates":[[12.46096,41.911848],[12.461632,41.910282]]}},{"type":"Feature","properties":{"mode":"bus","n":9,"arr":["19BUS","87","89","301","490","590","982","n3d","nMA"],"lines":"19BUS, 87, 89, 301, 490, 590, 982, n3d, nMA"},"geometry":{"type":"LineString","coordinates":[[12.465265,41.912902],[12.467199,41.913374],[12.46722,41.913376],[12.467236,41.91337],[12.467247,41.913356],[12.467257,41.913333],[12.467265,41.913322],[12.467275,41.913315],[12.467289,41.913313],[12.467305,41.913315],[12.468363,41.91358],[12.468426,41.913598],[12.468445,41.913606],[12.468456,41.913618],[12.468461,41.913634],[12.468461,41.913677],[12.468467,41.913698],[12.468482,41.913714],[12.468508,41.913725],[12.469175,41.913896],[12.469503,41.91404]]}},{"type":"Feature","properties":{"mode":"bus","n":7,"arr":["19BUS","89","490","590","982","n3d","nMA"],"lines":"19BUS, 89, 490, 590, 982, n3d, nMA"},"geometry":{"type":"LineString","coordinates":[[12.469703,41.914218],[12.469503,41.91404]]}},{"type":"Feature","properties":{"mode":"bus","n":6,"arr":["19BUS","89","490","590","n3d","nMA"],"lines":"19BUS, 89, 490, 590, n3d, nMA"},"geometry":{"type":"LineString","coordinates":[[12.469697,41.914235],[12.469703,41.914218]]}},{"type":"Feature","properties":{"mode":"bus","n":11,"arr":["19BUS","89","490","495","590","628","C3","G04","n3d","n201","nMA"],"lines":"19BUS, 89, 490, 495, 590, 628, C3, G04, n3d, n201, nMA"},"geometry":{"type":"LineString","coordinates":[[12.469732,41.914246],[12.469697,41.914235]]}},{"type":"Feature","properties":{"mode":"bus","n":9,"arr":["19BUS","60","62","66","82","90","n3d","n66","n90"],"lines":"19BUS, 60, 62, 66, 82, 90, n3d, n66, n90"},"geometry":{"type":"LineString","coordinates":[[12.506672,41.912824],[12.506737,41.912872]]}},{"type":"Feature","properties":{"mode":"bus","n":7,"arr":["60","62","66","82","90","n66","n90"],"lines":"60, 62, 66, 82, 90, n66, n90"},"geometry":{"type":"LineString","coordinates":[[12.506737,41.912872],[12.508672,41.914176]]}},{"type":"Feature","properties":{"mode":"bus","n":7,"arr":["60","62","66","82","90","n66","n90"],"lines":"60, 62, 66, 82, 90, n66, n90"},"geometry":{"type":"LineString","coordinates":[[12.504177,41.911194],[12.503785,41.910935],[12.503576,41.910739],[12.503028,41.91034],[12.502154,41.90976]]}},{"type":"Feature","properties":{"mode":"bus","n":7,"arr":["60","62","66","82","90","n66","n90"],"lines":"60, 62, 66, 82, 90, n66, n90"},"geometry":{"type":"LineString","coordinates":[[12.506672,41.912824],[12.504349,41.911237],[12.504223,41.911205],[12.50421,41.911203],[12.504201,41.911202],[12.504197,41.911203],[12.504198,41.911206],[12.504203,41.911211],[12.504213,41.911218],[12.506626,41.912866]]}},{"type":"Feature","properties":{"mode":"bus","n":7,"arr":["60","62","66","82","90","n66","n90"],"lines":"60, 62, 66, 82, 90, n66, n90"},"geometry":{"type":"LineString","coordinates":[[12.506741,41.912946],[12.511542,41.916209]]}},{"type":"Feature","properties":{"mode":"bus","n":7,"arr":["60","62","66","82","90","n66","n90"],"lines":"60, 62, 66, 82, 90, n66, n90"},"geometry":{"type":"LineString","coordinates":[[12.501685,41.909726],[12.502111,41.909956],[12.502681,41.910369]]}},{"type":"Feature","properties":{"mode":"bus","n":7,"arr":["60","62","66","82","90","n66","n90"],"lines":"60, 62, 66, 82, 90, n66, n90"},"geometry":{"type":"LineString","coordinates":[[12.501657,41.909342],[12.501587,41.909285]]}},{"type":"Feature","properties":{"mode":"bus","n":9,"arr":["020","022","033","035","037","200","303","C5","n200"],"lines":"020, 022, 033, 035, 037, 200, 303, C5, n200"},"geometry":{"type":"LineString","coordinates":[[12.493801,42.000507],[12.493646,42.000396],[12.493625,42.000287],[12.493683,42.000227]]}},{"type":"Feature","properties":{"mode":"bus","n":9,"arr":["020","022","033","035","037","200","303","C5","n200"],"lines":"020, 022, 033, 035, 037, 200, 303, C5, n200"},"geometry":{"type":"LineString","coordinates":[[12.494223,42.000199],[12.493431,42.000776]]}},{"type":"Feature","properties":{"mode":"bus","n":9,"arr":["020","022","033","035","037","200","303","C5","n200"],"lines":"020, 022, 033, 035, 037, 200, 303, C5, n200"},"geometry":{"type":"LineString","coordinates":[[12.493109,42.001025],[12.493397,42.000802],[12.493421,42.00079],[12.493445,42.000788],[12.493471,42.000796],[12.493703,42.000914]]}},{"type":"Feature","properties":{"mode":"bus","n":9,"arr":["020","022","033","035","037","200","303","C5","n200"],"lines":"020, 022, 033, 035, 037, 200, 303, C5, n200"},"geometry":{"type":"LineString","coordinates":[[12.493633,42.001119],[12.493304,42.001167]]}},{"type":"Feature","properties":{"mode":"bus","n":6,"arr":["020","033","035","037","303","C5"],"lines":"020, 033, 035, 037, 303, C5"},"geometry":{"type":"LineString","coordinates":[[12.493689,42.000201],[12.493683,42.000227]]}},{"type":"Feature","properties":{"mode":"bus","n":5,"arr":["020","022","200","303","n200"],"lines":"020, 022, 200, 303, n200"},"geometry":{"type":"LineString","coordinates":[[12.493683,42.000227],[12.493998,42.000133]]}},{"type":"Feature","properties":{"mode":"bus","n":6,"arr":["020","022","037","200","303","n200"],"lines":"020, 022, 037, 200, 303, n200"},"geometry":{"type":"LineString","coordinates":[[12.493998,42.000133],[12.4941,42.000112]]}},{"type":"Feature","properties":{"mode":"bus","n":8,"arr":["020","022","033","035","200","303","C5","n200"],"lines":"020, 022, 033, 035, 200, 303, C5, n200"},"geometry":{"type":"LineString","coordinates":[[12.494067,42.001099],[12.493703,42.000914]]}},{"type":"Feature","properties":{"mode":"bus","n":5,"arr":["020","022","200","C5","n200"],"lines":"020, 022, 200, C5, n200"},"geometry":{"type":"LineString","coordinates":[[12.496641,42.001825],[12.496243,42.001728],[12.495182,42.001543],[12.494874,42.001439],[12.494067,42.001099],[12.49393,42.001079],[12.493633,42.001119]]}},{"type":"Feature","properties":{"mode":"bus","n":6,"arr":["20","058","500","506","507","509"],"lines":"20, 058, 500, 506, 507, 509"},"geometry":{"type":"LineString","coordinates":[[12.626099,41.857292],[12.626109,41.85723]]}},{"type":"Feature","properties":{"mode":"bus","n":8,"arr":["20","20L","058","500","506","507","552","n500"],"lines":"20, 20L, 058, 500, 506, 507, 552, n500"},"geometry":{"type":"LineString","coordinates":[[12.630483,41.859293],[12.630537,41.859135],[12.630319,41.858783],[12.630148,41.858615]]}},{"type":"Feature","properties":{"mode":"bus","n":5,"arr":["20","20L","047","500","n500"],"lines":"20, 20L, 047, 500, n500"},"geometry":{"type":"LineString","coordinates":[[12.617321,41.855766],[12.617497,41.855818]]}},{"type":"Feature","properties":{"mode":"bus","n":6,"arr":["20","20L","046","500","552","n500"],"lines":"20, 20L, 046, 500, 552, n500"},"geometry":{"type":"LineString","coordinates":[[12.607649,41.855041],[12.608038,41.855078],[12.608399,41.855084],[12.608823,41.855023],[12.609204,41.854879],[12.609821,41.854515],[12.610061,41.854421],[12.610358,41.854348]]}},{"type":"Feature","properties":{"mode":"bus","n":6,"arr":["20","20L","046","500","552","n500"],"lines":"20, 20L, 046, 500, 552, n500"},"geometry":{"type":"LineString","coordinates":[[12.607604,41.854637],[12.608765,41.854319]]}},{"type":"Feature","properties":{"mode":"bus","n":5,"arr":["20","20L","047","556","557"],"lines":"20, 20L, 047, 556, 557"},"geometry":{"type":"LineString","coordinates":[[12.591435,41.858771],[12.590602,41.856879],[12.590187,41.855643]]}},{"type":"Feature","properties":{"mode":"bus","n":7,"arr":["20","20L","046","047","556","559","n500"],"lines":"20, 20L, 046, 047, 556, 559, n500"},"geometry":{"type":"LineString","coordinates":[[12.590031,41.854727],[12.590003,41.85427],[12.590048,41.853868],[12.590681,41.850885],[12.590836,41.850335],[12.590868,41.85006],[12.591154,41.848807],[12.591246,41.848521],[12.59129,41.848243],[12.591291,41.848056],[12.591215,41.847687],[12.591123,41.847447],[12.590983,41.84722]]}},{"type":"Feature","properties":{"mode":"bus","n":5,"arr":["20","20L","047","556","559"],"lines":"20, 20L, 047, 556, 559"},"geometry":{"type":"LineString","coordinates":[[12.587782,41.844334],[12.58757,41.844415],[12.586073,41.845258],[12.586003,41.845338],[12.585897,41.845542],[12.585897,41.845645],[12.585953,41.845722],[12.586124,41.845778],[12.586545,41.845741],[12.58722,41.845733],[12.589961,41.846363],[12.590155,41.846428],[12.590318,41.846549]]}},{"type":"Feature","properties":{"mode":"bus","n":6,"arr":["20","20L","047","500","556","559"],"lines":"20, 20L, 047, 500, 556, 559"},"geometry":{"type":"LineString","coordinates":[[12.588153,41.844223],[12.587782,41.844334]]}},{"type":"Feature","properties":{"mode":"bus","n":6,"arr":["20","20L","047","500","556","559"],"lines":"20, 20L, 047, 500, 556, 559"},"geometry":{"type":"LineString","coordinates":[[12.587983,41.842689],[12.588401,41.842945]]}},{"type":"Feature","properties":{"mode":"bus","n":6,"arr":["20","20L","046","556","559","n500"],"lines":"20, 20L, 046, 556, 559, n500"},"geometry":{"type":"LineString","coordinates":[[12.590983,41.84722],[12.591039,41.847023]]}},{"type":"Feature","properties":{"mode":"bus","n":5,"arr":["20","20L","046","556","557"],"lines":"20, 20L, 046, 556, 557"},"geometry":{"type":"LineString","coordinates":[[12.591372,41.858382],[12.590732,41.856852],[12.59051,41.856219],[12.590456,41.855938]]}},{"type":"Feature","properties":{"mode":"bus","n":5,"arr":["20","057","059","A05","n11"],"lines":"20, 057, 059, A05, n11"},"geometry":{"type":"LineString","coordinates":[[12.632728,41.871032],[12.633128,41.870649],[12.635999,41.868394],[12.636554,41.868002],[12.637042,41.867722]]}},{"type":"Feature","properties":{"mode":"bus","n":5,"arr":["20","057","059","A50","n11"],"lines":"20, 057, 059, A50, n11"},"geometry":{"type":"LineString","coordinates":[[12.637321,41.867953],[12.635322,41.869391],[12.633601,41.870729]]}},{"type":"Feature","properties":{"mode":"bus","n":5,"arr":["20","058","058F","059","n11"],"lines":"20, 058, 058F, 059, n11"},"geometry":{"type":"LineString","coordinates":[[12.630374,41.874973],[12.630805,41.875219],[12.630823,41.875235],[12.630826,41.875252],[12.630815,41.87527],[12.630559,41.875537],[12.630439,41.875777],[12.629597,41.879084],[12.629518,41.879306],[12.628469,41.880225],[12.628345,41.88029],[12.627618,41.880475],[12.625395,41.880974]]}},{"type":"Feature","properties":{"mode":"bus","n":5,"arr":["20","058","058F","059","n11"],"lines":"20, 058, 058F, 059, n11"},"geometry":{"type":"LineString","coordinates":[[12.630476,41.875672],[12.628692,41.87472]]}},{"type":"Feature","properties":{"mode":"bus","n":5,"arr":["20","058","058F","A50","n11"],"lines":"20, 058, 058F, A50, n11"},"geometry":{"type":"LineString","coordinates":[[12.622967,41.878866],[12.622507,41.879142],[12.621943,41.879551],[12.620081,41.881073],[12.619834,41.881313],[12.61959,41.881603],[12.619382,41.881934],[12.619145,41.882498],[12.619078,41.882881],[12.618988,41.883015],[12.618842,41.883089],[12.618727,41.883095],[12.618608,41.883068],[12.618471,41.882985],[12.618387,41.882818]]}},{"type":"Feature","properties":{"mode":"bus","n":5,"arr":["20","058","058F","A05","n11"],"lines":"20, 058, 058F, A05, n11"},"geometry":{"type":"LineString","coordinates":[[12.618524,41.881815],[12.618706,41.881653],[12.618921,41.881506],[12.619896,41.880971],[12.620432,41.880637],[12.621936,41.879452],[12.62277,41.878889],[12.623616,41.878449],[12.625134,41.877813]]}},{"type":"Feature","properties":{"mode":"bus","n":6,"arr":["20","057","058","058F","059","n11"],"lines":"20, 057, 058, 058F, 059, n11"},"geometry":{"type":"LineString","coordinates":[[12.629083,41.874297],[12.629573,41.874551]]}},{"type":"Feature","properties":{"mode":"bus","n":5,"arr":["021","201","223","303","n201"],"lines":"021, 201, 223, 303, n201"},"geometry":{"type":"LineString","coordinates":[[12.405599,41.985608],[12.40533,41.985625],[12.405113,41.985605]]}},{"type":"Feature","properties":{"mode":"bus","n":5,"arr":["021","201","223","303","n201"],"lines":"021, 201, 223, 303, n201"},"geometry":{"type":"LineString","coordinates":[[12.407034,41.984987],[12.406657,41.98516]]}},{"type":"Feature","properties":{"mode":"bus","n":6,"arr":["021","201","223","303","907","n201"],"lines":"021, 201, 223, 303, 907, n201"},"geometry":{"type":"LineString","coordinates":[[12.406897,41.984945],[12.406825,41.985031],[12.406657,41.98516],[12.40652,41.985225],[12.405762,41.985547],[12.40512,41.985762]]}},{"type":"Feature","properties":{"mode":"bus","n":7,"arr":["021","201","223","303","907","C6","n201"],"lines":"021, 201, 223, 303, 907, C6, n201"},"geometry":{"type":"LineString","coordinates":[[12.406897,41.984945],[12.407058,41.984549],[12.407517,41.983115],[12.407521,41.983105],[12.407524,41.983099],[12.407528,41.983097],[12.407532,41.983099],[12.407536,41.983105],[12.40754,41.983115],[12.407597,41.983283],[12.407741,41.983409],[12.4086,41.983796],[12.408868,41.983854]]}},{"type":"Feature","properties":{"mode":"bus","n":7,"arr":["021","201","223","303","907","C6","n201"],"lines":"021, 201, 223, 303, 907, C6, n201"},"geometry":{"type":"LineString","coordinates":[[12.408557,41.984117],[12.407034,41.984987]]}},{"type":"Feature","properties":{"mode":"bus","n":6,"arr":["021","201","223","303","C6","n201"],"lines":"021, 201, 223, 303, C6, n201"},"geometry":{"type":"LineString","coordinates":[[12.408868,41.983854],[12.409133,41.983822]]}},{"type":"Feature","properties":{"mode":"bus","n":6,"arr":["021","201","223","303","C6","n201"],"lines":"021, 201, 223, 303, C6, n201"},"geometry":{"type":"LineString","coordinates":[[12.414687,41.982361],[12.414512,41.982482],[12.414227,41.982607],[12.413112,41.982938],[12.411663,41.983263],[12.409559,41.983675],[12.409133,41.983822],[12.408557,41.984117]]}},{"type":"Feature","properties":{"mode":"bus","n":5,"arr":["021","201","223","C6","n201"],"lines":"021, 201, 223, C6, n201"},"geometry":{"type":"LineString","coordinates":[[12.425944,41.974986],[12.425681,41.975167],[12.42522,41.975553],[12.424468,41.976397],[12.423041,41.977912],[12.422361,41.978598],[12.421913,41.978945],[12.421753,41.979035],[12.421585,41.97909],[12.421428,41.979112],[12.421249,41.979108],[12.421033,41.979063],[12.420176,41.978796],[12.419847,41.978734],[12.419599,41.978714],[12.419416,41.978732],[12.419176,41.978797],[12.418633,41.979036],[12.418217,41.979263],[12.417773,41.979566],[12.417093,41.980133],[12.414687,41.982361]]}},{"type":"Feature","properties":{"mode":"bus","n":5,"arr":["021","223","226","301","n201"],"lines":"021, 223, 226, 301, n201"},"geometry":{"type":"LineString","coordinates":[[12.433724,41.971576],[12.433878,41.971668]]}},{"type":"Feature","properties":{"mode":"bus","n":5,"arr":["031","201","223","907","n201"],"lines":"031, 201, 223, 907, n201"},"geometry":{"type":"LineString","coordinates":[[12.404382,41.98604],[12.404253,41.98612],[12.404161,41.986147],[12.404148,41.98615],[12.404139,41.986151],[12.404135,41.98615],[12.404135,41.986146],[12.404139,41.98614],[12.404147,41.986132],[12.404295,41.986001],[12.404478,41.985791]]}},{"type":"Feature","properties":{"mode":"bus","n":5,"arr":["033","035","200","C5","n200"],"lines":"033, 035, 200, C5, n200"},"geometry":{"type":"LineString","coordinates":[[12.494546,41.999826],[12.494577,41.999851]]}},{"type":"Feature","properties":{"mode":"bus","n":6,"arr":["022","033","035","200","C5","n200"],"lines":"022, 033, 035, 200, C5, n200"},"geometry":{"type":"LineString","coordinates":[[12.494577,41.999851],[12.494617,41.999895],[12.494626,41.99991],[12.494624,41.999924],[12.494611,41.999937],[12.494477,42.000028]]}},{"type":"Feature","properties":{"mode":"bus","n":7,"arr":["022","033","035","037","200","C5","n200"],"lines":"022, 033, 035, 037, 200, C5, n200"},"geometry":{"type":"LineString","coordinates":[[12.494477,42.000028],[12.494223,42.000199]]}},{"type":"Feature","properties":{"mode":"bus","n":5,"arr":["022","037","200","C3","n200"],"lines":"022, 037, 200, C3, n200"},"geometry":{"type":"LineString","coordinates":[[12.494093,41.998752],[12.494225,41.998764]]}},{"type":"Feature","properties":{"mode":"bus","n":9,"arr":["022","200","C2","C3","C4","C5","C6","C7","n200"],"lines":"022, 200, C2, C3, C4, C5, C6, C7, n200"},"geometry":{"type":"LineString","coordinates":[[12.496923,41.999493],[12.496485,42.000402]]}},{"type":"Feature","properties":{"mode":"bus","n":5,"arr":["23","170","669","670","791"],"lines":"23, 170, 669, 670, 791"},"geometry":{"type":"LineString","coordinates":[[12.473098,41.852401],[12.473133,41.852318]]}},{"type":"Feature","properties":{"mode":"bus","n":6,"arr":["23","170","670","791","nMB","nME"],"lines":"23, 170, 670, 791, nMB, nME"},"geometry":{"type":"LineString","coordinates":[[12.472613,41.853927],[12.473316,41.852376]]}},{"type":"Feature","properties":{"mode":"bus","n":5,"arr":["23","769","792","nMB","nME"],"lines":"23, 769, 792, nMB, nME"},"geometry":{"type":"LineString","coordinates":[[12.478722,41.862886],[12.478337,41.860673],[12.478343,41.860513],[12.478429,41.860153],[12.478399,41.859941],[12.477861,41.857832],[12.477756,41.857572],[12.477554,41.857227]]}},{"type":"Feature","properties":{"mode":"bus","n":5,"arr":["23","769","792","nMB","nME"],"lines":"23, 769, 792, nMB, nME"},"geometry":{"type":"LineString","coordinates":[[12.473768,41.85723],[12.474265,41.859037],[12.474352,41.859201],[12.474542,41.859371],[12.475144,41.85976],[12.475844,41.860273],[12.475967,41.860411],[12.475999,41.860591],[12.476152,41.860752],[12.476878,41.861386],[12.47708,41.861619],[12.478107,41.862545],[12.478614,41.862964],[12.479404,41.867749]]}},{"type":"Feature","properties":{"mode":"bus","n":7,"arr":["23","715","716","769","n716","nMB","nME"],"lines":"23, 715, 716, 769, n716, nMB, nME"},"geometry":{"type":"LineString","coordinates":[[12.480298,41.872372],[12.480176,41.872384]]}},{"type":"Feature","properties":{"mode":"bus","n":9,"arr":["23","96","715","716","769","780","n716","nMB","nME"],"lines":"23, 96, 715, 716, 769, 780, n716, nMB, nME"},"geometry":{"type":"LineString","coordinates":[[12.480176,41.872384],[12.480738,41.875706],[12.480745,41.875731],[12.480748,41.875737],[12.480753,41.875741],[12.480759,41.875742],[12.480767,41.875742],[12.480917,41.875717]]}},{"type":"Feature","properties":{"mode":"bus","n":13,"arr":["23","77","96","715","716","769","775","780","n3d","n3s","n716","nMB","nME"],"lines":"23, 77, 96, 715, 716, 769, 775, 780, n3d, n3s, n716, nMB, nME"},"geometry":{"type":"LineString","coordinates":[[12.480917,41.875717],[12.481051,41.875877],[12.481619,41.876409]]}},{"type":"Feature","properties":{"mode":"bus","n":8,"arr":["23","715","716","775","n3d","n3s","nMB","nME"],"lines":"23, 715, 716, 775, n3d, n3s, nMB, nME"},"geometry":{"type":"LineString","coordinates":[[12.481619,41.876409],[12.481853,41.876546],[12.481929,41.87667]]}},{"type":"Feature","properties":{"mode":"bus","n":9,"arr":["23","715","716","775","n3d","n3s","n716","nMB","nME"],"lines":"23, 715, 716, 775, n3d, n3s, n716, nMB, nME"},"geometry":{"type":"LineString","coordinates":[[12.481929,41.87667],[12.48195,41.876731]]}},{"type":"Feature","properties":{"mode":"bus","n":17,"arr":["23","30","77","83","96","280","715","716","719","775","780","F01","n3d","n3s","n716","nMB","nME"],"lines":"23, 30, 77, 83, 96, 280, 715, 716, 719, 775, 780, F01, n3d, n3s, n716, nMB, nME"},"geometry":{"type":"LineString","coordinates":[[12.48195,41.876731],[12.481913,41.877004],[12.481938,41.877395]]}},{"type":"Feature","properties":{"mode":"bus","n":13,"arr":["23","30","77","83","280","715","716","719","780","F01","n3d","n716","nME"],"lines":"23, 30, 77, 83, 280, 715, 716, 719, 780, F01, n3d, n716, nME"},"geometry":{"type":"LineString","coordinates":[[12.481766,41.877399],[12.481785,41.877436]]}},{"type":"Feature","properties":{"mode":"bus","n":10,"arr":["23","30","83","280","715","716","719","n3d","n716","nME"],"lines":"23, 30, 83, 280, 715, 716, 719, n3d, n716, nME"},"geometry":{"type":"LineString","coordinates":[[12.481785,41.877436],[12.481815,41.877482]]}},{"type":"Feature","properties":{"mode":"bus","n":16,"arr":["23","30","75","77","83","96","280","715","716","719","780","F01","n3d","n716","nMB","nME"],"lines":"23, 30, 75, 77, 83, 96, 280, 715, 716, 719, 780, F01, n3d, n716, nMB, nME"},"geometry":{"type":"LineString","coordinates":[[12.481027,41.877099],[12.481193,41.877128],[12.48172,41.877353]]}},{"type":"Feature","properties":{"mode":"bus","n":11,"arr":["23","30","83","170","280","716","781","F01","F10","n716","nME"],"lines":"23, 30, 83, 170, 280, 716, 781, F01, F10, n716, nME"},"geometry":{"type":"LineString","coordinates":[[12.47645,41.88243],[12.476503,41.882486]]}},{"type":"Feature","properties":{"mode":"bus","n":6,"arr":["23","44","83","170","280","781"],"lines":"23, 44, 83, 170, 280, 781"},"geometry":{"type":"LineString","coordinates":[[12.476419,41.883368],[12.479016,41.885506],[12.479755,41.886345]]}},{"type":"Feature","properties":{"mode":"bus","n":5,"arr":["23","115","280","870","n3d"],"lines":"23, 115, 280, 870, n3d"},"geometry":{"type":"LineString","coordinates":[[12.464253,41.89979],[12.464291,41.899415],[12.464426,41.899125],[12.465979,41.89693],[12.466205,41.896717],[12.466551,41.896449]]}},{"type":"Feature","properties":{"mode":"bus","n":18,"arr":["23","34","40","46","62","64","98","115","190F","870","881","916","916F","982","n3d","n46","n98","n904"],"lines":"23, 34, 40, 46, 62, 64, 98, 115, 190F, 870, 881, 916, 916F, 982, n3d, n46, n98, n904"},"geometry":{"type":"LineString","coordinates":[[12.463769,41.901584],[12.464891,41.900739]]}},{"type":"Feature","properties":{"mode":"bus","n":5,"arr":["23","280","982","n3d","n3s"],"lines":"23, 280, 982, n3d, n3s"},"geometry":{"type":"LineString","coordinates":[[12.4632,41.904152],[12.463129,41.903625],[12.46313,41.903381],[12.463086,41.903315],[12.462952,41.902418],[12.46295,41.902248],[12.463005,41.902165],[12.463769,41.901584]]}},{"type":"Feature","properties":{"mode":"bus","n":8,"arr":["23","49","81","280","492","913","982","n3d"],"lines":"23, 49, 81, 280, 492, 913, 982, n3d"},"geometry":{"type":"LineString","coordinates":[[12.458932,41.906067],[12.463417,41.905754]]}},{"type":"Feature","properties":{"mode":"bus","n":7,"arr":["23","49","280","492","913","982","n3s"],"lines":"23, 49, 280, 492, 913, 982, n3s"},"geometry":{"type":"LineString","coordinates":[[12.458932,41.906067],[12.45888,41.905746]]}},{"type":"Feature","properties":{"mode":"bus","n":8,"arr":["23","49","81","492","913","982","n3d","n3s"],"lines":"23, 49, 81, 492, 913, 982, n3d, n3s"},"geometry":{"type":"LineString","coordinates":[[12.458991,41.906448],[12.458932,41.906067]]}},{"type":"Feature","properties":{"mode":"bus","n":7,"arr":["23","49","492","913","982","n3d","n3s"],"lines":"23, 49, 492, 913, 982, n3d, n3s"},"geometry":{"type":"LineString","coordinates":[[12.455586,41.907549],[12.455846,41.906462],[12.455898,41.906371],[12.456016,41.906315],[12.456335,41.906258],[12.456631,41.906273],[12.456719,41.906338],[12.456772,41.906527],[12.45678,41.906542],[12.456793,41.906552],[12.456812,41.906559],[12.456873,41.906572],[12.458812,41.906436],[12.458991,41.906448]]}},{"type":"Feature","properties":{"mode":"bus","n":7,"arr":["23","49","492","913","982","n3d","n3s"],"lines":"23, 49, 492, 913, 982, n3d, n3s"},"geometry":{"type":"LineString","coordinates":[[12.456446,41.906257],[12.456609,41.906139]]}},{"type":"Feature","properties":{"mode":"bus","n":5,"arr":["49","492","982","n3d","n3s"],"lines":"49, 492, 982, n3d, n3s"},"geometry":{"type":"LineString","coordinates":[[12.456609,41.906139],[12.45662,41.906123]]}},{"type":"Feature","properties":{"mode":"bus","n":6,"arr":["23","492","913","982","n3d","n3s"],"lines":"23, 492, 913, 982, n3d, n3s"},"geometry":{"type":"LineString","coordinates":[[12.455336,41.908599],[12.455586,41.907549]]}},{"type":"Feature","properties":{"mode":"bus","n":8,"arr":["23","32","70","492","913","982","n3d","n3s"],"lines":"23, 32, 70, 492, 913, 982, n3d, n3s"},"geometry":{"type":"LineString","coordinates":[[12.455305,41.908716],[12.455336,41.908599]]}},{"type":"Feature","properties":{"mode":"bus","n":11,"arr":["23","32","70","180F","492","913","913L","982","990","n3s","n913"],"lines":"23, 32, 70, 180F, 492, 913, 913L, 982, 990, n3s, n913"},"geometry":{"type":"LineString","coordinates":[[12.455305,41.908716],[12.454916,41.910394]]}},{"type":"Feature","properties":{"mode":"bus","n":13,"arr":["23","32","70","180F","490","492","590","913","913L","982","990","n3s","n913"],"lines":"23, 32, 70, 180F, 490, 492, 590, 913, 913L, 982, 990, n3s, n913"},"geometry":{"type":"LineString","coordinates":[[12.45491,41.910418],[12.454916,41.910394]]}},{"type":"Feature","properties":{"mode":"bus","n":5,"arr":["23","30","69","70","n70"],"lines":"23, 30, 69, 70, n70"},"geometry":{"type":"LineString","coordinates":[[12.453603,41.915627],[12.453644,41.915589]]}},{"type":"Feature","properties":{"mode":"bus","n":9,"arr":["23","30","31","33","69","70","89","495","n70"],"lines":"23, 30, 31, 33, 69, 70, 89, 495, n70"},"geometry":{"type":"LineString","coordinates":[[12.453603,41.915627],[12.453751,41.915727],[12.454399,41.916284]]}},{"type":"Feature","properties":{"mode":"bus","n":9,"arr":["23","30","31","33","69","70","89","495","n70"],"lines":"23, 30, 31, 33, 69, 70, 89, 495, n70"},"geometry":{"type":"LineString","coordinates":[[12.456155,41.917709],[12.455429,41.917119]]}},{"type":"Feature","properties":{"mode":"bus","n":9,"arr":["23","30","31","33","69","70","89","495","n70"],"lines":"23, 30, 31, 33, 69, 70, 89, 495, n70"},"geometry":{"type":"LineString","coordinates":[[12.454858,41.917153],[12.453401,41.915958],[12.453281,41.915911]]}},{"type":"Feature","properties":{"mode":"bus","n":5,"arr":["23","31","33","69","70"],"lines":"23, 31, 33, 69, 70"},"geometry":{"type":"LineString","coordinates":[[12.455429,41.917119],[12.454399,41.916284]]}},{"type":"Feature","properties":{"mode":"bus","n":8,"arr":["23","30","31","33","70","89","495","n70"],"lines":"23, 30, 31, 33, 70, 89, 495, n70"},"geometry":{"type":"LineString","coordinates":[[12.456023,41.917878],[12.456155,41.917709]]}},{"type":"Feature","properties":{"mode":"bus","n":8,"arr":["23","30","31","33","70","89","495","n70"],"lines":"23, 30, 31, 33, 70, 89, 495, n70"},"geometry":{"type":"LineString","coordinates":[[12.454898,41.91718],[12.454858,41.917153]]}},{"type":"Feature","properties":{"mode":"bus","n":8,"arr":["23","30","31","33","69","70","89","n70"],"lines":"23, 30, 31, 33, 69, 70, 89, n70"},"geometry":{"type":"LineString","coordinates":[[12.456023,41.917878],[12.455894,41.917815]]}},{"type":"Feature","properties":{"mode":"bus","n":5,"arr":["23","33","69","70","89"],"lines":"23, 33, 69, 70, 89"},"geometry":{"type":"LineString","coordinates":[[12.455894,41.917815],[12.455806,41.917671]]}},{"type":"Feature","properties":{"mode":"bus","n":5,"arr":["23","33","69","70","89"],"lines":"23, 33, 69, 70, 89"},"geometry":{"type":"LineString","coordinates":[[12.455512,41.917378],[12.455403,41.917298]]}},{"type":"Feature","properties":{"mode":"bus","n":6,"arr":["23","30","69","70","89","n70"],"lines":"23, 30, 69, 70, 89, n70"},"geometry":{"type":"LineString","coordinates":[[12.453281,41.915911],[12.453297,41.915809],[12.453348,41.91574],[12.453447,41.91568],[12.453603,41.915627]]}},{"type":"Feature","properties":{"mode":"bus","n":19,"arr":["23","34","40","46","62","64","98","115","190F","280","870","881","916","916F","982","n3s","n46","n98","n904"],"lines":"23, 34, 40, 46, 62, 64, 98, 115, 190F, 280, 870, 881, 916, 916F, 982, n3s, n46, n98, n904"},"geometry":{"type":"LineString","coordinates":[[12.463769,41.901584],[12.463264,41.901136],[12.463062,41.900907],[12.462862,41.900503],[12.462636,41.899792]]}},{"type":"Feature","properties":{"mode":"bus","n":18,"arr":["23","34","40","46","62","64","98","115","190F","280","881","916","916F","982","n3s","n46","n98","n904"],"lines":"23, 34, 40, 46, 62, 64, 98, 115, 190F, 280, 881, 916, 916F, 982, n3s, n46, n98, n904"},"geometry":{"type":"LineString","coordinates":[[12.462636,41.899792],[12.462596,41.899684]]}},{"type":"Feature","properties":{"mode":"bus","n":17,"arr":["23","34","40","46","62","64","98","190F","280","881","916","916F","982","n3s","n46","n98","n904"],"lines":"23, 34, 40, 46, 62, 64, 98, 190F, 280, 881, 916, 916F, 982, n3s, n46, n98, n904"},"geometry":{"type":"LineString","coordinates":[[12.462636,41.899696],[12.462596,41.899684]]}},{"type":"Feature","properties":{"mode":"bus","n":16,"arr":["23","34","40","46","62","64","98","190F","280","881","916","916F","982","n46","n98","n904"],"lines":"23, 34, 40, 46, 62, 64, 98, 190F, 280, 881, 916, 916F, 982, n46, n98, n904"},"geometry":{"type":"LineString","coordinates":[[12.4627,41.899715],[12.462636,41.899696]]}},{"type":"Feature","properties":{"mode":"bus","n":14,"arr":["34","40","46","62","64","98","190F","881","916","916F","982","n46","n98","n904"],"lines":"34, 40, 46, 62, 64, 98, 190F, 881, 916, 916F, 982, n46, n98, n904"},"geometry":{"type":"LineString","coordinates":[[12.464253,41.89979],[12.4627,41.899715]]}},{"type":"Feature","properties":{"mode":"bus","n":7,"arr":["23","34","190F","280","982","n3s","n98"],"lines":"23, 34, 190F, 280, 982, n3s, n98"},"geometry":{"type":"LineString","coordinates":[[12.462588,41.899665],[12.462596,41.899684]]}},{"type":"Feature","properties":{"mode":"bus","n":5,"arr":["23","115","280","870","n3s"],"lines":"23, 115, 280, 870, n3s"},"geometry":{"type":"LineString","coordinates":[[12.465448,41.895671],[12.465027,41.896045],[12.463285,41.898269],[12.462939,41.898618],[12.462759,41.898898],[12.462681,41.89907],[12.462533,41.899501],[12.462549,41.899567]]}},{"type":"Feature","properties":{"mode":"bus","n":17,"arr":["23","30","77","83","96","280","715","716","719","775","780","F10","n3d","n3s","n716","nMB","nME"],"lines":"23, 30, 77, 83, 96, 280, 715, 716, 719, 775, 780, F10, n3d, n3s, n716, nMB, nME"},"geometry":{"type":"LineString","coordinates":[[12.481165,41.876585],[12.48094,41.876759],[12.480891,41.876822],[12.480868,41.876915]]}},{"type":"Feature","properties":{"mode":"bus","n":9,"arr":["23","83","96","715","716","780","n716","nMB","nME"],"lines":"23, 83, 96, 715, 716, 780, n716, nMB, nME"},"geometry":{"type":"LineString","coordinates":[[12.481165,41.876585],[12.481214,41.876517],[12.481217,41.876422],[12.481137,41.876282],[12.481037,41.87619]]}},{"type":"Feature","properties":{"mode":"bus","n":8,"arr":["23","96","715","716","780","n716","nMB","nME"],"lines":"23, 96, 715, 716, 780, n716, nMB, nME"},"geometry":{"type":"LineString","coordinates":[[12.481037,41.87619],[12.480619,41.875763]]}},{"type":"Feature","properties":{"mode":"bus","n":6,"arr":["23","715","716","n716","nMB","nME"],"lines":"23, 715, 716, n716, nMB, nME"},"geometry":{"type":"LineString","coordinates":[[12.480619,41.875763],[12.480749,41.875745]]}},{"type":"Feature","properties":{"mode":"bus","n":6,"arr":["23","715","716","769","n716","nME"],"lines":"23, 715, 716, 769, n716, nME"},"geometry":{"type":"LineString","coordinates":[[12.484419,41.867343],[12.48438,41.869143],[12.484759,41.87156],[12.484755,41.871584],[12.484735,41.871602],[12.484683,41.871633],[12.481886,41.872055],[12.480298,41.872372]]}},{"type":"Feature","properties":{"mode":"bus","n":5,"arr":["23","669","769","nMB","nME"],"lines":"23, 669, 769, nMB, nME"},"geometry":{"type":"LineString","coordinates":[[12.473711,41.857059],[12.473768,41.85723]]}},{"type":"Feature","properties":{"mode":"bus","n":9,"arr":["23","128","670","766","769","792","C6","nMB","nME"],"lines":"23, 128, 670, 766, 769, 792, C6, nMB, nME"},"geometry":{"type":"LineString","coordinates":[[12.475033,41.856926],[12.473711,41.857059]]}},{"type":"Feature","properties":{"mode":"bus","n":10,"arr":["23","128","670","766","769","792","C6","C8","nMB","nME"],"lines":"23, 128, 670, 766, 769, 792, C6, C8, nMB, nME"},"geometry":{"type":"LineString","coordinates":[[12.476212,41.856821],[12.475033,41.856926]]}},{"type":"Feature","properties":{"mode":"bus","n":9,"arr":["23","128","670","766","769","792","C8","nMB","nME"],"lines":"23, 128, 670, 766, 769, 792, C8, nMB, nME"},"geometry":{"type":"LineString","coordinates":[[12.476723,41.856778],[12.476212,41.856821]]}},{"type":"Feature","properties":{"mode":"bus","n":7,"arr":["025","027","028","146","190F","905","n904"],"lines":"025, 027, 028, 146, 190F, 905, n904"},"geometry":{"type":"LineString","coordinates":[[12.372987,41.916153],[12.368522,41.915827]]}},{"type":"Feature","properties":{"mode":"bus","n":6,"arr":["025","91","146","190F","905","n904"],"lines":"025, 91, 146, 190F, 905, n904"},"geometry":{"type":"LineString","coordinates":[[12.377217,41.918755],[12.377261,41.918793]]}},{"type":"Feature","properties":{"mode":"bus","n":6,"arr":["025","91","146","190F","905","n904"],"lines":"025, 91, 146, 190F, 905, n904"},"geometry":{"type":"LineString","coordinates":[[12.379684,41.915723],[12.379781,41.915725]]}},{"type":"Feature","properties":{"mode":"bus","n":5,"arr":["025","91","190F","905","n904"],"lines":"025, 91, 190F, 905, n904"},"geometry":{"type":"LineString","coordinates":[[12.377261,41.918793],[12.377374,41.918822],[12.377549,41.918762],[12.377562,41.918758],[12.37757,41.918757],[12.377574,41.918758],[12.377574,41.918761],[12.37757,41.918767],[12.377562,41.918775],[12.377458,41.918869],[12.377343,41.9189]]}},{"type":"Feature","properties":{"mode":"bus","n":5,"arr":["025","028","031","905","n904"],"lines":"025, 028, 031, 905, n904"},"geometry":{"type":"LineString","coordinates":[[12.367589,41.923353],[12.367639,41.923327]]}},{"type":"Feature","properties":{"mode":"bus","n":5,"arr":["025","027","028","031","905"],"lines":"025, 027, 028, 031, 905"},"geometry":{"type":"LineString","coordinates":[[12.358832,41.927427],[12.35884,41.92722],[12.358901,41.927101],[12.359486,41.926396],[12.359655,41.926255],[12.359844,41.926142],[12.360235,41.925973],[12.360558,41.925866],[12.361369,41.925705],[12.362382,41.925409],[12.362811,41.925312]]}},{"type":"Feature","properties":{"mode":"bus","n":9,"arr":["028","146","190F","904","905","908","916F","993","n904"],"lines":"028, 146, 190F, 904, 905, 908, 916F, 993, n904"},"geometry":{"type":"LineString","coordinates":[[12.383938,41.914283],[12.383388,41.914979],[12.383386,41.915038],[12.383423,41.915088],[12.383491,41.915112],[12.383622,41.915116]]}},{"type":"Feature","properties":{"mode":"bus","n":6,"arr":["028","146","905","908","916F","993"],"lines":"028, 146, 905, 908, 916F, 993"},"geometry":{"type":"LineString","coordinates":[[12.383342,41.914985],[12.383424,41.914931]]}},{"type":"Feature","properties":{"mode":"bus","n":10,"arr":["028","91","146","190F","904","905","908","916F","993","n904"],"lines":"028, 91, 146, 190F, 904, 905, 908, 916F, 993, n904"},"geometry":{"type":"LineString","coordinates":[[12.382848,41.914888],[12.383631,41.914493],[12.383938,41.914283],[12.384658,41.91361],[12.384779,41.913417],[12.38488,41.913117]]}},{"type":"Feature","properties":{"mode":"bus","n":10,"arr":["028","91","146","190F","904","905","908","916F","993","n904"],"lines":"028, 91, 146, 190F, 904, 905, 908, 916F, 993, n904"},"geometry":{"type":"LineString","coordinates":[[12.385197,41.912758],[12.385406,41.912679],[12.385622,41.912656],[12.38608,41.912685],[12.386339,41.912759],[12.386583,41.912871],[12.386811,41.91303],[12.387649,41.913894],[12.387928,41.913997],[12.388409,41.91397]]}},{"type":"Feature","properties":{"mode":"bus","n":10,"arr":["028","91","146","190F","904","905","908","916F","993","n904"],"lines":"028, 91, 146, 190F, 904, 905, 908, 916F, 993, n904"},"geometry":{"type":"LineString","coordinates":[[12.383622,41.915116],[12.384475,41.914989],[12.385757,41.914573],[12.38621,41.914446],[12.386883,41.914296]]}},{"type":"Feature","properties":{"mode":"bus","n":7,"arr":["028","190F","904","908","916F","993","n904"],"lines":"028, 190F, 904, 908, 916F, 993, n904"},"geometry":{"type":"LineString","coordinates":[[12.384846,41.912724],[12.38488,41.913117]]}},{"type":"Feature","properties":{"mode":"bus","n":8,"arr":["028","91","146","190F","904","905","993","n904"],"lines":"028, 91, 146, 190F, 904, 905, 993, n904"},"geometry":{"type":"LineString","coordinates":[[12.386883,41.914296],[12.388409,41.91397]]}},{"type":"Feature","properties":{"mode":"bus","n":5,"arr":["029","32","038","039","334"],"lines":"029, 32, 038, 039, 334"},"geometry":{"type":"LineString","coordinates":[[12.49497,41.974209],[12.495778,41.974191],[12.495956,41.974131],[12.496069,41.974121],[12.49608,41.974121],[12.496088,41.974121],[12.496091,41.974123],[12.49609,41.974126],[12.496085,41.97413],[12.496075,41.974135],[12.496037,41.974154],[12.496017,41.97417],[12.496007,41.97419],[12.496,41.974234],[12.495998,41.974818],[12.495993,41.974839],[12.495978,41.974856],[12.495953,41.974867],[12.495818,41.974908],[12.494996,41.974917]]}},{"type":"Feature","properties":{"mode":"bus","n":5,"arr":["029","32","038","039","334"],"lines":"029, 32, 038, 039, 334"},"geometry":{"type":"LineString","coordinates":[[12.497412,41.975478],[12.497313,41.975504]]}},{"type":"Feature","properties":{"mode":"bus","n":5,"arr":["029","32","038","039","334"],"lines":"029, 32, 038, 039, 334"},"geometry":{"type":"LineString","coordinates":[[12.49611,41.974118],[12.496385,41.974109],[12.496497,41.974127],[12.497277,41.974651]]}},{"type":"Feature","properties":{"mode":"bus","n":5,"arr":["029","32","038","039","334"],"lines":"029, 32, 038, 039, 334"},"geometry":{"type":"LineString","coordinates":[[12.497392,41.975203],[12.497376,41.974852],[12.497294,41.974685],[12.497289,41.974675],[12.497288,41.974669],[12.49729,41.974666],[12.497294,41.974666],[12.497301,41.97467],[12.497311,41.974677],[12.497474,41.974802],[12.497489,41.975458]]}},{"type":"Feature","properties":{"mode":"bus","n":5,"arr":["30","31","763","L01","nMB"],"lines":"30, 31, 763, L01, nMB"},"geometry":{"type":"LineString","coordinates":[[12.480554,41.826971],[12.479479,41.827268]]}},{"type":"Feature","properties":{"mode":"bus","n":21,"arr":["30","31","72","74","702","720","723","763","765","772","C7","F01","F02","F10","F20","L01","L06","n74","n705","n716","nMB"],"lines":"30, 31, 72, 74, 702, 720, 723, 763, 765, 772, C7, F01, F02, F10, F20, L01, L06, n74, n705, n716, nMB"},"geometry":{"type":"LineString","coordinates":[[12.480796,41.826903],[12.480554,41.826971]]}},{"type":"Feature","properties":{"mode":"bus","n":20,"arr":["30","31","72","74","702","720","723","763","765","772","C7","F01","F02","F10","F20","L06","n74","n705","n716","nMB"],"lines":"30, 31, 72, 74, 702, 720, 723, 763, 765, 772, C7, F01, F02, F10, F20, L06, n74, n705, n716, nMB"},"geometry":{"type":"LineString","coordinates":[[12.481041,41.826833],[12.480796,41.826903]]}},{"type":"Feature","properties":{"mode":"bus","n":18,"arr":["30","31","72","74","702","720","765","772","C7","F01","F02","F10","F20","L06","n74","n705","n716","nMB"],"lines":"30, 31, 72, 74, 702, 720, 765, 772, C7, F01, F02, F10, F20, L06, n74, n705, n716, nMB"},"geometry":{"type":"LineString","coordinates":[[12.481134,41.826809],[12.481041,41.826833]]}},{"type":"Feature","properties":{"mode":"bus","n":17,"arr":["30","31","72","74","702","720","772","C7","F01","F02","F10","F20","L06","n74","n705","n716","nMB"],"lines":"30, 31, 72, 74, 702, 720, 772, C7, F01, F02, F10, F20, L06, n74, n705, n716, nMB"},"geometry":{"type":"LineString","coordinates":[[12.481308,41.826762],[12.481134,41.826809]]}},{"type":"Feature","properties":{"mode":"bus","n":16,"arr":["30","31","72","74","702","720","772","F01","F02","F10","F20","L06","n74","n705","n716","nMB"],"lines":"30, 31, 72, 74, 702, 720, 772, F01, F02, F10, F20, L06, n74, n705, n716, nMB"},"geometry":{"type":"LineString","coordinates":[[12.481388,41.826741],[12.481308,41.826762]]}},{"type":"Feature","properties":{"mode":"bus","n":15,"arr":["30","31","72","74","720","772","F01","F02","F10","F20","L06","n74","n705","n716","nMB"],"lines":"30, 31, 72, 74, 720, 772, F01, F02, F10, F20, L06, n74, n705, n716, nMB"},"geometry":{"type":"LineString","coordinates":[[12.48156,41.826695],[12.481388,41.826741]]}},{"type":"Feature","properties":{"mode":"bus","n":14,"arr":["30","31","72","74","772","F01","F02","F10","F20","L06","n74","n705","n716","nMB"],"lines":"30, 31, 72, 74, 772, F01, F02, F10, F20, L06, n74, n705, n716, nMB"},"geometry":{"type":"LineString","coordinates":[[12.482067,41.826774],[12.482088,41.826706],[12.482089,41.826687],[12.482079,41.826669],[12.482051,41.826636],[12.481984,41.826615],[12.481837,41.826618],[12.48156,41.826695]]}},{"type":"Feature","properties":{"mode":"bus","n":22,"arr":["30","31","72","74","702","720","721","723","762","763","765","772","C7","F01","F02","F10","F20","L06","n74","n705","n716","nMB"],"lines":"30, 31, 72, 74, 702, 720, 721, 723, 762, 763, 765, 772, C7, F01, F02, F10, F20, L06, n74, n705, n716, nMB"},"geometry":{"type":"LineString","coordinates":[[12.481679,41.827097],[12.481813,41.826953],[12.482067,41.826774]]}},{"type":"Feature","properties":{"mode":"bus","n":16,"arr":["30","31","72","74","723","762","763","C7","F01","F02","F10","F20","n74","n705","n716","nMB"],"lines":"30, 31, 72, 74, 723, 762, 763, C7, F01, F02, F10, F20, n74, n705, n716, nMB"},"geometry":{"type":"LineString","coordinates":[[12.480863,41.827369],[12.481494,41.827212],[12.481679,41.827097]]}},{"type":"Feature","properties":{"mode":"bus","n":21,"arr":["30","31","72","74","702","720","723","762","763","765","772","C7","F01","F02","F10","F20","L60","n74","n705","n716","nMB"],"lines":"30, 31, 72, 74, 702, 720, 723, 762, 763, 765, 772, C7, F01, F02, F10, F20, L60, n74, n705, n716, nMB"},"geometry":{"type":"LineString","coordinates":[[12.480785,41.827366],[12.480863,41.827369]]}},{"type":"Feature","properties":{"mode":"bus","n":18,"arr":["30","31","72","74","723","762","763","772","C7","F01","F02","F10","F20","L60","n74","n705","n716","nMB"],"lines":"30, 31, 72, 74, 723, 762, 763, 772, C7, F01, F02, F10, F20, L60, n74, n705, n716, nMB"},"geometry":{"type":"LineString","coordinates":[[12.479059,41.828001],[12.479389,41.827878],[12.480285,41.827469],[12.480601,41.827384],[12.480785,41.827366]]}},{"type":"Feature","properties":{"mode":"bus","n":28,"arr":["30","31","72","74","671","723","762","763","764","772","C7","F01","F02","F10","F20","L03","L04","L07","L08","L30","L40","L60","L70","L80","n74","n705","n716","nMB"],"lines":"30, 31, 72, 74, 671, 723, 762, 763, 764, 772, C7, F01, F02, F10, F20, L03, L04, L07, L08, L30, L40, L60, L70, L80, n74, n705, n716, nMB"},"geometry":{"type":"LineString","coordinates":[[12.478939,41.826484],[12.478853,41.826888],[12.47882,41.82724],[12.478862,41.827525],[12.479059,41.828001]]}},{"type":"Feature","properties":{"mode":"bus","n":11,"arr":["30","31","671","762","C7","C8","F01","F02","n705","n716","nMB"],"lines":"30, 31, 671, 762, C7, C8, F01, F02, n705, n716, nMB"},"geometry":{"type":"LineString","coordinates":[[12.478762,41.826599],[12.478839,41.826573],[12.478939,41.826484]]}},{"type":"Feature","properties":{"mode":"bus","n":12,"arr":["30","31","671","762","764","C7","C8","F01","F02","n705","n716","nMB"],"lines":"30, 31, 671, 762, 764, C7, C8, F01, F02, n705, n716, nMB"},"geometry":{"type":"LineString","coordinates":[[12.47849,41.826304],[12.478508,41.826467],[12.478543,41.826529],[12.478619,41.826579],[12.478762,41.826599]]}},{"type":"Feature","properties":{"mode":"bus","n":11,"arr":["30","31","671","762","764","C7","C8","F01","F02","n705","nMB"],"lines":"30, 31, 671, 762, 764, C7, C8, F01, F02, n705, nMB"},"geometry":{"type":"LineString","coordinates":[[12.475504,41.826103],[12.47849,41.826304]]}},{"type":"Feature","properties":{"mode":"bus","n":7,"arr":["31","671","762","C7","C8","n705","nMB"],"lines":"31, 671, 762, C7, C8, n705, nMB"},"geometry":{"type":"LineString","coordinates":[[12.475575,41.826012],[12.475567,41.82595]]}},{"type":"Feature","properties":{"mode":"bus","n":8,"arr":["30","31","671","762","C7","C8","n705","nMB"],"lines":"30, 31, 671, 762, C7, C8, n705, nMB"},"geometry":{"type":"LineString","coordinates":[[12.475549,41.826061],[12.475575,41.826012]]}},{"type":"Feature","properties":{"mode":"bus","n":10,"arr":["30","31","671","762","C7","C8","F01","F02","n705","nMB"],"lines":"30, 31, 671, 762, C7, C8, F01, F02, n705, nMB"},"geometry":{"type":"LineString","coordinates":[[12.475504,41.826103],[12.475549,41.826061]]}},{"type":"Feature","properties":{"mode":"bus","n":12,"arr":["30","31","671","762","764","C7","C8","F01","F02","F20","n705","nMB"],"lines":"30, 31, 671, 762, 764, C7, C8, F01, F02, F20, n705, nMB"},"geometry":{"type":"LineString","coordinates":[[12.475184,41.826099],[12.475504,41.826103]]}},{"type":"Feature","properties":{"mode":"bus","n":13,"arr":["30","31","671","762","764","C7","C8","F01","F02","F10","F20","n705","nMB"],"lines":"30, 31, 671, 762, 764, C7, C8, F01, F02, F10, F20, n705, nMB"},"geometry":{"type":"LineString","coordinates":[[12.472975,41.826734],[12.475184,41.826099]]}},{"type":"Feature","properties":{"mode":"bus","n":18,"arr":["30","31","671","705","709","724","762","764","772","778","C7","C8","F01","F02","F10","F20","n705","nMB"],"lines":"30, 31, 671, 705, 709, 724, 762, 764, 772, 778, C7, C8, F01, F02, F10, F20, n705, nMB"},"geometry":{"type":"LineString","coordinates":[[12.472873,41.826764],[12.472975,41.826734]]}},{"type":"Feature","properties":{"mode":"bus","n":21,"arr":["30","31","070","671","700","705","706","709","724","762","764","772","778","789","789F","C7","C8","F01","F02","n705","nMB"],"lines":"30, 31, 070, 671, 700, 705, 706, 709, 724, 762, 764, 772, 778, 789, 789F, C7, C8, F01, F02, n705, nMB"},"geometry":{"type":"LineString","coordinates":[[12.472873,41.826764],[12.473585,41.828115]]}},{"type":"Feature","properties":{"mode":"bus","n":13,"arr":["30","671","705","771","778","789","789F","C7","C8","F01","F02","n705","nMB"],"lines":"30, 671, 705, 771, 778, 789, 789F, C7, C8, F01, F02, n705, nMB"},"geometry":{"type":"LineString","coordinates":[[12.473585,41.828115],[12.474235,41.829374]]}},{"type":"Feature","properties":{"mode":"bus","n":10,"arr":["30","671","705","767","C7","C8","F01","F02","n705","nMB"],"lines":"30, 671, 705, 767, C7, C8, F01, F02, n705, nMB"},"geometry":{"type":"LineString","coordinates":[[12.474329,41.829349],[12.474235,41.829374]]}},{"type":"Feature","properties":{"mode":"bus","n":14,"arr":["30","671","705","767","771","778","789","789F","C7","C8","F01","F02","n705","nMB"],"lines":"30, 671, 705, 767, 771, 778, 789, 789F, C7, C8, F01, F02, n705, nMB"},"geometry":{"type":"LineString","coordinates":[[12.474235,41.829374],[12.471836,41.830061]]}},{"type":"Feature","properties":{"mode":"bus","n":18,"arr":["30","31","671","705","712","724","762","764","767","771","778","789","789F","C7","F01","F02","n705","nMB"],"lines":"30, 31, 671, 705, 712, 724, 762, 764, 767, 771, 778, 789, 789F, C7, F01, F02, n705, nMB"},"geometry":{"type":"LineString","coordinates":[[12.471836,41.830061],[12.469879,41.830627]]}},{"type":"Feature","properties":{"mode":"bus","n":14,"arr":["30","31","671","712","724","762","764","767","771","C7","F01","F02","n705","nMB"],"lines":"30, 31, 671, 712, 724, 762, 764, 767, 771, C7, F01, F02, n705, nMB"},"geometry":{"type":"LineString","coordinates":[[12.469879,41.830627],[12.469493,41.830747]]}},{"type":"Feature","properties":{"mode":"bus","n":8,"arr":["30","170","714","791","F01","F02","nMB","nME"],"lines":"30, 170, 714, 791, F01, F02, nMB, nME"},"geometry":{"type":"LineString","coordinates":[[12.477745,41.844517],[12.477047,41.844077],[12.476457,41.843599],[12.476236,41.843375],[12.47597,41.843006],[12.473018,41.837317],[12.47262,41.836432],[12.471789,41.834839]]}},{"type":"Feature","properties":{"mode":"bus","n":9,"arr":["30","170","669","714","791","F01","F02","nMB","nME"],"lines":"30, 170, 669, 714, 791, F01, F02, nMB, nME"},"geometry":{"type":"LineString","coordinates":[[12.47789,41.844607],[12.477745,41.844517]]}},{"type":"Feature","properties":{"mode":"bus","n":5,"arr":["30","669","714","F01","F02"],"lines":"30, 669, 714, F01, F02"},"geometry":{"type":"LineString","coordinates":[[12.47908,41.845964],[12.478688,41.845664],[12.47858,41.845552],[12.478496,41.845421],[12.478314,41.844973],[12.478117,41.844759],[12.47789,41.844607]]}},{"type":"Feature","properties":{"mode":"bus","n":8,"arr":["30","714","F01","F02","L03","L04","L07","L08"],"lines":"30, 714, F01, F02, L03, L04, L07, L08"},"geometry":{"type":"LineString","coordinates":[[12.496624,41.858465],[12.480544,41.846985],[12.47908,41.845964]]}},{"type":"Feature","properties":{"mode":"bus","n":13,"arr":["30","160","669","671","714","716","F01","F02","L03","L04","L07","L08","n716"],"lines":"30, 160, 669, 671, 714, 716, F01, F02, L03, L04, L07, L08, n716"},"geometry":{"type":"LineString","coordinates":[[12.497255,41.858906],[12.496624,41.858465]]}},{"type":"Feature","properties":{"mode":"bus","n":12,"arr":["30","160","669","671","714","716","F01","F02","L04","L07","L08","n716"],"lines":"30, 160, 669, 671, 714, 716, F01, F02, L04, L07, L08, n716"},"geometry":{"type":"LineString","coordinates":[[12.498245,41.859787],[12.498012,41.859501],[12.497868,41.859364],[12.497873,41.859291],[12.497866,41.859257],[12.497842,41.859229],[12.497771,41.859173],[12.497734,41.859154],[12.49769,41.859147],[12.497595,41.859148],[12.497255,41.858906]]}},{"type":"Feature","properties":{"mode":"bus","n":10,"arr":["30","160","669","671","714","F01","F02","L04","L07","L08"],"lines":"30, 160, 669, 671, 714, F01, F02, L04, L07, L08"},"geometry":{"type":"LineString","coordinates":[[12.496596,41.867385],[12.496922,41.866199],[12.4972,41.865344],[12.498504,41.860886],[12.498521,41.860556],[12.498467,41.860267],[12.498245,41.859787]]}},{"type":"Feature","properties":{"mode":"bus","n":9,"arr":["30","160","671","714","F01","F02","L04","L07","L08"],"lines":"30, 160, 671, 714, F01, F02, L04, L07, L08"},"geometry":{"type":"LineString","coordinates":[[12.496521,41.8703],[12.496439,41.868458],[12.496596,41.867385]]}},{"type":"Feature","properties":{"mode":"bus","n":10,"arr":["30","160","671","714","792","F01","F02","L04","L07","L08"],"lines":"30, 160, 671, 714, 792, F01, F02, L04, L07, L08"},"geometry":{"type":"LineString","coordinates":[[12.496635,41.871393],[12.496521,41.8703]]}},{"type":"Feature","properties":{"mode":"bus","n":5,"arr":["30","77","F01","L04","n716"],"lines":"30, 77, F01, L04, n716"},"geometry":{"type":"LineString","coordinates":[[12.485126,41.873978],[12.485269,41.874077],[12.48587,41.874624]]}},{"type":"Feature","properties":{"mode":"bus","n":6,"arr":["30","77","96","F01","L04","n716"],"lines":"30, 77, 96, F01, L04, n716"},"geometry":{"type":"LineString","coordinates":[[12.484722,41.87404],[12.485126,41.873978]]}},{"type":"Feature","properties":{"mode":"bus","n":10,"arr":["30","77","83","96","280","719","780","F01","L04","n716"],"lines":"30, 77, 83, 96, 280, 719, 780, F01, L04, n716"},"geometry":{"type":"LineString","coordinates":[[12.484482,41.874079],[12.484722,41.87404]]}},{"type":"Feature","properties":{"mode":"bus","n":9,"arr":["30","77","83","96","280","719","780","F01","n716"],"lines":"30, 77, 83, 96, 280, 719, 780, F01, n716"},"geometry":{"type":"LineString","coordinates":[[12.483861,41.874189],[12.484482,41.874079]]}},{"type":"Feature","properties":{"mode":"bus","n":9,"arr":["30","77","83","96","280","719","780","F01","n716"],"lines":"30, 77, 83, 96, 280, 719, 780, F01, n716"},"geometry":{"type":"LineString","coordinates":[[12.48208,41.876625],[12.482143,41.876539],[12.482222,41.876492],[12.482916,41.876411],[12.483047,41.876365],[12.483149,41.876284],[12.4832,41.876126],[12.483167,41.876008],[12.483117,41.875953],[12.482988,41.875853],[12.482888,41.875809],[12.482744,41.875788],[12.482647,41.875798]]}},{"type":"Feature","properties":{"mode":"bus","n":9,"arr":["30","77","83","96","280","719","780","F01","n716"],"lines":"30, 77, 83, 96, 280, 719, 780, F01, n716"},"geometry":{"type":"LineString","coordinates":[[12.482541,41.876456],[12.482169,41.87642]]}},{"type":"Feature","properties":{"mode":"bus","n":10,"arr":["30","77","83","96","280","719","780","F01","F10","n716"],"lines":"30, 77, 83, 96, 280, 719, 780, F01, F10, n716"},"geometry":{"type":"LineString","coordinates":[[12.482647,41.875798],[12.483716,41.874422],[12.483861,41.874189]]}},{"type":"Feature","properties":{"mode":"bus","n":9,"arr":["30","77","83","96","280","719","780","F10","n716"],"lines":"30, 77, 83, 96, 280, 719, 780, F10, n716"},"geometry":{"type":"LineString","coordinates":[[12.481901,41.876248],[12.482357,41.875919],[12.482647,41.875798]]}},{"type":"Feature","properties":{"mode":"bus","n":9,"arr":["30","77","83","96","280","719","780","F10","n716"],"lines":"30, 77, 83, 96, 280, 719, 780, F10, n716"},"geometry":{"type":"LineString","coordinates":[[12.483861,41.874189],[12.483693,41.873565],[12.483687,41.87342],[12.483695,41.873388],[12.483725,41.873364],[12.48381,41.87332],[12.483965,41.873295],[12.483992,41.873287],[12.48401,41.873273],[12.48402,41.873252],[12.484028,41.873213],[12.484038,41.873192],[12.484056,41.873178],[12.484083,41.87317],[12.484548,41.873104]]}},{"type":"Feature","properties":{"mode":"bus","n":7,"arr":["30","77","96","280","780","F01","n716"],"lines":"30, 77, 96, 280, 780, F01, n716"},"geometry":{"type":"LineString","coordinates":[[12.482169,41.87642],[12.482133,41.876412]]}},{"type":"Feature","properties":{"mode":"bus","n":5,"arr":["30","96","280","F01","n716"],"lines":"30, 96, 280, F01, n716"},"geometry":{"type":"LineString","coordinates":[[12.482133,41.876412],[12.482107,41.876398]]}},{"type":"Feature","properties":{"mode":"bus","n":10,"arr":["30","77","83","96","280","715","719","780","F01","n716"],"lines":"30, 77, 83, 96, 280, 715, 719, 780, F01, n716"},"geometry":{"type":"LineString","coordinates":[[12.48195,41.876731],[12.48208,41.876625]]}},{"type":"Feature","properties":{"mode":"bus","n":5,"arr":["30","170","716","F01","n716"],"lines":"30, 170, 716, F01, n716"},"geometry":{"type":"LineString","coordinates":[[12.476503,41.882486],[12.476529,41.88246]]}},{"type":"Feature","properties":{"mode":"bus","n":9,"arr":["30","83","170","716","781","F01","F10","n716","nME"],"lines":"30, 83, 170, 716, 781, F01, F10, n716, nME"},"geometry":{"type":"LineString","coordinates":[[12.476503,41.882486],[12.476596,41.882623],[12.476519,41.882875],[12.476528,41.883111],[12.476583,41.883283],[12.476678,41.883459],[12.477895,41.884498],[12.479451,41.885689],[12.479954,41.886282]]}},{"type":"Feature","properties":{"mode":"bus","n":10,"arr":["30","44","83","170","716","781","F01","F10","n716","nME"],"lines":"30, 44, 83, 170, 716, 781, F01, F10, n716, nME"},"geometry":{"type":"LineString","coordinates":[[12.479954,41.886282],[12.480389,41.886776],[12.481083,41.887788]]}},{"type":"Feature","properties":{"mode":"bus","n":19,"arr":["30","44","51","81","83","85","160","170","628","715","716","781","C3","F01","F10","L70","n716","nMC","nME"],"lines":"30, 44, 51, 81, 83, 85, 160, 170, 628, 715, 716, 781, C3, F01, F10, L70, n716, nMC, nME"},"geometry":{"type":"LineString","coordinates":[[12.48124,41.889281],[12.481428,41.888783],[12.481451,41.888555],[12.481405,41.888397],[12.481195,41.888063],[12.481083,41.887788]]}},{"type":"Feature","properties":{"mode":"bus","n":22,"arr":["30","44","51","81","83","85","87","118","160","170","628","715","716","781","C3","F01","F10","L07","L70","n716","nMC","nME"],"lines":"30, 44, 51, 81, 83, 85, 87, 118, 160, 170, 628, 715, 716, 781, C3, F01, F10, L07, L70, n716, nMC, nME"},"geometry":{"type":"LineString","coordinates":[[12.48124,41.889281],[12.480961,41.889881],[12.480546,41.890897]]}},{"type":"Feature","properties":{"mode":"bus","n":19,"arr":["30","44","51","81","83","85","87","118","160","170","628","715","716","781","C3","F01","n716","nMC","nME"],"lines":"30, 44, 51, 81, 83, 85, 87, 118, 160, 170, 628, 715, 716, 781, C3, F01, n716, nMC, nME"},"geometry":{"type":"LineString","coordinates":[[12.481856,41.893751],[12.481958,41.894158]]}},{"type":"Feature","properties":{"mode":"bus","n":44,"arr":["30","40","44","46","51","60","62","63","64","70","80","81","83","85","87","118","119","160","170","190F","492","628","715","716","781","916","916F","C3","F01","H","n5","n8","n11","n46","n70","n90","n98","n201","n543","n716","n904","n913","nMC","nME"],"lines":"30, 40, 44, 46, 51, 60, 62, 63, 64, 70, 80, 81, 83, 85, 87, 118, 119, 160, 170, 190F, 492, 628, 715, 716, 781, 916, 916F, C3, F01, H, n5, n8, n11, n46, n70, n90, n98, n201, n543, n716, n904, n913, nMC, nME"},"geometry":{"type":"LineString","coordinates":[[12.482031,41.894346],[12.481958,41.894158]]}},{"type":"Feature","properties":{"mode":"bus","n":42,"arr":["30","40","44","46","51","60","62","63","64","70","80","81","83","85","87","118","119","160","170","492","628","715","716","916","916F","C3","F01","H","n5","n8","n11","n46","n70","n90","n98","n201","n543","n716","n904","n913","nMC","nME"],"lines":"30, 40, 44, 46, 51, 60, 62, 63, 64, 70, 80, 81, 83, 85, 87, 118, 119, 160, 170, 492, 628, 715, 716, 916, 916F, C3, F01, H, n5, n8, n11, n46, n70, n90, n98, n201, n543, n716, n904, n913, nMC, nME"},"geometry":{"type":"LineString","coordinates":[[12.481942,41.89452],[12.482031,41.894346]]}},{"type":"Feature","properties":{"mode":"bus","n":31,"arr":["30","40","44","46","51","62","63","64","70","81","83","85","87","118","119","160","170","492","628","715","716","C3","H","n8","n11","n46","n70","n98","n716","nMC","nME"],"lines":"30, 40, 44, 46, 51, 62, 63, 64, 70, 81, 83, 85, 87, 118, 119, 160, 170, 492, 628, 715, 716, C3, H, n8, n11, n46, n70, n98, n716, nMC, nME"},"geometry":{"type":"LineString","coordinates":[[12.481938,41.894595],[12.481942,41.89452]]}},{"type":"Feature","properties":{"mode":"bus","n":33,"arr":["30","40","44","46","51","62","63","64","70","81","83","85","87","118","119","160","170","190F","492","628","715","716","781","C3","H","n8","n11","n46","n70","n98","n716","nMC","nME"],"lines":"30, 40, 44, 46, 51, 62, 63, 64, 70, 81, 83, 85, 87, 118, 119, 160, 170, 190F, 492, 628, 715, 716, 781, C3, H, n8, n11, n46, n70, n98, n716, nMC, nME"},"geometry":{"type":"LineString","coordinates":[[12.481963,41.894697],[12.481938,41.894595]]}},{"type":"Feature","properties":{"mode":"bus","n":33,"arr":["30","40","44","46","51","62","63","64","70","81","83","85","87","118","119","160","170","190F","492","628","715","716","781","C3","H","n8","n11","n46","n70","n98","n716","nMC","nME"],"lines":"30, 40, 44, 46, 51, 62, 63, 64, 70, 81, 83, 85, 87, 118, 119, 160, 170, 190F, 492, 628, 715, 716, 781, C3, H, n8, n11, n46, n70, n98, n716, nMC, nME"},"geometry":{"type":"LineString","coordinates":[[12.481948,41.89493],[12.481915,41.895041]]}},{"type":"Feature","properties":{"mode":"bus","n":30,"arr":["30","40","44","51","62","63","64","70","81","83","85","87","118","119","160","170","190F","492","628","715","716","781","C3","H","n8","n11","n46","n70","n98","n716"],"lines":"30, 40, 44, 51, 62, 63, 64, 70, 81, 83, 85, 87, 118, 119, 160, 170, 190F, 492, 628, 715, 716, 781, C3, H, n8, n11, n46, n70, n98, n716"},"geometry":{"type":"LineString","coordinates":[[12.481963,41.894697],[12.481982,41.894822],[12.481948,41.89493]]}},{"type":"Feature","properties":{"mode":"bus","n":37,"arr":["30","40","44","46","51","62","63","64","70","81","83","85","87","118","119","160","170","190F","492","628","715","716","781","916","916F","C3","H","n8","n11","n46","n70","n98","n201","n716","n913","nMC","nME"],"lines":"30, 40, 44, 46, 51, 62, 63, 64, 70, 81, 83, 85, 87, 118, 119, 160, 170, 190F, 492, 628, 715, 716, 781, 916, 916F, C3, H, n8, n11, n46, n70, n98, n201, n716, n913, nMC, nME"},"geometry":{"type":"LineString","coordinates":[[12.481915,41.895041],[12.48178,41.895305]]}},{"type":"Feature","properties":{"mode":"bus","n":37,"arr":["30","40","46","51","60","62","63","64","70","80","81","83","85","87","118","119","160","170","190F","492","628","916","916F","C3","H","n5","n8","n11","n46","n70","n90","n98","n201","n543","n716","n904","n913"],"lines":"30, 40, 46, 51, 60, 62, 63, 64, 70, 80, 81, 83, 85, 87, 118, 119, 160, 170, 190F, 492, 628, 916, 916F, C3, H, n5, n8, n11, n46, n70, n90, n98, n201, n543, n716, n904, n913"},"geometry":{"type":"LineString","coordinates":[[12.48178,41.895305],[12.481956,41.895339],[12.482303,41.895466]]}},{"type":"Feature","properties":{"mode":"bus","n":28,"arr":["30","46","51","60","62","63","70","80","81","83","85","87","119","160","190F","492","628","916","916F","C3","H","n5","n46","n90","n201","n543","n904","n913"],"lines":"30, 46, 51, 60, 62, 63, 70, 80, 81, 83, 85, 87, 119, 160, 190F, 492, 628, 916, 916F, C3, H, n5, n46, n90, n201, n543, n904, n913"},"geometry":{"type":"LineString","coordinates":[[12.482303,41.895466],[12.482325,41.895533]]}},{"type":"Feature","properties":{"mode":"bus","n":36,"arr":["30","40","46","51","60","62","63","64","70","80","81","83","85","87","119","160","170","190F","492","628","916","916F","C3","H","n5","n8","n11","n46","n70","n90","n98","n201","n543","n716","n904","n913"],"lines":"30, 40, 46, 51, 60, 62, 63, 64, 70, 80, 81, 83, 85, 87, 119, 160, 170, 190F, 492, 628, 916, 916F, C3, H, n5, n8, n11, n46, n70, n90, n98, n201, n543, n716, n904, n913"},"geometry":{"type":"LineString","coordinates":[[12.482325,41.895533],[12.481922,41.896613]]}},{"type":"Feature","properties":{"mode":"bus","n":34,"arr":["30","40","46","51","60","62","63","64","70","80","81","83","85","87","119","160","170","190F","492","628","916","916F","H","n5","n8","n11","n46","n70","n90","n98","n543","n716","n904","n913"],"lines":"30, 40, 46, 51, 60, 62, 63, 64, 70, 80, 81, 83, 85, 87, 119, 160, 170, 190F, 492, 628, 916, 916F, H, n5, n8, n11, n46, n70, n90, n98, n543, n716, n904, n913"},"geometry":{"type":"LineString","coordinates":[[12.48024,41.896262],[12.481922,41.896613]]}},{"type":"Feature","properties":{"mode":"bus","n":14,"arr":["30","40","62","64","70","81","87","190F","492","628","n46","n70","n98","n904"],"lines":"30, 40, 62, 64, 70, 81, 87, 190F, 492, 628, n46, n70, n98, n904"},"geometry":{"type":"LineString","coordinates":[[12.478482,41.895957],[12.478778,41.895913],[12.478958,41.895808]]}},{"type":"Feature","properties":{"mode":"bus","n":18,"arr":["30","40","46","62","64","70","81","87","190F","492","628","916","916F","n46","n70","n98","n904","n913"],"lines":"30, 40, 46, 62, 64, 70, 81, 87, 190F, 492, 628, 916, 916F, n46, n70, n98, n904, n913"},"geometry":{"type":"LineString","coordinates":[[12.476023,41.896263],[12.477421,41.895943],[12.478482,41.895957]]}},{"type":"Feature","properties":{"mode":"bus","n":20,"arr":["30","40","46","62","64","70","81","87","190F","492","628","916","916F","C3","n46","n70","n98","n201","n904","n913"],"lines":"30, 40, 46, 62, 64, 70, 81, 87, 190F, 492, 628, 916, 916F, C3, n46, n70, n98, n201, n904, n913"},"geometry":{"type":"LineString","coordinates":[[12.476504,41.895991],[12.476362,41.896102],[12.476023,41.896263],[12.475707,41.896362],[12.474222,41.896528]]}},{"type":"Feature","properties":{"mode":"bus","n":8,"arr":["30","70","81","87","492","628","n70","n913"],"lines":"30, 70, 81, 87, 492, 628, n70, n913"},"geometry":{"type":"LineString","coordinates":[[12.474493,41.896502],[12.474558,41.896702],[12.474559,41.896724],[12.474549,41.896741],[12.474528,41.896756],[12.474417,41.896806],[12.474291,41.896801],[12.474226,41.896775]]}},{"type":"Feature","properties":{"mode":"bus","n":8,"arr":["30","70","81","87","492","628","n70","n913"],"lines":"30, 70, 81, 87, 492, 628, n70, n913"},"geometry":{"type":"LineString","coordinates":[[12.472094,41.901411],[12.471839,41.901852]]}},{"type":"Feature","properties":{"mode":"bus","n":8,"arr":["30","70","81","87","492","628","n70","n913"],"lines":"30, 70, 81, 87, 492, 628, n70, n913"},"geometry":{"type":"LineString","coordinates":[[12.471729,41.901941],[12.471661,41.90212]]}},{"type":"Feature","properties":{"mode":"bus","n":10,"arr":["30","70","81","87","492","628","C3","n70","n201","n913"],"lines":"30, 70, 81, 87, 492, 628, C3, n70, n201, n913"},"geometry":{"type":"LineString","coordinates":[[12.474222,41.896528],[12.474203,41.896992],[12.474009,41.89787],[12.473887,41.898943],[12.473851,41.89935],[12.473892,41.899487],[12.473896,41.899661],[12.473797,41.900391],[12.473751,41.900432],[12.47361,41.900456],[12.472716,41.900466],[12.472687,41.90047],[12.472665,41.900482],[12.472648,41.9005],[12.472094,41.901411],[12.471971,41.901513],[12.471866,41.901659],[12.471729,41.901941]]}},{"type":"Feature","properties":{"mode":"bus","n":10,"arr":["30","70","81","87","492","628","C3","n70","n201","n913"],"lines":"30, 70, 81, 87, 492, 628, C3, n70, n201, n913"},"geometry":{"type":"LineString","coordinates":[[12.471811,41.901861],[12.471779,41.901868]]}},{"type":"Feature","properties":{"mode":"bus","n":7,"arr":["30","70","81","87","n70","n201","n913"],"lines":"30, 70, 81, 87, n70, n201, n913"},"geometry":{"type":"LineString","coordinates":[[12.472666,41.900425],[12.472697,41.900454]]}},{"type":"Feature","properties":{"mode":"bus","n":9,"arr":["30","70","81","87","492","628","C3","n70","n913"],"lines":"30, 70, 81, 87, 492, 628, C3, n70, n913"},"geometry":{"type":"LineString","coordinates":[[12.471839,41.901852],[12.471811,41.901861]]}},{"type":"Feature","properties":{"mode":"bus","n":9,"arr":["30","70","81","87","280","492","628","n70","n913"],"lines":"30, 70, 81, 87, 280, 492, 628, n70, n913"},"geometry":{"type":"LineString","coordinates":[[12.471661,41.90212],[12.471867,41.902194]]}},{"type":"Feature","properties":{"mode":"bus","n":11,"arr":["30","70","81","87","100","280","492","628","990","n70","n913"],"lines":"30, 70, 81, 87, 100, 280, 492, 628, 990, n70, n913"},"geometry":{"type":"LineString","coordinates":[[12.471867,41.902194],[12.472475,41.902436],[12.473156,41.902763],[12.473612,41.903039],[12.474048,41.903367],[12.474394,41.903744],[12.474744,41.904229],[12.474932,41.904573],[12.475084,41.904923]]}},{"type":"Feature","properties":{"mode":"bus","n":11,"arr":["30","70","81","87","100","280","492","990","G03","n70","n913"],"lines":"30, 70, 81, 87, 100, 280, 492, 990, G03, n70, n913"},"geometry":{"type":"LineString","coordinates":[[12.475084,41.904923],[12.471259,41.905194],[12.471067,41.905232]]}},{"type":"Feature","properties":{"mode":"bus","n":13,"arr":["30","49","70","81","87","100","280","492","913","990","G03","n70","n913"],"lines":"30, 49, 70, 81, 87, 100, 280, 492, 913, 990, G03, n70, n913"},"geometry":{"type":"LineString","coordinates":[[12.471067,41.905232],[12.470732,41.905789]]}},{"type":"Feature","properties":{"mode":"bus","n":13,"arr":["30","49","70","81","87","100","280","492","913","990","G03","n70","n913"],"lines":"30, 49, 70, 81, 87, 100, 280, 492, 913, 990, G03, n70, n913"},"geometry":{"type":"LineString","coordinates":[[12.470191,41.905963],[12.469485,41.905725]]}},{"type":"Feature","properties":{"mode":"bus","n":12,"arr":["30","49","70","81","87","100","492","913","990","G03","n70","n913"],"lines":"30, 49, 70, 81, 87, 100, 492, 913, 990, G03, n70, n913"},"geometry":{"type":"LineString","coordinates":[[12.470732,41.905789],[12.470622,41.905919],[12.470532,41.90598],[12.47044,41.905994],[12.470191,41.905963]]}},{"type":"Feature","properties":{"mode":"bus","n":10,"arr":["30","70","81","87","100","280","990","G03","n70","n913"],"lines":"30, 70, 81, 87, 100, 280, 990, G03, n70, n913"},"geometry":{"type":"LineString","coordinates":[[12.469485,41.905725],[12.468979,41.906593]]}},{"type":"Feature","properties":{"mode":"bus","n":9,"arr":["30","70","81","87","280","990","G03","n70","n913"],"lines":"30, 70, 81, 87, 280, 990, G03, n70, n913"},"geometry":{"type":"LineString","coordinates":[[12.468979,41.906593],[12.467786,41.90861]]}},{"type":"Feature","properties":{"mode":"bus","n":8,"arr":["30","70","87","280","990","G03","n70","n913"],"lines":"30, 70, 87, 280, 990, G03, n70, n913"},"geometry":{"type":"LineString","coordinates":[[12.467786,41.90861],[12.466143,41.911395]]}},{"type":"Feature","properties":{"mode":"bus","n":9,"arr":["30","70","87","280","301","990","G03","n70","n913"],"lines":"30, 70, 87, 280, 301, 990, G03, n70, n913"},"geometry":{"type":"LineString","coordinates":[[12.465265,41.912902],[12.466143,41.911395]]}},{"type":"Feature","properties":{"mode":"bus","n":6,"arr":["30","89","280","301","G03","n70"],"lines":"30, 89, 280, 301, G03, n70"},"geometry":{"type":"LineString","coordinates":[[12.46377,41.915396],[12.465233,41.912961]]}},{"type":"Feature","properties":{"mode":"bus","n":7,"arr":["30","89","280","301","628","G03","n70"],"lines":"30, 89, 280, 301, 628, G03, n70"},"geometry":{"type":"LineString","coordinates":[[12.463744,41.915438],[12.46377,41.915396]]}},{"type":"Feature","properties":{"mode":"bus","n":5,"arr":["30","89","301","628","n70"],"lines":"30, 89, 301, 628, n70"},"geometry":{"type":"LineString","coordinates":[[12.464289,41.91576],[12.464398,41.915713]]}},{"type":"Feature","properties":{"mode":"bus","n":5,"arr":["30","31","70","495","n70"],"lines":"30, 31, 70, 495, n70"},"geometry":{"type":"LineString","coordinates":[[12.455038,41.917294],[12.454977,41.917243]]}},{"type":"Feature","properties":{"mode":"bus","n":6,"arr":["30","31","33","70","495","n70"],"lines":"30, 31, 33, 70, 495, n70"},"geometry":{"type":"LineString","coordinates":[[12.454977,41.917243],[12.454898,41.91718]]}},{"type":"Feature","properties":{"mode":"bus","n":5,"arr":["30","31","33","495","n70"],"lines":"30, 31, 33, 495, n70"},"geometry":{"type":"LineString","coordinates":[[12.453521,41.915583],[12.453355,41.915501]]}},{"type":"Feature","properties":{"mode":"bus","n":8,"arr":["30","31","33","69","70","89","495","n70"],"lines":"30, 31, 33, 69, 70, 89, 495, n70"},"geometry":{"type":"LineString","coordinates":[[12.453603,41.915627],[12.453521,41.915583]]}},{"type":"Feature","properties":{"mode":"bus","n":10,"arr":["30","49","70","81","87","100","492","913","990","G03"],"lines":"30, 49, 70, 81, 87, 100, 492, 913, 990, G03"},"geometry":{"type":"LineString","coordinates":[[12.470232,41.90591],[12.470191,41.905963]]}},{"type":"Feature","properties":{"mode":"bus","n":6,"arr":["30","49","81","492","913","990"],"lines":"30, 49, 81, 492, 913, 990"},"geometry":{"type":"LineString","coordinates":[[12.470247,41.905903],[12.470232,41.90591]]}},{"type":"Feature","properties":{"mode":"bus","n":13,"arr":["30","46","70","81","87","190F","492","628","916","916F","C3","n201","n913"],"lines":"30, 46, 70, 81, 87, 190F, 492, 628, 916, 916F, C3, n201, n913"},"geometry":{"type":"LineString","coordinates":[[12.476584,41.894857],[12.476485,41.894904],[12.476441,41.894981],[12.476457,41.895816],[12.476504,41.895991]]}},{"type":"Feature","properties":{"mode":"bus","n":6,"arr":["30","46","81","628","916","916F"],"lines":"30, 46, 81, 628, 916, 916F"},"geometry":{"type":"LineString","coordinates":[[12.479482,41.894885],[12.479481,41.894941]]}},{"type":"Feature","properties":{"mode":"bus","n":15,"arr":["30","46","63","70","80","81","87","190F","628","916","916F","H","n201","n543","n913"],"lines":"30, 46, 63, 70, 80, 81, 87, 190F, 628, 916, 916F, H, n201, n543, n913"},"geometry":{"type":"LineString","coordinates":[[12.480215,41.894906],[12.480136,41.894962]]}},{"type":"Feature","properties":{"mode":"bus","n":13,"arr":["30","46","63","70","81","87","190F","628","916","916F","H","n201","n913"],"lines":"30, 46, 63, 70, 81, 87, 190F, 628, 916, 916F, H, n201, n913"},"geometry":{"type":"LineString","coordinates":[[12.481362,41.894158],[12.481019,41.894335],[12.480215,41.894906]]}},{"type":"Feature","properties":{"mode":"bus","n":7,"arr":["30","83","170","716","781","F10","nME"],"lines":"30, 83, 170, 716, 781, F10, nME"},"geometry":{"type":"LineString","coordinates":[[12.476883,41.881788],[12.476942,41.881819]]}},{"type":"Feature","properties":{"mode":"bus","n":10,"arr":["30","77","83","280","719","775","F10","n3d","n3s","n716"],"lines":"30, 77, 83, 280, 719, 775, F10, n3d, n3s, n716"},"geometry":{"type":"LineString","coordinates":[[12.481619,41.876409],[12.481165,41.876585]]}},{"type":"Feature","properties":{"mode":"bus","n":13,"arr":["30","77","83","96","280","719","769","775","780","F10","n3d","n3s","n716"],"lines":"30, 77, 83, 96, 280, 719, 769, 775, 780, F10, n3d, n3s, n716"},"geometry":{"type":"LineString","coordinates":[[12.481619,41.876409],[12.481829,41.876294]]}},{"type":"Feature","properties":{"mode":"bus","n":11,"arr":["30","77","83","96","280","719","769","780","F10","n3d","n716"],"lines":"30, 77, 83, 96, 280, 719, 769, 780, F10, n3d, n716"},"geometry":{"type":"LineString","coordinates":[[12.481829,41.876294],[12.481901,41.876248]]}},{"type":"Feature","properties":{"mode":"bus","n":10,"arr":["30","77","83","96","280","719","780","F10","L40","n716"],"lines":"30, 77, 83, 96, 280, 719, 780, F10, L40, n716"},"geometry":{"type":"LineString","coordinates":[[12.484548,41.873104],[12.484595,41.873168],[12.484613,41.873185],[12.484637,41.873195],[12.484666,41.873196],[12.484913,41.873173],[12.485082,41.873235],[12.485137,41.873303],[12.485224,41.87359]]}},{"type":"Feature","properties":{"mode":"bus","n":8,"arr":["30","77","83","96","280","F10","L40","n716"],"lines":"30, 77, 83, 96, 280, F10, L40, n716"},"geometry":{"type":"LineString","coordinates":[[12.485224,41.87359],[12.485247,41.873671]]}},{"type":"Feature","properties":{"mode":"bus","n":7,"arr":["30","77","83","96","F10","L40","n716"],"lines":"30, 77, 83, 96, F10, L40, n716"},"geometry":{"type":"LineString","coordinates":[[12.485247,41.873671],[12.485268,41.873743]]}},{"type":"Feature","properties":{"mode":"bus","n":6,"arr":["30","77","96","F10","L40","n716"],"lines":"30, 77, 96, F10, L40, n716"},"geometry":{"type":"LineString","coordinates":[[12.485268,41.873743],[12.485306,41.873868]]}},{"type":"Feature","properties":{"mode":"bus","n":5,"arr":["30","77","F10","L40","n716"],"lines":"30, 77, F10, L40, n716"},"geometry":{"type":"LineString","coordinates":[[12.485306,41.873868],[12.485363,41.874024],[12.48596,41.874572]]}},{"type":"Feature","properties":{"mode":"bus","n":10,"arr":["30","160","671","714","792","F10","F20","L40","L70","L80"],"lines":"30, 160, 671, 714, 792, F10, F20, L40, L70, L80"},"geometry":{"type":"LineString","coordinates":[[12.496185,41.871055],[12.496108,41.870347],[12.496001,41.868777],[12.496046,41.868058],[12.496199,41.867255]]}},{"type":"Feature","properties":{"mode":"bus","n":9,"arr":["30","160","671","714","F10","F20","L40","L70","L80"],"lines":"30, 160, 671, 714, F10, F20, L40, L70, L80"},"geometry":{"type":"LineString","coordinates":[[12.496199,41.867255],[12.497263,41.863671]]}},{"type":"Feature","properties":{"mode":"bus","n":10,"arr":["30","160","670","671","714","F10","F20","L40","L70","L80"],"lines":"30, 160, 670, 671, 714, F10, F20, L40, L70, L80"},"geometry":{"type":"LineString","coordinates":[[12.497263,41.863671],[12.498068,41.860887],[12.4981,41.860581],[12.498071,41.860391]]}},{"type":"Feature","properties":{"mode":"bus","n":12,"arr":["30","160","670","671","714","716","F10","F20","L40","L70","L80","n716"],"lines":"30, 160, 670, 671, 714, 716, F10, F20, L40, L70, L80, n716"},"geometry":{"type":"LineString","coordinates":[[12.498071,41.860391],[12.497983,41.86015],[12.497846,41.859898],[12.497639,41.859648],[12.497532,41.859557],[12.496999,41.859233],[12.496279,41.858729]]}},{"type":"Feature","properties":{"mode":"bus","n":5,"arr":["30","670","714","F10","F20"],"lines":"30, 670, 714, F10, F20"},"geometry":{"type":"LineString","coordinates":[[12.478958,41.846288],[12.478257,41.845803]]}},{"type":"Feature","properties":{"mode":"bus","n":8,"arr":["30","170","714","791","F10","F20","nMB","nME"],"lines":"30, 170, 714, 791, F10, F20, nMB, nME"},"geometry":{"type":"LineString","coordinates":[[12.476018,41.844041],[12.475799,41.843608],[12.475653,41.84325],[12.473137,41.838374],[12.472387,41.836973],[12.472115,41.836558],[12.471301,41.83498]]}},{"type":"Feature","properties":{"mode":"bus","n":7,"arr":["30","671","714","780","791","F10","F20"],"lines":"30, 671, 714, 780, 791, F10, F20"},"geometry":{"type":"LineString","coordinates":[[12.469294,41.830805],[12.468721,41.829689],[12.468665,41.829622],[12.468557,41.829568]]}},{"type":"Feature","properties":{"mode":"bus","n":10,"arr":["30","73","671","714","780","791","F10","F20","L50","n070"],"lines":"30, 73, 671, 714, 780, 791, F10, F20, L50, n070"},"geometry":{"type":"LineString","coordinates":[[12.464421,41.824662],[12.46632,41.828321],[12.466589,41.82883],[12.466681,41.828955],[12.466929,41.829154],[12.467235,41.82929],[12.468557,41.829568]]}},{"type":"Feature","properties":{"mode":"bus","n":13,"arr":["30","070","73","671","705","709","714","778","780","791","F10","F20","L50"],"lines":"30, 070, 73, 671, 705, 709, 714, 778, 780, 791, F10, F20, L50"},"geometry":{"type":"LineString","coordinates":[[12.465813,41.824244],[12.464421,41.824662]]}},{"type":"Feature","properties":{"mode":"bus","n":11,"arr":["30","070","73","705","709","778","C01","F10","F20","L02","L50"],"lines":"30, 070, 73, 705, 709, 778, C01, F10, F20, L02, L50"},"geometry":{"type":"LineString","coordinates":[[12.465813,41.824244],[12.466017,41.82419]]}},{"type":"Feature","properties":{"mode":"bus","n":13,"arr":["30","070","73","671","705","709","778","791","C01","F10","F20","L02","L50"],"lines":"30, 070, 73, 671, 705, 709, 778, 791, C01, F10, F20, L02, L50"},"geometry":{"type":"LineString","coordinates":[[12.466017,41.82419],[12.46618,41.824143]]}},{"type":"Feature","properties":{"mode":"bus","n":16,"arr":["30","070","73","671","705","709","714","778","780","791","C01","F10","F20","L02","L20","L50"],"lines":"30, 070, 73, 671, 705, 709, 714, 778, 780, 791, C01, F10, F20, L02, L20, L50"},"geometry":{"type":"LineString","coordinates":[[12.46618,41.824143],[12.46755,41.823746]]}},{"type":"Feature","properties":{"mode":"bus","n":13,"arr":["30","070","73","705","709","714","778","F10","F20","L02","L05","L20","L50"],"lines":"30, 070, 73, 705, 709, 714, 778, F10, F20, L02, L05, L20, L50"},"geometry":{"type":"LineString","coordinates":[[12.471586,41.822657],[12.46755,41.823746]]}},{"type":"Feature","properties":{"mode":"bus","n":13,"arr":["30","070","700","705","706","709","714","772","778","789","789F","F10","F20"],"lines":"30, 070, 700, 705, 706, 709, 714, 772, 778, 789, 789F, F10, F20"},"geometry":{"type":"LineString","coordinates":[[12.472415,41.822873],[12.472025,41.822815],[12.471674,41.822697]]}},{"type":"Feature","properties":{"mode":"bus","n":16,"arr":["30","070","73","700","705","706","709","714","772","778","789","789F","F10","F20","L20","L50"],"lines":"30, 070, 73, 700, 705, 706, 709, 714, 772, 778, 789, 789F, F10, F20, L20, L50"},"geometry":{"type":"LineString","coordinates":[[12.471674,41.822697],[12.471586,41.822657]]}},{"type":"Feature","properties":{"mode":"bus","n":14,"arr":["30","070","700","705","706","709","714","724","772","778","789","789F","F10","F20"],"lines":"30, 070, 700, 705, 706, 709, 714, 724, 772, 778, 789, 789F, F10, F20"},"geometry":{"type":"LineString","coordinates":[[12.472185,41.825454],[12.472188,41.825215],[12.472197,41.825182],[12.472226,41.825157],[12.472914,41.82475],[12.47314,41.824546],[12.473241,41.824307],[12.473387,41.823594],[12.473353,41.823334],[12.473217,41.823151],[12.472973,41.823044],[12.472415,41.822873]]}},{"type":"Feature","properties":{"mode":"bus","n":13,"arr":["30","070","700","705","706","709","724","772","778","789","789F","F10","F20"],"lines":"30, 070, 700, 705, 706, 709, 724, 772, 778, 789, 789F, F10, F20"},"geometry":{"type":"LineString","coordinates":[[12.472185,41.825454],[12.472873,41.826764]]}},{"type":"Feature","properties":{"mode":"bus","n":8,"arr":["30","070","705","706","709","724","772","F20"],"lines":"30, 070, 705, 706, 709, 724, 772, F20"},"geometry":{"type":"LineString","coordinates":[[12.472799,41.826633],[12.4729,41.826603]]}},{"type":"Feature","properties":{"mode":"bus","n":11,"arr":["30","31","671","762","764","C7","C8","F10","F20","n705","nMB"],"lines":"30, 31, 671, 762, 764, C7, C8, F10, F20, n705, nMB"},"geometry":{"type":"LineString","coordinates":[[12.475567,41.82595],[12.478504,41.826172]]}},{"type":"Feature","properties":{"mode":"bus","n":12,"arr":["30","31","671","762","764","C7","C8","F10","F20","n705","n716","nMB"],"lines":"30, 31, 671, 762, 764, C7, C8, F10, F20, n705, n716, nMB"},"geometry":{"type":"LineString","coordinates":[[12.478504,41.826172],[12.478587,41.826046],[12.478703,41.825964],[12.478741,41.825946],[12.478786,41.825941],[12.478885,41.825944]]}},{"type":"Feature","properties":{"mode":"bus","n":21,"arr":["30","31","72","74","671","723","763","764","772","C7","F10","F20","L30","L40","L60","L70","L80","n74","n705","n716","nMB"],"lines":"30, 31, 72, 74, 671, 723, 763, 764, 772, C7, F10, F20, L30, L40, L60, L70, L80, n74, n705, n716, nMB"},"geometry":{"type":"LineString","coordinates":[[12.479017,41.825951],[12.478885,41.825944]]}},{"type":"Feature","properties":{"mode":"bus","n":22,"arr":["30","31","72","74","723","763","772","C7","F01","F02","F10","F20","L01","L03","L04","L06","L07","L08","n74","n705","n716","nMB"],"lines":"30, 31, 72, 74, 723, 763, 772, C7, F01, F02, F10, F20, L01, L03, L04, L06, L07, L08, n74, n705, n716, nMB"},"geometry":{"type":"LineString","coordinates":[[12.479064,41.825956],[12.479017,41.825951]]}},{"type":"Feature","properties":{"mode":"bus","n":18,"arr":["30","31","72","74","723","763","772","C7","F01","F02","F10","F20","L01","L06","n74","n705","n716","nMB"],"lines":"30, 31, 72, 74, 723, 763, 772, C7, F01, F02, F10, F20, L01, L06, n74, n705, n716, nMB"},"geometry":{"type":"LineString","coordinates":[[12.479136,41.827287],[12.479004,41.827106],[12.47917,41.826109],[12.479146,41.826009],[12.479064,41.825956]]}},{"type":"Feature","properties":{"mode":"bus","n":13,"arr":["30","31","723","763","772","C7","F01","F02","F10","F20","L01","L06","nMB"],"lines":"30, 31, 723, 763, 772, C7, F01, F02, F10, F20, L01, L06, nMB"},"geometry":{"type":"LineString","coordinates":[[12.479479,41.827268],[12.479281,41.827309],[12.479136,41.827287]]}},{"type":"Feature","properties":{"mode":"bus","n":5,"arr":["030","032","036","201","n201"],"lines":"030, 032, 036, 201, n201"},"geometry":{"type":"LineString","coordinates":[[12.378825,42.009283],[12.379102,42.008814],[12.379475,42.008065],[12.379656,42.007641],[12.37971,42.007331],[12.379715,42.006517],[12.379845,42.006205],[12.380997,42.004213],[12.381189,42.004017],[12.382028,42.003427]]}},{"type":"Feature","properties":{"mode":"bus","n":5,"arr":["31","33","180F","791","C6"],"lines":"31, 33, 180F, 791, C6"},"geometry":{"type":"LineString","coordinates":[[12.43729,41.89369],[12.438093,41.891515],[12.438343,41.891076],[12.438548,41.890821],[12.438866,41.890518],[12.439619,41.890024],[12.440155,41.889601],[12.440341,41.889428],[12.440431,41.889304],[12.440529,41.889089],[12.440571,41.888841],[12.440567,41.88838],[12.440461,41.887894]]}},{"type":"Feature","properties":{"mode":"bus","n":5,"arr":["31","33","180F","791","C6"],"lines":"31, 33, 180F, 791, C6"},"geometry":{"type":"LineString","coordinates":[[12.440642,41.888],[12.440673,41.888926],[12.440626,41.889135],[12.44054,41.889323],[12.440396,41.889517],[12.440187,41.889698],[12.439698,41.890081],[12.438986,41.890587],[12.438517,41.891081],[12.438314,41.891385],[12.438195,41.891649],[12.437434,41.893718]]}},{"type":"Feature","properties":{"mode":"bus","n":6,"arr":["31","33","180F","791","982","C6"],"lines":"31, 33, 180F, 791, 982, C6"},"geometry":{"type":"LineString","coordinates":[[12.440461,41.887894],[12.440307,41.883463],[12.440319,41.883079],[12.440407,41.882385],[12.440499,41.881967],[12.441019,41.88017],[12.441029,41.879997],[12.440934,41.879267],[12.441039,41.879091],[12.441681,41.878508],[12.441962,41.87818],[12.442678,41.877028]]}},{"type":"Feature","properties":{"mode":"bus","n":6,"arr":["31","33","180F","791","982","C6"],"lines":"31, 33, 180F, 791, 982, C6"},"geometry":{"type":"LineString","coordinates":[[12.442681,41.877269],[12.44231,41.877893],[12.442059,41.87826],[12.441843,41.87851],[12.441227,41.879104],[12.441109,41.879275],[12.44121,41.880076],[12.440611,41.882095],[12.440493,41.882717],[12.440457,41.883128],[12.440494,41.884738],[12.440642,41.888]]}},{"type":"Feature","properties":{"mode":"bus","n":6,"arr":["31","33","44","180F","773","870"],"lines":"31, 33, 44, 180F, 773, 870"},"geometry":{"type":"LineString","coordinates":[[12.44295,41.859794],[12.443137,41.860891]]}},{"type":"Feature","properties":{"mode":"bus","n":6,"arr":["31","128","711","771","775","C7"],"lines":"31, 128, 711, 771, 775, C7"},"geometry":{"type":"LineString","coordinates":[[12.453831,41.84005],[12.45353,41.839606],[12.453109,41.839067],[12.452908,41.838883],[12.452635,41.838684]]}},{"type":"Feature","properties":{"mode":"bus","n":5,"arr":["31","771","780","788","C7"],"lines":"31, 771, 780, 788, C7"},"geometry":{"type":"LineString","coordinates":[[12.472776,41.839575],[12.468993,41.840657]]}},{"type":"Feature","properties":{"mode":"bus","n":5,"arr":["31","771","780","787","788"],"lines":"31, 771, 780, 787, 788"},"geometry":{"type":"LineString","coordinates":[[12.465842,41.840588],[12.465474,41.840432],[12.465169,41.840249],[12.464898,41.840032],[12.464645,41.839754],[12.46333,41.837294]]}},{"type":"Feature","properties":{"mode":"bus","n":12,"arr":["31","712","724","762","764","767","771","780","788","C7","n705","nMB"],"lines":"31, 712, 724, 762, 764, 767, 771, 780, 788, C7, n705, nMB"},"geometry":{"type":"LineString","coordinates":[[12.466244,41.831683],[12.466076,41.831731]]}},{"type":"Feature","properties":{"mode":"bus","n":11,"arr":["31","712","724","762","764","767","771","780","C7","n705","nMB"],"lines":"31, 712, 724, 762, 764, 767, 771, 780, C7, n705, nMB"},"geometry":{"type":"LineString","coordinates":[[12.469294,41.830805],[12.466244,41.831683]]}},{"type":"Feature","properties":{"mode":"bus","n":11,"arr":["31","671","712","724","762","764","767","771","C7","n705","nMB"],"lines":"31, 671, 712, 724, 762, 764, 767, 771, C7, n705, nMB"},"geometry":{"type":"LineString","coordinates":[[12.469493,41.830747],[12.469294,41.830805]]}},{"type":"Feature","properties":{"mode":"bus","n":7,"arr":["31","712","724","762","764","771","C8"],"lines":"31, 712, 724, 762, 764, 771, C8"},"geometry":{"type":"LineString","coordinates":[[12.471192,41.828812],[12.471836,41.830061]]}},{"type":"Feature","properties":{"mode":"bus","n":14,"arr":["31","070","700","706","709","724","762","764","771","772","778","789","789F","C8"],"lines":"31, 070, 700, 706, 709, 724, 762, 764, 771, 772, 778, 789, 789F, C8"},"geometry":{"type":"LineString","coordinates":[[12.473585,41.828115],[12.471192,41.828812]]}},{"type":"Feature","properties":{"mode":"bus","n":11,"arr":["31","705","709","724","762","771","772","778","C8","n705","nMB"],"lines":"31, 705, 709, 724, 762, 771, 772, 778, C8, n705, nMB"},"geometry":{"type":"LineString","coordinates":[[12.473585,41.828115],[12.473681,41.828087]]}},{"type":"Feature","properties":{"mode":"bus","n":5,"arr":["31","33","180F","247","495"],"lines":"31, 33, 180F, 247, 495"},"geometry":{"type":"LineString","coordinates":[[12.448668,41.908601],[12.448681,41.908627]]}},{"type":"Feature","properties":{"mode":"bus","n":5,"arr":["031","201","303","907","n201"],"lines":"031, 201, 303, 907, n201"},"geometry":{"type":"LineString","coordinates":[[12.404201,41.985914],[12.404252,41.985872]]}},{"type":"Feature","properties":{"mode":"bus","n":12,"arr":["32","70","180F","490","590","913","913L","982","990","n3d","n913","nMA"],"lines":"32, 70, 180F, 490, 590, 913, 913L, 982, 990, n3d, n913, nMA"},"geometry":{"type":"LineString","coordinates":[[12.455305,41.908716],[12.457991,41.909363]]}},{"type":"Feature","properties":{"mode":"bus","n":6,"arr":["32","69","280","301","628","G70"],"lines":"32, 69, 280, 301, 628, G70"},"geometry":{"type":"LineString","coordinates":[[12.458342,41.926722],[12.458444,41.926516],[12.458627,41.925781],[12.458637,41.925207],[12.4586,41.924033]]}},{"type":"Feature","properties":{"mode":"bus","n":6,"arr":["32","69","280","301","628","G70"],"lines":"32, 69, 280, 301, 628, G70"},"geometry":{"type":"LineString","coordinates":[[12.459509,41.931667],[12.459257,41.931267],[12.459114,41.930985],[12.459002,41.930666],[12.458841,41.929966],[12.45871,41.929714]]}},{"type":"Feature","properties":{"mode":"bus","n":8,"arr":["32","69","280","301","628","G03","G07","G70"],"lines":"32, 69, 280, 301, 628, G03, G07, G70"},"geometry":{"type":"LineString","coordinates":[[12.45871,41.929714],[12.458253,41.928401],[12.458164,41.927974],[12.458176,41.9274],[12.458342,41.926722]]}},{"type":"Feature","properties":{"mode":"bus","n":13,"arr":["32","69","168","200","226","301","446","628","911","C2","G70","n200","n201"],"lines":"32, 69, 168, 200, 226, 301, 446, 628, 911, C2, G70, n200, n201"},"geometry":{"type":"LineString","coordinates":[[12.46192,41.933875],[12.460032,41.932282],[12.459761,41.932013],[12.459509,41.931667]]}},{"type":"Feature","properties":{"mode":"bus","n":14,"arr":["32","69","168","200","226","301","446","628","911","C2","G03","G07","n200","n201"],"lines":"32, 69, 168, 200, 226, 301, 446, 628, 911, C2, G03, G07, n200, n201"},"geometry":{"type":"LineString","coordinates":[[12.459215,41.931781],[12.459437,41.932066],[12.459694,41.932325],[12.460129,41.932668],[12.461814,41.934131],[12.462803,41.934754]]}},{"type":"Feature","properties":{"mode":"bus","n":13,"arr":["32","69","188","200","226","301","446","911","C2","G03","G07","n200","n201"],"lines":"32, 69, 188, 200, 226, 301, 446, 911, C2, G03, G07, n200, n201"},"geometry":{"type":"LineString","coordinates":[[12.466151,41.93669],[12.465989,41.936646],[12.46567,41.936471],[12.465031,41.935978]]}},{"type":"Feature","properties":{"mode":"bus","n":13,"arr":["32","69","188","200","226","301","446","911","C2","G03","G07","n200","n201"],"lines":"32, 69, 188, 200, 226, 301, 446, 911, C2, G03, G07, n200, n201"},"geometry":{"type":"LineString","coordinates":[[12.466092,41.936539],[12.466403,41.936704]]}},{"type":"Feature","properties":{"mode":"bus","n":14,"arr":["32","69","168","188","200","226","301","446","911","C2","G03","G07","n200","n201"],"lines":"32, 69, 168, 188, 200, 226, 301, 446, 911, C2, G03, G07, n200, n201"},"geometry":{"type":"LineString","coordinates":[[12.465031,41.935978],[12.463655,41.935104],[12.463069,41.934876]]}},{"type":"Feature","properties":{"mode":"bus","n":10,"arr":["69","200","226","301","446","911","C2","G70","n200","n201"],"lines":"69, 200, 226, 301, 446, 911, C2, G70, n200, n201"},"geometry":{"type":"LineString","coordinates":[[12.46503,41.935857],[12.463106,41.934642],[12.462617,41.934388],[12.462003,41.933946]]}},{"type":"Feature","properties":{"mode":"bus","n":12,"arr":["32","69","188","200","226","301","446","911","C2","G70","n200","n201"],"lines":"32, 69, 188, 200, 226, 301, 446, 911, C2, G70, n200, n201"},"geometry":{"type":"LineString","coordinates":[[12.466092,41.936539],[12.465873,41.93642],[12.46503,41.935857]]}},{"type":"Feature","properties":{"mode":"bus","n":12,"arr":["32","69","188","200","226","301","911","C2","G03","G07","G70","n201"],"lines":"32, 69, 188, 200, 226, 301, 911, C2, G03, G07, G70, n201"},"geometry":{"type":"LineString","coordinates":[[12.466468,41.936581],[12.466092,41.936539]]}},{"type":"Feature","properties":{"mode":"bus","n":9,"arr":["32","69","200","226","C2","G03","G07","G70","n201"],"lines":"32, 69, 200, 226, C2, G03, G07, G70, n201"},"geometry":{"type":"LineString","coordinates":[[12.472163,41.937343],[12.47067,41.937187],[12.47036,41.937129],[12.46854,41.936928],[12.467154,41.936693],[12.466813,41.936614],[12.466468,41.936581]]}},{"type":"Feature","properties":{"mode":"bus","n":5,"arr":["32","200","226","C2","n201"],"lines":"32, 200, 226, C2, n201"},"geometry":{"type":"LineString","coordinates":[[12.471349,41.938722],[12.471467,41.938578],[12.471628,41.938493],[12.471763,41.938388],[12.472193,41.937791],[12.472224,41.937668],[12.472163,41.937343]]}},{"type":"Feature","properties":{"mode":"bus","n":5,"arr":["32","200","226","C2","n201"],"lines":"32, 200, 226, C2, n201"},"geometry":{"type":"LineString","coordinates":[[12.471195,41.938847],[12.471152,41.938623],[12.470952,41.938374],[12.470852,41.938161],[12.470674,41.93732],[12.47067,41.937187]]}},{"type":"Feature","properties":{"mode":"bus","n":10,"arr":["32","200","201","223","226","C2","C3","G40","G50","n201"],"lines":"32, 200, 201, 223, 226, C2, C3, G40, G50, n201"},"geometry":{"type":"LineString","coordinates":[[12.470844,41.941483],[12.471349,41.938722]]}},{"type":"Feature","properties":{"mode":"bus","n":8,"arr":["32","200","C2","C3","G40","G50","G70","n200"],"lines":"32, 200, C2, C3, G40, G50, G70, n200"},"geometry":{"type":"LineString","coordinates":[[12.484882,41.95645],[12.484996,41.956776],[12.485092,41.956934],[12.485984,41.957867],[12.486293,41.958278],[12.486451,41.958548],[12.486467,41.958567],[12.486489,41.958579],[12.486518,41.958584],[12.486603,41.958589],[12.486631,41.958595],[12.486652,41.958607],[12.486666,41.958626],[12.486706,41.958719],[12.48671,41.95874],[12.486702,41.958759],[12.486683,41.958775],[12.486628,41.958806],[12.486608,41.958822],[12.4866,41.958841],[12.486603,41.958863],[12.486661,41.959016],[12.487018,41.95965],[12.487354,41.960654],[12.48746,41.960881],[12.488152,41.961832],[12.488616,41.96241],[12.488865,41.962821],[12.489075,41.963282],[12.489211,41.96338],[12.489269,41.963521]]}},{"type":"Feature","properties":{"mode":"bus","n":5,"arr":["32","200","C2","C3","n200"],"lines":"32, 200, C2, C3, n200"},"geometry":{"type":"LineString","coordinates":[[12.489269,41.963521],[12.489221,41.963655],[12.489473,41.96428],[12.489721,41.964646],[12.490048,41.964941],[12.490102,41.965084]]}},{"type":"Feature","properties":{"mode":"bus","n":5,"arr":["32","200","C2","C3","n200"],"lines":"32, 200, C2, C3, n200"},"geometry":{"type":"LineString","coordinates":[[12.490285,41.966577],[12.489431,41.964498]]}},{"type":"Feature","properties":{"mode":"bus","n":6,"arr":["32","200","334","C2","C3","n200"],"lines":"32, 200, 334, C2, C3, n200"},"geometry":{"type":"LineString","coordinates":[[12.490609,41.96656],[12.490102,41.965084],[12.490006,41.964974],[12.489963,41.964958],[12.489909,41.964965],[12.489888,41.964971],[12.489873,41.964982],[12.489848,41.965009],[12.489867,41.965229],[12.491697,41.969747],[12.492088,41.971162],[12.492525,41.97346]]}},{"type":"Feature","properties":{"mode":"bus","n":6,"arr":["32","200","334","C2","C3","n200"],"lines":"32, 200, 334, C2, C3, n200"},"geometry":{"type":"LineString","coordinates":[[12.493344,41.977075],[12.492824,41.975507],[12.492638,41.974796],[12.491978,41.971193],[12.491671,41.970075],[12.491372,41.969184],[12.490285,41.966577]]}},{"type":"Feature","properties":{"mode":"bus","n":8,"arr":["32","200","C3","G03","G04","G05","G07","n200"],"lines":"32, 200, C3, G03, G04, G05, G07, n200"},"geometry":{"type":"LineString","coordinates":[[12.488934,41.964077],[12.488742,41.963909],[12.488354,41.963441],[12.487923,41.96299],[12.487356,41.962454],[12.487347,41.962442],[12.487345,41.962431],[12.487351,41.962421],[12.487364,41.962411],[12.487424,41.962377],[12.487552,41.962234],[12.487634,41.962123],[12.487736,41.961886],[12.487718,41.961716],[12.487434,41.961272]]}},{"type":"Feature","properties":{"mode":"bus","n":8,"arr":["32","200","C3","G03","G04","G05","G07","n200"],"lines":"32, 200, C3, G03, G04, G05, G07, n200"},"geometry":{"type":"LineString","coordinates":[[12.48768,41.962433],[12.487467,41.96256]]}},{"type":"Feature","properties":{"mode":"bus","n":9,"arr":["32","200","C2","C3","G03","G04","G05","G07","n200"],"lines":"32, 200, C2, C3, G03, G04, G05, G07, n200"},"geometry":{"type":"LineString","coordinates":[[12.487434,41.961272],[12.487204,41.960947],[12.486978,41.960486],[12.486584,41.959171]]}},{"type":"Feature","properties":{"mode":"bus","n":10,"arr":["32","200","201","223","226","C2","C3","G04","G05","n201"],"lines":"32, 200, 201, 223, 226, C2, C3, G04, G05, n201"},"geometry":{"type":"LineString","coordinates":[[12.470648,41.941707],[12.471195,41.938847]]}},{"type":"Feature","properties":{"mode":"bus","n":8,"arr":["32","69","200","226","C2","G03","G07","n201"],"lines":"32, 69, 200, 226, C2, G03, G07, n201"},"geometry":{"type":"LineString","coordinates":[[12.466403,41.936704],[12.466303,41.936705]]}},{"type":"Feature","properties":{"mode":"bus","n":9,"arr":["32","69","200","226","C2","G03","G07","n200","n201"],"lines":"32, 69, 200, 226, C2, G03, G07, n200, n201"},"geometry":{"type":"LineString","coordinates":[[12.466303,41.936705],[12.466226,41.9367]]}},{"type":"Feature","properties":{"mode":"bus","n":11,"arr":["32","69","200","226","446","911","C2","G03","G07","n200","n201"],"lines":"32, 69, 200, 226, 446, 911, C2, G03, G07, n200, n201"},"geometry":{"type":"LineString","coordinates":[[12.466226,41.9367],[12.466151,41.93669]]}},{"type":"Feature","properties":{"mode":"bus","n":13,"arr":["32","69","168","200","226","301","446","911","C2","G03","G07","n200","n201"],"lines":"32, 69, 168, 200, 226, 301, 446, 911, C2, G03, G07, n200, n201"},"geometry":{"type":"LineString","coordinates":[[12.463069,41.934876],[12.462803,41.934754]]}},{"type":"Feature","properties":{"mode":"bus","n":7,"arr":["32","69","280","301","628","G03","G07"],"lines":"32, 69, 280, 301, 628, G03, G07"},"geometry":{"type":"LineString","coordinates":[[12.45871,41.929714],[12.458789,41.93017],[12.4588,41.930698],[12.458856,41.931078],[12.458959,41.93134],[12.459215,41.931781]]}},{"type":"Feature","properties":{"mode":"bus","n":7,"arr":["32","69","280","301","628","G03","G07"],"lines":"32, 69, 280, 301, 628, G03, G07"},"geometry":{"type":"LineString","coordinates":[[12.458342,41.926722],[12.458352,41.92643],[12.458324,41.92637],[12.458247,41.926314],[12.458153,41.926265],[12.457184,41.926063],[12.456848,41.925964],[12.456776,41.925926],[12.456755,41.925874],[12.456865,41.925468],[12.456949,41.924806],[12.457023,41.924673],[12.457264,41.924393],[12.45758,41.924197],[12.457887,41.924085],[12.45814,41.924041],[12.4586,41.924033]]}},{"type":"Feature","properties":{"mode":"bus","n":6,"arr":["32","69","301","628","G03","G07"],"lines":"32, 69, 301, 628, G03, G07"},"geometry":{"type":"LineString","coordinates":[[12.456723,41.925837],[12.456767,41.925823]]}},{"type":"Feature","properties":{"mode":"bus","n":12,"arr":["32","70","180F","490","590","913","913L","982","990","n3s","n913","nMA"],"lines":"32, 70, 180F, 490, 590, 913, 913L, 982, 990, n3s, n913, nMA"},"geometry":{"type":"LineString","coordinates":[[12.458093,41.911208],[12.45491,41.910418]]}},{"type":"Feature","properties":{"mode":"bus","n":5,"arr":["33","44","228","701","711"],"lines":"33, 44, 228, 701, 711"},"geometry":{"type":"LineString","coordinates":[[12.445774,41.856135],[12.445866,41.856082]]}},{"type":"Feature","properties":{"mode":"bus","n":8,"arr":["33","96","228","701","711","786","786F","n719"],"lines":"33, 96, 228, 701, 711, 786, 786F, n719"},"geometry":{"type":"LineString","coordinates":[[12.445866,41.856082],[12.445927,41.856003]]}},{"type":"Feature","properties":{"mode":"bus","n":6,"arr":["33","228","701","710","711","M05"],"lines":"33, 228, 701, 710, 711, M05"},"geometry":{"type":"LineString","coordinates":[[12.446752,41.855749],[12.446731,41.855709]]}},{"type":"Feature","properties":{"mode":"bus","n":8,"arr":["33","44","228","701","711","719","773","M05"],"lines":"33, 44, 228, 701, 711, 719, 773, M05"},"geometry":{"type":"LineString","coordinates":[[12.445866,41.856082],[12.445983,41.856043]]}},{"type":"Feature","properties":{"mode":"bus","n":6,"arr":["33","44","228","701","711","M05"],"lines":"33, 44, 228, 701, 711, M05"},"geometry":{"type":"LineString","coordinates":[[12.445983,41.856043],[12.446752,41.855749]]}},{"type":"Feature","properties":{"mode":"bus","n":8,"arr":["33","44","96","719","773","786","786F","n719"],"lines":"33, 44, 96, 719, 773, 786, 786F, n719"},"geometry":{"type":"LineString","coordinates":[[12.445866,41.856082],[12.44602,41.856178]]}},{"type":"Feature","properties":{"mode":"bus","n":5,"arr":["033","035","037","303","n200"],"lines":"033, 035, 037, 303, n200"},"geometry":{"type":"LineString","coordinates":[[12.493304,42.001167],[12.492875,42.001235],[12.49286,42.001237],[12.49285,42.001236],[12.492848,42.001232],[12.492851,42.001226],[12.492861,42.001217],[12.493109,42.001025]]}},{"type":"Feature","properties":{"mode":"bus","n":5,"arr":["033","035","037","303","n200"],"lines":"033, 035, 037, 303, n200"},"geometry":{"type":"LineString","coordinates":[[12.492828,42.001243],[12.491944,42.001935],[12.491839,42.001992],[12.491043,42.001944],[12.490312,42.001873],[12.489199,42.001609],[12.487671,42.001379],[12.487391,42.001436],[12.486442,42.001929],[12.485955,42.002108]]}},{"type":"Feature","properties":{"mode":"bus","n":5,"arr":["033","035","037","303","n200"],"lines":"033, 035, 037, 303, n200"},"geometry":{"type":"LineString","coordinates":[[12.490113,42.001832],[12.490132,42.001717]]}},{"type":"Feature","properties":{"mode":"bus","n":5,"arr":["34","98","115","870","881"],"lines":"34, 98, 115, 870, 881"},"geometry":{"type":"LineString","coordinates":[[12.465507,41.900219],[12.465583,41.900167]]}},{"type":"Feature","properties":{"mode":"bus","n":6,"arr":["34","98","115","870","881","982"],"lines":"34, 98, 115, 870, 881, 982"},"geometry":{"type":"LineString","coordinates":[[12.465261,41.900454],[12.465507,41.900219]]}},{"type":"Feature","properties":{"mode":"bus","n":16,"arr":["34","40","46","62","64","98","115","190F","870","881","916","916F","982","n46","n98","n904"],"lines":"34, 40, 46, 62, 64, 98, 115, 190F, 870, 881, 916, 916F, 982, n46, n98, n904"},"geometry":{"type":"LineString","coordinates":[[12.464891,41.900739],[12.465261,41.900454]]}},{"type":"Feature","properties":{"mode":"bus","n":16,"arr":["34","40","46","62","64","98","115","190F","870","881","916","916F","982","n46","n98","n904"],"lines":"34, 40, 46, 62, 64, 98, 115, 190F, 870, 881, 916, 916F, 982, n46, n98, n904"},"geometry":{"type":"LineString","coordinates":[[12.465217,41.89987],[12.464253,41.89979]]}},{"type":"Feature","properties":{"mode":"bus","n":13,"arr":["34","46","62","64","98","190F","881","916","916F","982","n46","n98","n904"],"lines":"34, 46, 62, 64, 98, 190F, 881, 916, 916F, 982, n46, n98, n904"},"geometry":{"type":"LineString","coordinates":[[12.462596,41.899684],[12.46236,41.899631]]}},{"type":"Feature","properties":{"mode":"bus","n":13,"arr":["34","46","62","64","98","190F","881","916","916F","982","n46","n98","n904"],"lines":"34, 46, 62, 64, 98, 190F, 881, 916, 916F, 982, n46, n98, n904"},"geometry":{"type":"LineString","coordinates":[[12.4609,41.899556],[12.460008,41.899615],[12.456594,41.900258],[12.456311,41.900283],[12.455242,41.900273],[12.454979,41.900235],[12.454693,41.90015],[12.454361,41.899976],[12.453174,41.89953]]}},{"type":"Feature","properties":{"mode":"bus","n":13,"arr":["34","46","62","64","98","190F","881","916","916F","982","n46","n98","n904"],"lines":"34, 46, 62, 64, 98, 190F, 881, 916, 916F, 982, n46, n98, n904"},"geometry":{"type":"LineString","coordinates":[[12.455178,41.900269],[12.45518,41.900159]]}},{"type":"Feature","properties":{"mode":"bus","n":5,"arr":["34","46","62","881","982"],"lines":"34, 46, 62, 881, 982"},"geometry":{"type":"LineString","coordinates":[[12.462501,41.899536],[12.46236,41.899631]]}},{"type":"Feature","properties":{"mode":"bus","n":6,"arr":["34","46","62","115","881","982"],"lines":"34, 46, 62, 115, 881, 982"},"geometry":{"type":"LineString","coordinates":[[12.462501,41.899536],[12.462533,41.899501]]}},{"type":"Feature","properties":{"mode":"bus","n":7,"arr":["34","46","62","115","870","881","982"],"lines":"34, 46, 62, 115, 870, 881, 982"},"geometry":{"type":"LineString","coordinates":[[12.462533,41.899501],[12.46185,41.899511],[12.461064,41.899447],[12.460687,41.89936],[12.460564,41.899383],[12.460327,41.899493]]}},{"type":"Feature","properties":{"mode":"bus","n":5,"arr":["34","62","98","190F","881"],"lines":"34, 62, 98, 190F, 881"},"geometry":{"type":"LineString","coordinates":[[12.45205,41.898984],[12.45209,41.89902]]}},{"type":"Feature","properties":{"mode":"bus","n":6,"arr":["34","62","98","190F","881","n904"],"lines":"34, 62, 98, 190F, 881, n904"},"geometry":{"type":"LineString","coordinates":[[12.45209,41.89902],[12.452175,41.899082]]}},{"type":"Feature","properties":{"mode":"bus","n":11,"arr":["34","62","64","98","190F","881","916","916F","982","n98","n904"],"lines":"34, 62, 64, 98, 190F, 881, 916, 916F, 982, n98, n904"},"geometry":{"type":"LineString","coordinates":[[12.453069,41.899486],[12.452323,41.899185],[12.452175,41.899082]]}},{"type":"Feature","properties":{"mode":"bus","n":12,"arr":["34","62","64","98","190F","881","916","916F","982","n46","n98","n904"],"lines":"34, 62, 64, 98, 190F, 881, 916, 916F, 982, n46, n98, n904"},"geometry":{"type":"LineString","coordinates":[[12.453174,41.89953],[12.453069,41.899486]]}},{"type":"Feature","properties":{"mode":"bus","n":11,"arr":["46","62","64","98","190F","881","916","916F","n46","n98","n904"],"lines":"46, 62, 64, 98, 190F, 881, 916, 916F, n46, n98, n904"},"geometry":{"type":"LineString","coordinates":[[12.462167,41.899621],[12.4609,41.899556]]}},{"type":"Feature","properties":{"mode":"bus","n":12,"arr":["34","46","62","64","98","190F","881","916","916F","n46","n98","n904"],"lines":"34, 46, 62, 64, 98, 190F, 881, 916, 916F, n46, n98, n904"},"geometry":{"type":"LineString","coordinates":[[12.46236,41.899631],[12.462167,41.899621]]}},{"type":"Feature","properties":{"mode":"bus","n":5,"arr":["38","80","338","341","350"],"lines":"38, 80, 338, 341, 350"},"geometry":{"type":"LineString","coordinates":[[12.535339,41.970175],[12.535702,41.970497],[12.535884,41.970769],[12.53616,41.97142],[12.53633,41.971676],[12.536471,41.971823],[12.536808,41.972055]]}},{"type":"Feature","properties":{"mode":"bus","n":5,"arr":["38","80","338","341","350"],"lines":"38, 80, 338, 341, 350"},"geometry":{"type":"LineString","coordinates":[[12.536926,41.972112],[12.53703,41.972156]]}},{"type":"Feature","properties":{"mode":"bus","n":6,"arr":["80","90","93","344","C5","n90"],"lines":"80, 90, 93, 344, C5, n90"},"geometry":{"type":"LineString","coordinates":[[12.526882,41.950416],[12.526799,41.950466]]}},{"type":"Feature","properties":{"mode":"bus","n":6,"arr":["80","90","93","344","C5","n90"],"lines":"80, 90, 93, 344, C5, n90"},"geometry":{"type":"LineString","coordinates":[[12.526745,41.950501],[12.525857,41.951199]]}},{"type":"Feature","properties":{"mode":"bus","n":7,"arr":["38","80","90","93","344","C5","n90"],"lines":"38, 80, 90, 93, 344, C5, n90"},"geometry":{"type":"LineString","coordinates":[[12.526799,41.950466],[12.526745,41.950501]]}},{"type":"Feature","properties":{"mode":"bus","n":7,"arr":["38","80","93","339","349","C5","P10"],"lines":"38, 80, 93, 339, 349, C5, P10"},"geometry":{"type":"LineString","coordinates":[[12.52663,41.950382],[12.526533,41.950163],[12.526175,41.949701],[12.526023,41.949444],[12.52579,41.948869],[12.5258,41.948688],[12.525501,41.947016],[12.525444,41.946735],[12.525351,41.946485],[12.525359,41.946163]]}},{"type":"Feature","properties":{"mode":"bus","n":11,"arr":["38","63","80","338","339","349","351","435","C5","nMB1","P10"],"lines":"38, 63, 80, 338, 339, 349, 351, 435, C5, nMB1, P10"},"geometry":{"type":"LineString","coordinates":[[12.525359,41.946163],[12.525481,41.945958]]}},{"type":"Feature","properties":{"mode":"bus","n":8,"arr":["38","63","80","338","351","435","nMB1","P10"],"lines":"38, 63, 80, 338, 351, 435, nMB1, P10"},"geometry":{"type":"LineString","coordinates":[[12.525481,41.945958],[12.525849,41.945735]]}},{"type":"Feature","properties":{"mode":"bus","n":9,"arr":["38","63","80","338","351","435","n92","nMB1","P10"],"lines":"38, 63, 80, 338, 351, 435, n92, nMB1, P10"},"geometry":{"type":"LineString","coordinates":[[12.525849,41.945735],[12.526203,41.945564],[12.526516,41.945375],[12.527176,41.944786],[12.528562,41.943721]]}},{"type":"Feature","properties":{"mode":"bus","n":8,"arr":["38","63","80","338","351","n92","nMB1","P10"],"lines":"38, 63, 80, 338, 351, n92, nMB1, P10"},"geometry":{"type":"LineString","coordinates":[[12.528562,41.943721],[12.529046,41.94336],[12.529206,41.9432],[12.529344,41.942918],[12.529366,41.942694],[12.5293,41.942428],[12.528602,41.940937],[12.528404,41.940628]]}},{"type":"Feature","properties":{"mode":"bus","n":10,"arr":["38","63","80","86","337","338","351","n92","nMB1","P10"],"lines":"38, 63, 80, 86, 337, 338, 351, n92, nMB1, P10"},"geometry":{"type":"LineString","coordinates":[[12.528404,41.940628],[12.527671,41.939545]]}},{"type":"Feature","properties":{"mode":"bus","n":5,"arr":["38","63","80","nMB1","P10"],"lines":"38, 63, 80, nMB1, P10"},"geometry":{"type":"LineString","coordinates":[[12.527671,41.939545],[12.527619,41.93929],[12.527571,41.939189],[12.527138,41.938776]]}},{"type":"Feature","properties":{"mode":"bus","n":7,"arr":["38","63","80","83","88","nMB1","P10"],"lines":"38, 63, 80, 83, 88, nMB1, P10"},"geometry":{"type":"LineString","coordinates":[[12.527138,41.938776],[12.52671,41.938432],[12.525344,41.937174],[12.522046,41.934248],[12.521161,41.933474],[12.520955,41.933328]]}},{"type":"Feature","properties":{"mode":"bus","n":6,"arr":["38","80","83","88","nMB1","P10"],"lines":"38, 80, 83, 88, nMB1, P10"},"geometry":{"type":"LineString","coordinates":[[12.520873,41.933259],[12.520955,41.933328]]}},{"type":"Feature","properties":{"mode":"bus","n":5,"arr":["38","80","235","nMB1","P10"],"lines":"38, 80, 235, nMB1, P10"},"geometry":{"type":"LineString","coordinates":[[12.51569,41.924162],[12.515877,41.92452],[12.515881,41.924532],[12.515881,41.92454],[12.515875,41.924544],[12.515865,41.924544],[12.515849,41.92454],[12.515755,41.924511],[12.515691,41.924465],[12.515679,41.924457],[12.51567,41.924455],[12.515665,41.924457],[12.515664,41.924463],[12.515666,41.924475],[12.515738,41.924728],[12.515772,41.92505],[12.515698,41.927902],[12.515779,41.928308],[12.515929,41.928708],[12.516116,41.929065],[12.516304,41.929322]]}},{"type":"Feature","properties":{"mode":"bus","n":8,"arr":["38","80","88","89","235","544","nMB1","P10"],"lines":"38, 80, 88, 89, 235, 544, nMB1, P10"},"geometry":{"type":"LineString","coordinates":[[12.51279,41.923275],[12.514266,41.92325],[12.514565,41.923297],[12.514866,41.923406],[12.515109,41.923536],[12.51569,41.924162]]}},{"type":"Feature","properties":{"mode":"bus","n":5,"arr":["38","80","88","89","168"],"lines":"38, 80, 88, 89, 168"},"geometry":{"type":"LineString","coordinates":[[12.508982,41.920143],[12.509742,41.920696],[12.510503,41.921352],[12.511164,41.922002],[12.511494,41.922373],[12.512005,41.923015],[12.512095,41.923072],[12.51228,41.923115]]}},{"type":"Feature","properties":{"mode":"bus","n":9,"arr":["38","63","80","89","92","223","360","910","n92"],"lines":"38, 63, 80, 89, 92, 223, 360, 910, n92"},"geometry":{"type":"LineString","coordinates":[[12.497959,41.911669],[12.498083,41.911049]]}},{"type":"Feature","properties":{"mode":"bus","n":10,"arr":["38","63","83","89","92","223","360","490","910","n92"],"lines":"38, 63, 83, 89, 92, 223, 360, 490, 910, n92"},"geometry":{"type":"LineString","coordinates":[[12.498083,41.911049],[12.498096,41.911004]]}},{"type":"Feature","properties":{"mode":"bus","n":9,"arr":["38","63","83","92","223","360","490","910","n92"],"lines":"38, 63, 83, 92, 223, 360, 490, 910, n92"},"geometry":{"type":"LineString","coordinates":[[12.498096,41.911004],[12.498108,41.91096]]}},{"type":"Feature","properties":{"mode":"bus","n":8,"arr":["38","63","83","92","223","360","910","n92"],"lines":"38, 63, 83, 92, 223, 360, 910, n92"},"geometry":{"type":"LineString","coordinates":[[12.498108,41.91096],[12.498222,41.910436]]}},{"type":"Feature","properties":{"mode":"bus","n":6,"arr":["38","92","223","360","910","n92"],"lines":"38, 92, 223, 360, 910, n92"},"geometry":{"type":"LineString","coordinates":[[12.498258,41.910253],[12.498814,41.907567]]}},{"type":"Feature","properties":{"mode":"bus","n":7,"arr":["38","83","92","223","360","910","n92"],"lines":"38, 83, 92, 223, 360, 910, n92"},"geometry":{"type":"LineString","coordinates":[[12.498222,41.910436],[12.498258,41.910253]]}},{"type":"Feature","properties":{"mode":"bus","n":5,"arr":["38","92","223","360","n92"],"lines":"38, 92, 223, 360, n92"},"geometry":{"type":"LineString","coordinates":[[12.498814,41.907567],[12.498851,41.907344],[12.498909,41.907254],[12.499989,41.906361]]}},{"type":"Feature","properties":{"mode":"bus","n":5,"arr":["38","92","360","F20","n92"],"lines":"38, 92, 360, F20, n92"},"geometry":{"type":"LineString","coordinates":[[12.502208,41.90458],[12.501944,41.904426],[12.501836,41.904326],[12.501766,41.904144],[12.501766,41.904093],[12.501817,41.904044]]}},{"type":"Feature","properties":{"mode":"bus","n":19,"arr":["38","66","85","90","92","170","310","A01","C2","F02","H","L08","n8","n66","n92","n98","n716","nMB1","P02"],"lines":"38, 66, 85, 90, 92, 170, 310, A01, C2, F02, H, L08, n8, n66, n92, n98, n716, nMB1, P02"},"geometry":{"type":"LineString","coordinates":[[12.500505,41.901333],[12.50051,41.901372],[12.500508,41.901382],[12.500502,41.901391],[12.500484,41.901406],[12.499304,41.902115]]}},{"type":"Feature","properties":{"mode":"bus","n":18,"arr":["38","66","85","90","92","170","310","A01","C2","F02","H","n8","n66","n92","n98","n716","nMB1","P02"],"lines":"38, 66, 85, 90, 92, 170, 310, A01, C2, F02, H, n8, n66, n92, n98, n716, nMB1, P02"},"geometry":{"type":"LineString","coordinates":[[12.500491,41.901317],[12.500505,41.901333]]}},{"type":"Feature","properties":{"mode":"bus","n":16,"arr":["38","66","85","90","92","170","310","C2","F02","H","n8","n66","n92","n98","n716","nMB1"],"lines":"38, 66, 85, 90, 92, 170, 310, C2, F02, H, n8, n66, n92, n98, n716, nMB1"},"geometry":{"type":"LineString","coordinates":[[12.500247,41.901097],[12.500491,41.901317]]}},{"type":"Feature","properties":{"mode":"bus","n":7,"arr":["38","80","89","120F","490","495","n90"],"lines":"38, 80, 89, 120F, 490, 495, n90"},"geometry":{"type":"LineString","coordinates":[[12.498222,41.910436],[12.498807,41.910554]]}},{"type":"Feature","properties":{"mode":"bus","n":7,"arr":["38","80","89","120F","490","495","n90"],"lines":"38, 80, 89, 120F, 490, 495, n90"},"geometry":{"type":"LineString","coordinates":[[12.498591,41.911103],[12.498922,41.910841]]}},{"type":"Feature","properties":{"mode":"bus","n":6,"arr":["38","80","120F","490","495","n90"],"lines":"38, 80, 120F, 490, 495, n90"},"geometry":{"type":"LineString","coordinates":[[12.498591,41.911103],[12.498291,41.911075]]}},{"type":"Feature","properties":{"mode":"bus","n":7,"arr":["38","80","88","89","235","544","nMB1"],"lines":"38, 80, 88, 89, 235, 544, nMB1"},"geometry":{"type":"LineString","coordinates":[[12.516157,41.92409],[12.516132,41.924137],[12.516115,41.924154],[12.516088,41.924163],[12.516029,41.92417],[12.515965,41.924203],[12.515841,41.924202],[12.51569,41.924162]]}},{"type":"Feature","properties":{"mode":"bus","n":5,"arr":["38","80","88","235","nMB1"],"lines":"38, 80, 88, 235, nMB1"},"geometry":{"type":"LineString","coordinates":[[12.516203,41.924517],[12.516293,41.92436],[12.516301,41.924289],[12.516221,41.924191],[12.51612,41.924159]]}},{"type":"Feature","properties":{"mode":"bus","n":5,"arr":["38","80","88","235","nMB1"],"lines":"38, 80, 88, 235, nMB1"},"geometry":{"type":"LineString","coordinates":[[12.516217,41.928923],[12.515995,41.928436],[12.515909,41.92809],[12.515878,41.92783],[12.515872,41.927294],[12.515951,41.925177],[12.515918,41.924671]]}},{"type":"Feature","properties":{"mode":"bus","n":7,"arr":["38","63","80","83","88","235","nMB1"],"lines":"38, 63, 80, 83, 88, 235, nMB1"},"geometry":{"type":"LineString","coordinates":[[12.521105,41.933234],[12.521019,41.933159]]}},{"type":"Feature","properties":{"mode":"bus","n":6,"arr":["38","63","80","83","88","nMB1"],"lines":"38, 63, 80, 83, 88, nMB1"},"geometry":{"type":"LineString","coordinates":[[12.527281,41.93867],[12.525666,41.937281],[12.521105,41.933234]]}},{"type":"Feature","properties":{"mode":"bus","n":6,"arr":["38","63","80","83","88","nMB1"],"lines":"38, 63, 80, 83, 88, nMB1"},"geometry":{"type":"LineString","coordinates":[[12.529357,41.939387],[12.529398,41.939471],[12.529401,41.939572]]}},{"type":"Feature","properties":{"mode":"bus","n":11,"arr":["38","63","80","83","86","88","311","336","337","343","nMB1"],"lines":"38, 63, 80, 83, 86, 88, 311, 336, 337, 343, nMB1"},"geometry":{"type":"LineString","coordinates":[[12.527281,41.93867],[12.527474,41.938848],[12.527957,41.939045],[12.528252,41.939215]]}},{"type":"Feature","properties":{"mode":"bus","n":14,"arr":["38","63","80","83","86","88","311","336","337","338","343","351","n92","nMB1"],"lines":"38, 63, 80, 83, 86, 88, 311, 336, 337, 338, 343, 351, n92, nMB1"},"geometry":{"type":"LineString","coordinates":[[12.528252,41.939215],[12.529105,41.939273],[12.529267,41.939316],[12.529357,41.939387]]}},{"type":"Feature","properties":{"mode":"bus","n":14,"arr":["38","63","80","83","86","88","311","336","337","338","343","351","n92","nMB1"],"lines":"38, 63, 80, 83, 86, 88, 311, 336, 337, 338, 343, 351, n92, nMB1"},"geometry":{"type":"LineString","coordinates":[[12.529562,41.939378],[12.529401,41.939572],[12.529265,41.940437]]}},{"type":"Feature","properties":{"mode":"bus","n":12,"arr":["38","63","83","86","88","311","336","337","338","343","351","n92"],"lines":"38, 63, 83, 86, 88, 311, 336, 337, 338, 343, 351, n92"},"geometry":{"type":"LineString","coordinates":[[12.529357,41.939387],[12.529438,41.939291]]}},{"type":"Feature","properties":{"mode":"bus","n":8,"arr":["86","311","336","337","338","343","351","n92"],"lines":"86, 311, 336, 337, 338, 343, 351, n92"},"geometry":{"type":"LineString","coordinates":[[12.529438,41.939291],[12.530102,41.938499],[12.530387,41.938226],[12.530705,41.938017],[12.531505,41.937627],[12.531712,41.937479],[12.531809,41.937375],[12.532682,41.936132],[12.533018,41.935905]]}},{"type":"Feature","properties":{"mode":"bus","n":8,"arr":["86","311","336","337","338","343","351","n92"],"lines":"86, 311, 336, 337, 338, 343, 351, n92"},"geometry":{"type":"LineString","coordinates":[[12.533666,41.93514],[12.533627,41.935272],[12.533306,41.935566],[12.533018,41.935905],[12.531903,41.937512],[12.531626,41.937724],[12.530776,41.938137],[12.530443,41.938355],[12.529562,41.939378]]}},{"type":"Feature","properties":{"mode":"bus","n":8,"arr":["86","311","336","337","338","343","351","n92"],"lines":"86, 311, 336, 337, 338, 343, 351, n92"},"geometry":{"type":"LineString","coordinates":[[12.533627,41.935272],[12.534092,41.935418]]}},{"type":"Feature","properties":{"mode":"bus","n":7,"arr":["38","63","80","338","351","n92","nMB1"],"lines":"38, 63, 80, 338, 351, n92, nMB1"},"geometry":{"type":"LineString","coordinates":[[12.529265,41.940437],[12.529179,41.941265],[12.529421,41.942135],[12.529547,41.942704],[12.529534,41.942929],[12.529463,41.943133],[12.529278,41.943349],[12.527722,41.944535],[12.526883,41.945242]]}},{"type":"Feature","properties":{"mode":"bus","n":6,"arr":["38","80","338","341","350","435"],"lines":"38, 80, 338, 341, 350, 435"},"geometry":{"type":"LineString","coordinates":[[12.536808,41.972055],[12.536926,41.972112]]}},{"type":"Feature","properties":{"mode":"bus","n":13,"arr":["40","70","82","85","150F","170","590","H","n5","n8","n98","n716","nMA"],"lines":"40, 70, 82, 85, 150F, 170, 590, H, n5, n8, n98, n716, nMA"},"geometry":{"type":"LineString","coordinates":[[12.49847,41.902052],[12.49892,41.901631]]}},{"type":"Feature","properties":{"mode":"bus","n":21,"arr":["40","64","66","82","85","150F","170","223","590","910","H","n5","n8","n11","n46","n66","n70","n98","n543","n716","nMA"],"lines":"40, 64, 66, 82, 85, 150F, 170, 223, 590, 910, H, n5, n8, n11, n46, n66, n70, n98, n543, n716, nMA"},"geometry":{"type":"LineString","coordinates":[[12.49847,41.902052],[12.498618,41.902054],[12.498768,41.902092]]}},{"type":"Feature","properties":{"mode":"bus","n":21,"arr":["40","64","66","82","85","150F","170","223","590","910","H","n5","n8","n11","n46","n66","n70","n98","n543","n716","nMA"],"lines":"40, 64, 66, 82, 85, 150F, 170, 223, 590, 910, H, n5, n8, n11, n46, n66, n70, n98, n543, n716, nMA"},"geometry":{"type":"LineString","coordinates":[[12.496503,41.90255],[12.496699,41.902561],[12.496938,41.902542]]}},{"type":"Feature","properties":{"mode":"bus","n":22,"arr":["40","64","66","82","85","150F","170","223","360","590","910","H","n5","n8","n11","n46","n66","n70","n98","n543","n716","nMA"],"lines":"40, 64, 66, 82, 85, 150F, 170, 223, 360, 590, 910, H, n5, n8, n11, n46, n66, n70, n98, n543, n716, nMA"},"geometry":{"type":"LineString","coordinates":[[12.498768,41.902092],[12.498811,41.90211]]}},{"type":"Feature","properties":{"mode":"bus","n":22,"arr":["40","64","66","70","82","85","150F","170","223","590","910","H","n5","n8","n11","n46","n66","n70","n98","n543","n716","nMA"],"lines":"40, 64, 66, 70, 82, 85, 150F, 170, 223, 590, 910, H, n5, n8, n11, n46, n66, n70, n98, n543, n716, nMA"},"geometry":{"type":"LineString","coordinates":[[12.498256,41.902213],[12.49847,41.902052]]}},{"type":"Feature","properties":{"mode":"bus","n":23,"arr":["40","64","66","70","82","85","150F","170","223","590","910","H","n5","n8","n11","n46","n66","n70","n98","n543","n716","nMA","P02"],"lines":"40, 64, 66, 70, 82, 85, 150F, 170, 223, 590, 910, H, n5, n8, n11, n46, n66, n70, n98, n543, n716, nMA, P02"},"geometry":{"type":"LineString","coordinates":[[12.498256,41.902213],[12.496938,41.902542]]}},{"type":"Feature","properties":{"mode":"bus","n":20,"arr":["40","64","70","82","85","150F","170","590","910","H","n5","n8","n11","n46","n70","n98","n543","n716","nMA","P02"],"lines":"40, 64, 70, 82, 85, 150F, 170, 590, 910, H, n5, n8, n11, n46, n70, n98, n543, n716, nMA, P02"},"geometry":{"type":"LineString","coordinates":[[12.496881,41.902561],[12.496938,41.902542]]}},{"type":"Feature","properties":{"mode":"bus","n":19,"arr":["40","64","70","82","85","150F","170","590","910","H","n5","n8","n11","n46","n70","n98","n543","n716","nMA"],"lines":"40, 64, 70, 82, 85, 150F, 170, 590, 910, H, n5, n8, n11, n46, n70, n98, n543, n716, nMA"},"geometry":{"type":"LineString","coordinates":[[12.496578,41.902718],[12.496881,41.902561]]}},{"type":"Feature","properties":{"mode":"bus","n":11,"arr":["40","60","64","70","170","H","n8","n11","n70","n98","n716"],"lines":"40, 60, 64, 70, 170, H, n8, n11, n70, n98, n716"},"geometry":{"type":"LineString","coordinates":[[12.495925,41.902686],[12.495585,41.902246],[12.493098,41.900644]]}},{"type":"Feature","properties":{"mode":"bus","n":11,"arr":["40","60","64","70","170","H","n8","n11","n70","n98","n716"],"lines":"40, 60, 64, 70, 170, H, n8, n11, n70, n98, n716"},"geometry":{"type":"LineString","coordinates":[[12.486672,41.896251],[12.486301,41.89627],[12.486288,41.896271],[12.486279,41.896273],[12.486276,41.896275],[12.486278,41.896279],[12.486284,41.896283],[12.486296,41.896288],[12.48648,41.896355],[12.486652,41.896454]]}},{"type":"Feature","properties":{"mode":"bus","n":11,"arr":["40","60","64","70","170","H","n8","n11","n70","n98","n716"],"lines":"40, 60, 64, 70, 170, H, n8, n11, n70, n98, n716"},"geometry":{"type":"LineString","coordinates":[[12.486963,41.896285],[12.48705,41.896462],[12.487016,41.896663]]}},{"type":"Feature","properties":{"mode":"bus","n":11,"arr":["40","60","64","70","170","H","n8","n11","n70","n98","n716"],"lines":"40, 60, 64, 70, 170, H, n8, n11, n70, n98, n716"},"geometry":{"type":"LineString","coordinates":[[12.482208,41.896682],[12.482803,41.896809],[12.483662,41.896934],[12.484952,41.897237],[12.485014,41.897239],[12.485045,41.897235],[12.485071,41.897222],[12.48514,41.897171],[12.485524,41.896274],[12.485542,41.896251],[12.485574,41.896237],[12.485644,41.896219],[12.486253,41.896272]]}},{"type":"Feature","properties":{"mode":"bus","n":12,"arr":["40","60","64","70","71","170","H","n8","n11","n70","n98","n716"],"lines":"40, 60, 64, 70, 71, 170, H, n8, n11, n70, n98, n716"},"geometry":{"type":"LineString","coordinates":[[12.493098,41.900644],[12.490342,41.898828]]}},{"type":"Feature","properties":{"mode":"bus","n":12,"arr":["40","60","64","70","117","170","H","n8","n11","n70","n98","n716"],"lines":"40, 60, 64, 70, 117, 170, H, n8, n11, n70, n98, n716"},"geometry":{"type":"LineString","coordinates":[[12.490342,41.898828],[12.48812,41.897365],[12.486652,41.896454]]}},{"type":"Feature","properties":{"mode":"bus","n":12,"arr":["40","60","64","70","117","170","H","n8","n11","n70","n98","n716"],"lines":"40, 60, 64, 70, 117, 170, H, n8, n11, n70, n98, n716"},"geometry":{"type":"LineString","coordinates":[[12.486963,41.896285],[12.48683,41.896246],[12.486672,41.896251]]}},{"type":"Feature","properties":{"mode":"bus","n":26,"arr":["40","51","60","62","63","64","70","80","83","85","119","160","170","492","C3","H","n5","n8","n11","n46","n70","n90","n98","n201","n543","n716"],"lines":"40, 51, 60, 62, 63, 64, 70, 80, 83, 85, 119, 160, 170, 492, C3, H, n5, n8, n11, n46, n70, n90, n98, n201, n543, n716"},"geometry":{"type":"LineString","coordinates":[[12.481922,41.896613],[12.482208,41.896682]]}},{"type":"Feature","properties":{"mode":"bus","n":10,"arr":["40","46","62","64","190F","916","916F","n46","n98","n904"],"lines":"40, 46, 62, 64, 190F, 916, 916F, n46, n98, n904"},"geometry":{"type":"LineString","coordinates":[[12.467297,41.898939],[12.468437,41.89808],[12.46891,41.897823],[12.468979,41.897729],[12.469422,41.89759],[12.471203,41.897177],[12.47277,41.896843],[12.473126,41.89671],[12.473339,41.896675],[12.473575,41.896602],[12.474144,41.896535]]}},{"type":"Feature","properties":{"mode":"bus","n":10,"arr":["40","46","62","64","190F","916","916F","n46","n98","n904"],"lines":"40, 46, 62, 64, 190F, 916, 916F, n46, n98, n904"},"geometry":{"type":"LineString","coordinates":[[12.465572,41.899884],[12.465871,41.899902],[12.465941,41.899883],[12.466183,41.899688],[12.466408,41.899594],[12.466836,41.899288]]}},{"type":"Feature","properties":{"mode":"bus","n":10,"arr":["40","46","62","64","190F","916","916F","n46","n98","n904"],"lines":"40, 46, 62, 64, 190F, 916, 916F, n46, n98, n904"},"geometry":{"type":"LineString","coordinates":[[12.465261,41.900454],[12.465465,41.900334],[12.466246,41.899766],[12.466408,41.899594]]}},{"type":"Feature","properties":{"mode":"bus","n":16,"arr":["40","46","62","64","70","87","190F","916","916F","C3","n46","n70","n98","n201","n904","n913"],"lines":"40, 46, 62, 64, 70, 87, 190F, 916, 916F, C3, n46, n70, n98, n201, n904, n913"},"geometry":{"type":"LineString","coordinates":[[12.474144,41.896535],[12.474222,41.896528]]}},{"type":"Feature","properties":{"mode":"bus","n":6,"arr":["40","62","190F","n46","n98","n904"],"lines":"40, 62, 190F, n46, n98, n904"},"geometry":{"type":"LineString","coordinates":[[12.466836,41.899288],[12.467297,41.898939]]}},{"type":"Feature","properties":{"mode":"bus","n":14,"arr":["40","46","62","64","98","115","190F","870","881","916","916F","n46","n98","n904"],"lines":"40, 46, 62, 64, 98, 115, 190F, 870, 881, 916, 916F, n46, n98, n904"},"geometry":{"type":"LineString","coordinates":[[12.465322,41.899875],[12.465217,41.89987]]}},{"type":"Feature","properties":{"mode":"bus","n":13,"arr":["40","46","62","64","115","190F","870","881","916","916F","n46","n98","n904"],"lines":"40, 46, 62, 64, 115, 190F, 870, 881, 916, 916F, n46, n98, n904"},"geometry":{"type":"LineString","coordinates":[[12.46541,41.899878],[12.465322,41.899875]]}},{"type":"Feature","properties":{"mode":"bus","n":12,"arr":["40","46","62","64","115","190F","870","916","916F","n46","n98","n904"],"lines":"40, 46, 62, 64, 115, 190F, 870, 916, 916F, n46, n98, n904"},"geometry":{"type":"LineString","coordinates":[[12.465491,41.89988],[12.46541,41.899878]]}},{"type":"Feature","properties":{"mode":"bus","n":11,"arr":["40","46","62","64","190F","870","916","916F","n46","n98","n904"],"lines":"40, 46, 62, 64, 190F, 870, 916, 916F, n46, n98, n904"},"geometry":{"type":"LineString","coordinates":[[12.465572,41.899884],[12.465491,41.89988]]}},{"type":"Feature","properties":{"mode":"bus","n":7,"arr":["40","62","64","n46","n70","n98","n904"],"lines":"40, 62, 64, n46, n70, n98, n904"},"geometry":{"type":"LineString","coordinates":[[12.477421,41.895943],[12.477258,41.895908],[12.476794,41.895907],[12.476588,41.89594],[12.476504,41.895991]]}},{"type":"Feature","properties":{"mode":"bus","n":26,"arr":["40","46","60","62","63","64","70","80","87","119","190F","492","916","916F","H","n5","n8","n11","n46","n70","n90","n98","n201","n543","n904","n913"],"lines":"40, 46, 60, 62, 63, 64, 70, 80, 87, 119, 190F, 492, 916, 916F, H, n5, n8, n11, n46, n70, n90, n98, n201, n543, n904, n913"},"geometry":{"type":"LineString","coordinates":[[12.481958,41.894158],[12.481851,41.894072],[12.481774,41.894041],[12.481497,41.894068]]}},{"type":"Feature","properties":{"mode":"bus","n":18,"arr":["40","63","64","80","87","118","119","170","190F","n5","n8","n11","n46","n70","n98","n543","n716","n904"],"lines":"40, 63, 64, 80, 87, 118, 119, 170, 190F, n5, n8, n11, n46, n70, n98, n543, n716, n904"},"geometry":{"type":"LineString","coordinates":[[12.482501,41.895513],[12.482303,41.895466]]}},{"type":"Feature","properties":{"mode":"bus","n":9,"arr":["40","64","87","118","170","n8","n11","n98","n716"],"lines":"40, 64, 87, 118, 170, n8, n11, n98, n716"},"geometry":{"type":"LineString","coordinates":[[12.483017,41.895554],[12.482971,41.895557]]}},{"type":"Feature","properties":{"mode":"bus","n":10,"arr":["40","64","87","118","170","n8","n11","n70","n98","n716"],"lines":"40, 64, 87, 118, 170, n8, n11, n70, n98, n716"},"geometry":{"type":"LineString","coordinates":[[12.482971,41.895557],[12.482501,41.895513]]}},{"type":"Feature","properties":{"mode":"bus","n":8,"arr":["40","64","170","n8","n11","n70","n98","n716"],"lines":"40, 64, 170, n8, n11, n70, n98, n716"},"geometry":{"type":"LineString","coordinates":[[12.482501,41.895513],[12.482325,41.895533]]}},{"type":"Feature","properties":{"mode":"bus","n":8,"arr":["40","64","170","n8","n11","n70","n98","n716"],"lines":"40, 64, 170, n8, n11, n70, n98, n716"},"geometry":{"type":"LineString","coordinates":[[12.482549,41.896764],[12.482847,41.896071]]}},{"type":"Feature","properties":{"mode":"bus","n":6,"arr":["40","60","n8","n70","n98","n716"],"lines":"40, 60, n8, n70, n98, n716"},"geometry":{"type":"LineString","coordinates":[[12.483662,41.896934],[12.48376,41.896877]]}},{"type":"Feature","properties":{"mode":"bus","n":7,"arr":["40","60","117","H","n8","n70","n716"],"lines":"40, 60, 117, H, n8, n70, n716"},"geometry":{"type":"LineString","coordinates":[[12.487011,41.896254],[12.486963,41.896285]]}},{"type":"Feature","properties":{"mode":"bus","n":10,"arr":["40","60","64","170","H","n8","n11","n70","n98","n716"],"lines":"40, 60, 64, 170, H, n8, n11, n70, n98, n716"},"geometry":{"type":"LineString","coordinates":[[12.49523,41.902029],[12.495396,41.902087],[12.495856,41.902362],[12.496048,41.902422],[12.496276,41.902462]]}},{"type":"Feature","properties":{"mode":"bus","n":6,"arr":["040","040F","041","041F","343","444"],"lines":"040, 040F, 041, 041F, 343, 444"},"geometry":{"type":"LineString","coordinates":[[12.56567,41.920576],[12.565735,41.920691]]}},{"type":"Feature","properties":{"mode":"bus","n":8,"arr":["040","040F","041","041F","058","075","343","444"],"lines":"040, 040F, 041, 041F, 058, 075, 343, 444"},"geometry":{"type":"LineString","coordinates":[[12.565606,41.920454],[12.56567,41.920576]]}},{"type":"Feature","properties":{"mode":"bus","n":10,"arr":["040","040F","041","041F","058","075","343","424","444","508"],"lines":"040, 040F, 041, 041F, 058, 075, 343, 424, 444, 508"},"geometry":{"type":"LineString","coordinates":[[12.565546,41.920345],[12.565606,41.920454]]}},{"type":"Feature","properties":{"mode":"bus","n":12,"arr":["040","040F","041","041F","058","075","341","343","350","424","444","508"],"lines":"040, 040F, 041, 041F, 058, 075, 341, 343, 350, 424, 444, 508"},"geometry":{"type":"LineString","coordinates":[[12.565482,41.920227],[12.565546,41.920345]]}},{"type":"Feature","properties":{"mode":"bus","n":13,"arr":["040","040F","041","041F","058","075","341","343","350","424","444","451","508"],"lines":"040, 040F, 041, 041F, 058, 075, 341, 343, 350, 424, 444, 451, 508"},"geometry":{"type":"LineString","coordinates":[[12.564987,41.920075],[12.56507,41.920055],[12.565204,41.920066],[12.56539,41.92014],[12.565482,41.920227]]}},{"type":"Feature","properties":{"mode":"bus","n":19,"arr":["040","040F","041","041F","058","075","120F","163","319","341","343","350","424","444","451","508","C5","n041","P30"],"lines":"040, 040F, 041, 041F, 058, 075, 120F, 163, 319, 341, 343, 350, 424, 444, 451, 508, C5, n041, P30"},"geometry":{"type":"LineString","coordinates":[[12.564734,41.919644],[12.564987,41.920075]]}},{"type":"Feature","properties":{"mode":"bus","n":15,"arr":["040","040F","041","041F","058","075","319","341","343","350","424","444","451","508","n041"],"lines":"040, 040F, 041, 041F, 058, 075, 319, 341, 343, 350, 424, 444, 451, 508, n041"},"geometry":{"type":"LineString","coordinates":[[12.5651,41.91951],[12.564968,41.919471],[12.564855,41.919489],[12.564766,41.919554],[12.564734,41.919644]]}},{"type":"Feature","properties":{"mode":"bus","n":19,"arr":["040","040F","041","041F","058","075","120F","319","341","343","350","424","444","451","508","C5","n041","nMB","P03"],"lines":"040, 040F, 041, 041F, 058, 075, 120F, 319, 341, 343, 350, 424, 444, 451, 508, C5, n041, nMB, P03"},"geometry":{"type":"LineString","coordinates":[[12.5651,41.91951],[12.565464,41.919946]]}},{"type":"Feature","properties":{"mode":"bus","n":13,"arr":["040","040F","041","041F","120F","341","343","350","424","444","C5","n041","nMB"],"lines":"040, 040F, 041, 041F, 120F, 341, 343, 350, 424, 444, C5, n041, nMB"},"geometry":{"type":"LineString","coordinates":[[12.566286,41.920707],[12.566034,41.920539],[12.565464,41.919946]]}},{"type":"Feature","properties":{"mode":"bus","n":14,"arr":["040","040F","041","041F","120F","163","341","343","350","424","444","C5","n041","nMB"],"lines":"040, 040F, 041, 041F, 120F, 163, 341, 343, 350, 424, 444, C5, n041, nMB"},"geometry":{"type":"LineString","coordinates":[[12.567669,41.922305],[12.566286,41.920707]]}},{"type":"Feature","properties":{"mode":"bus","n":15,"arr":["040","040F","041","041F","120F","163","341","343","350","424","444","A07","C5","n041","nMB"],"lines":"040, 040F, 041, 041F, 120F, 163, 341, 343, 350, 424, 444, A07, C5, n041, nMB"},"geometry":{"type":"LineString","coordinates":[[12.570235,41.924131],[12.569281,41.923845],[12.569045,41.923744],[12.568825,41.923615],[12.568665,41.923483],[12.567669,41.922305]]}},{"type":"Feature","properties":{"mode":"bus","n":15,"arr":["040","040F","041","041F","120F","163","311","341","350","424","444","A07","C5","n041","nMB"],"lines":"040, 040F, 041, 041F, 120F, 163, 311, 341, 350, 424, 444, A07, C5, n041, nMB"},"geometry":{"type":"LineString","coordinates":[[12.570575,41.924237],[12.570235,41.924131]]}},{"type":"Feature","properties":{"mode":"bus","n":12,"arr":["040","040F","041","041F","120F","341","350","424","444","A07","C5","n041"],"lines":"040, 040F, 041, 041F, 120F, 341, 350, 424, 444, A07, C5, n041"},"geometry":{"type":"LineString","coordinates":[[12.570575,41.924237],[12.57121,41.924434],[12.571258,41.924501]]}},{"type":"Feature","properties":{"mode":"bus","n":5,"arr":["041","341","350","424","A07"],"lines":"041, 341, 350, 424, A07"},"geometry":{"type":"LineString","coordinates":[[12.571258,41.924501],[12.571253,41.92452]]}},{"type":"Feature","properties":{"mode":"bus","n":9,"arr":["040","040F","041","041F","341","350","424","444","A07"],"lines":"040, 040F, 041, 041F, 341, 350, 424, 444, A07"},"geometry":{"type":"LineString","coordinates":[[12.571253,41.92452],[12.571234,41.924567]]}},{"type":"Feature","properties":{"mode":"bus","n":11,"arr":["040","040F","041","041F","120F","343","424","437","444","C5","n041"],"lines":"040, 040F, 041, 041F, 120F, 343, 424, 437, 444, C5, n041"},"geometry":{"type":"LineString","coordinates":[[12.571258,41.924501],[12.571412,41.924546]]}},{"type":"Feature","properties":{"mode":"bus","n":11,"arr":["040","040F","041","041F","120F","343","424","437","444","C5","n041"],"lines":"040, 040F, 041, 041F, 120F, 343, 424, 437, 444, C5, n041"},"geometry":{"type":"LineString","coordinates":[[12.571999,41.924793],[12.572205,41.92476],[12.572326,41.924778],[12.572668,41.924896],[12.572769,41.924959]]}},{"type":"Feature","properties":{"mode":"bus","n":14,"arr":["040","040F","041","041F","120F","343","404","424","437","444","447","C5","n041","nMB"],"lines":"040, 040F, 041, 041F, 120F, 343, 404, 424, 437, 444, 447, C5, n041, nMB"},"geometry":{"type":"LineString","coordinates":[[12.571956,41.92483],[12.571789,41.924699]]}},{"type":"Feature","properties":{"mode":"bus","n":13,"arr":["040","040F","041","041F","120F","343","404","424","437","444","C5","n041","nMB"],"lines":"040, 040F, 041, 041F, 120F, 343, 404, 424, 437, 444, C5, n041, nMB"},"geometry":{"type":"LineString","coordinates":[[12.571789,41.924699],[12.571726,41.92466]]}},{"type":"Feature","properties":{"mode":"bus","n":12,"arr":["040","040F","041","041F","120F","343","424","437","444","C5","n041","nMB"],"lines":"040, 040F, 041, 041F, 120F, 343, 424, 437, 444, C5, n041, nMB"},"geometry":{"type":"LineString","coordinates":[[12.571726,41.92466],[12.571412,41.924546]]}},{"type":"Feature","properties":{"mode":"bus","n":12,"arr":["040","040F","041","041F","120F","343","424","437","444","447","C5","n041"],"lines":"040, 040F, 041, 041F, 120F, 343, 424, 437, 444, 447, C5, n041"},"geometry":{"type":"LineString","coordinates":[[12.571999,41.924793],[12.571956,41.92483]]}},{"type":"Feature","properties":{"mode":"bus","n":16,"arr":["040","040F","041","041F","043","120F","343","404","424","437","443","444","447","C5","n041","nMB"],"lines":"040, 040F, 041, 041F, 043, 120F, 343, 404, 424, 437, 443, 444, 447, C5, n041, nMB"},"geometry":{"type":"LineString","coordinates":[[12.572769,41.924959],[12.573202,41.925214],[12.573612,41.925548],[12.573889,41.925874],[12.574313,41.926477],[12.574502,41.926588]]}},{"type":"Feature","properties":{"mode":"bus","n":15,"arr":["040","040F","041","041F","043","120F","343","404","424","437","443","444","447","C5","n041"],"lines":"040, 040F, 041, 041F, 043, 120F, 343, 404, 424, 437, 443, 444, 447, C5, n041"},"geometry":{"type":"LineString","coordinates":[[12.574502,41.926588],[12.574556,41.926669],[12.575745,41.927832],[12.576724,41.928651],[12.576961,41.928892],[12.577257,41.929342],[12.577631,41.930198],[12.577931,41.93056],[12.578532,41.931129],[12.578739,41.931238],[12.579274,41.931427]]}},{"type":"Feature","properties":{"mode":"bus","n":15,"arr":["040","040F","041","041F","043","120F","343","404","424","437","443","444","447","C5","n041"],"lines":"040, 040F, 041, 041F, 043, 120F, 343, 404, 424, 437, 443, 444, 447, C5, n041"},"geometry":{"type":"LineString","coordinates":[[12.584777,41.932499],[12.583564,41.932429],[12.582756,41.932314]]}},{"type":"Feature","properties":{"mode":"bus","n":15,"arr":["040","040F","041","041F","043","120F","343","404","424","437","443","444","447","C5","n041"],"lines":"040, 040F, 041, 041F, 043, 120F, 343, 404, 424, 437, 443, 444, 447, C5, n041"},"geometry":{"type":"LineString","coordinates":[[12.582713,41.932421],[12.580142,41.931835],[12.579194,41.931526]]}},{"type":"Feature","properties":{"mode":"bus","n":8,"arr":["040","040F","041","343","404","437","444","447"],"lines":"040, 040F, 041, 343, 404, 437, 444, 447"},"geometry":{"type":"LineString","coordinates":[[12.579274,41.931427],[12.580233,41.931737],[12.58233,41.932217]]}},{"type":"Feature","properties":{"mode":"bus","n":10,"arr":["040","040F","041","041F","120F","343","404","437","444","447"],"lines":"040, 040F, 041, 041F, 120F, 343, 404, 437, 444, 447"},"geometry":{"type":"LineString","coordinates":[[12.58233,41.932217],[12.582669,41.932293]]}},{"type":"Feature","properties":{"mode":"bus","n":14,"arr":["040","040F","041","041F","120F","343","404","424","437","443","444","447","C5","n041"],"lines":"040, 040F, 041, 041F, 120F, 343, 404, 424, 437, 443, 444, 447, C5, n041"},"geometry":{"type":"LineString","coordinates":[[12.582669,41.932293],[12.582756,41.932314]]}},{"type":"Feature","properties":{"mode":"bus","n":9,"arr":["040","040F","041","041F","043","437","443","447","n041"],"lines":"040, 040F, 041, 041F, 043, 437, 443, 447, n041"},"geometry":{"type":"LineString","coordinates":[[12.585531,41.932542],[12.584777,41.932499]]}},{"type":"Feature","properties":{"mode":"bus","n":9,"arr":["040","040F","041","041F","043","437","443","447","n041"],"lines":"040, 040F, 041, 041F, 043, 437, 443, 447, n041"},"geometry":{"type":"LineString","coordinates":[[12.586735,41.932613],[12.586726,41.93269],[12.586718,41.93271],[12.586701,41.932721],[12.586674,41.932723],[12.584751,41.932606]]}},{"type":"Feature","properties":{"mode":"bus","n":7,"arr":["040","040F","041","041F","043","443","n041"],"lines":"040, 040F, 041, 041F, 043, 443, n041"},"geometry":{"type":"LineString","coordinates":[[12.593905,41.932763],[12.591933,41.933037],[12.591906,41.933037],[12.591887,41.933028],[12.591876,41.933009],[12.591867,41.932974],[12.591856,41.932955],[12.591837,41.932946],[12.591809,41.932945],[12.59122,41.933018],[12.59074,41.933017],[12.588505,41.93283],[12.587781,41.932714],[12.586885,41.932625],[12.585531,41.932542]]}},{"type":"Feature","properties":{"mode":"bus","n":7,"arr":["040","040F","041","041F","043","443","n041"],"lines":"040, 040F, 041, 041F, 043, 443, n041"},"geometry":{"type":"LineString","coordinates":[[12.592823,41.93291],[12.59281,41.932838],[12.592812,41.932817],[12.592826,41.932803],[12.592851,41.932795],[12.593974,41.93263],[12.594858,41.932554],[12.59554,41.932545],[12.596576,41.93263],[12.597529,41.932769],[12.598369,41.93292],[12.599233,41.933039]]}},{"type":"Feature","properties":{"mode":"bus","n":5,"arr":["040","041","041F","043","n041"],"lines":"040, 041, 041F, 043, n041"},"geometry":{"type":"LineString","coordinates":[[12.650859,41.937404],[12.650921,41.937404]]}},{"type":"Feature","properties":{"mode":"bus","n":7,"arr":["040","041F","042","045","051","055","314"],"lines":"040, 041F, 042, 045, 051, 055, 314"},"geometry":{"type":"LineString","coordinates":[[12.668887,41.923746],[12.669813,41.923235],[12.670043,41.923161],[12.670295,41.923121],[12.672032,41.923021],[12.672361,41.923053],[12.673202,41.923222],[12.6734,41.923235],[12.673574,41.923211],[12.673682,41.92316],[12.67374,41.923101],[12.674044,41.922476],[12.674347,41.922038],[12.674602,41.92184],[12.674963,41.921741]]}},{"type":"Feature","properties":{"mode":"bus","n":5,"arr":["040","041F","042","045","055"],"lines":"040, 041F, 042, 045, 055"},"geometry":{"type":"LineString","coordinates":[[12.674963,41.921741],[12.675306,41.921706],[12.67557,41.921734],[12.676151,41.921892],[12.676442,41.922029],[12.676555,41.92211]]}},{"type":"Feature","properties":{"mode":"bus","n":13,"arr":["040","040F","041","041F","043","120F","343","404","424","443","444","C5","n041"],"lines":"040, 040F, 041, 041F, 043, 120F, 343, 404, 424, 443, 444, C5, n041"},"geometry":{"type":"LineString","coordinates":[[12.584751,41.932606],[12.584777,41.932499]]}},{"type":"Feature","properties":{"mode":"bus","n":11,"arr":["040","040F","041","041F","043","120F","424","443","444","C5","n041"],"lines":"040, 040F, 041, 041F, 043, 120F, 424, 443, 444, C5, n041"},"geometry":{"type":"LineString","coordinates":[[12.582756,41.932314],[12.582713,41.932421]]}},{"type":"Feature","properties":{"mode":"bus","n":11,"arr":["040","040F","041","041F","043","120F","424","443","444","C5","n041"],"lines":"040, 040F, 041, 041F, 043, 120F, 424, 443, 444, C5, n041"},"geometry":{"type":"LineString","coordinates":[[12.579274,41.931427],[12.579194,41.931526]]}},{"type":"Feature","properties":{"mode":"bus","n":10,"arr":["040","040F","041","041F","120F","424","444","447","C5","n041"],"lines":"040, 040F, 041, 041F, 120F, 424, 444, 447, C5, n041"},"geometry":{"type":"LineString","coordinates":[[12.572886,41.925016],[12.572816,41.92503]]}},{"type":"Feature","properties":{"mode":"bus","n":9,"arr":["040","040F","041","041F","120F","424","444","447","C5"],"lines":"040, 040F, 041, 041F, 120F, 424, 444, 447, C5"},"geometry":{"type":"LineString","coordinates":[[12.572816,41.92503],[12.572755,41.925045]]}},{"type":"Feature","properties":{"mode":"bus","n":7,"arr":["040","040F","041","041F","424","444","447"],"lines":"040, 040F, 041, 041F, 424, 444, 447"},"geometry":{"type":"LineString","coordinates":[[12.572755,41.925045],[12.572486,41.925127],[12.572352,41.925106]]}},{"type":"Feature","properties":{"mode":"bus","n":9,"arr":["040","040F","041","041F","043","424","444","447","nMB"],"lines":"040, 040F, 041, 041F, 043, 424, 444, 447, nMB"},"geometry":{"type":"LineString","coordinates":[[12.572352,41.925106],[12.572267,41.925061]]}},{"type":"Feature","properties":{"mode":"bus","n":10,"arr":["040","040F","041","041F","043","424","443","444","447","nMB"],"lines":"040, 040F, 041, 041F, 043, 424, 443, 444, 447, nMB"},"geometry":{"type":"LineString","coordinates":[[12.572267,41.925061],[12.572106,41.924961]]}},{"type":"Feature","properties":{"mode":"bus","n":11,"arr":["040","040F","041","041F","120F","404","424","444","447","C5","nMB"],"lines":"040, 040F, 041, 041F, 120F, 404, 424, 444, 447, C5, nMB"},"geometry":{"type":"LineString","coordinates":[[12.572106,41.924961],[12.572031,41.924906]]}},{"type":"Feature","properties":{"mode":"bus","n":12,"arr":["040","040F","041","041F","120F","404","424","444","447","C5","n041","nMB"],"lines":"040, 040F, 041, 041F, 120F, 404, 424, 444, 447, C5, n041, nMB"},"geometry":{"type":"LineString","coordinates":[[12.572031,41.924906],[12.571956,41.92483]]}},{"type":"Feature","properties":{"mode":"bus","n":10,"arr":["040","040F","041F","120F","343","424","444","C5","n041","nMB"],"lines":"040, 040F, 041F, 120F, 343, 424, 444, C5, n041, nMB"},"geometry":{"type":"LineString","coordinates":[[12.571412,41.924546],[12.571234,41.924567]]}},{"type":"Feature","properties":{"mode":"bus","n":14,"arr":["040","040F","041","041F","120F","311","343","424","437","444","A70","C5","n041","nMB"],"lines":"040, 040F, 041, 041F, 120F, 311, 343, 424, 437, 444, A70, C5, n041, nMB"},"geometry":{"type":"LineString","coordinates":[[12.569883,41.924241],[12.570424,41.924312],[12.571234,41.924567]]}},{"type":"Feature","properties":{"mode":"bus","n":12,"arr":["040","040F","041","041F","120F","343","424","444","A70","C5","n041","nMB"],"lines":"040, 040F, 041, 041F, 120F, 343, 424, 444, A70, C5, n041, nMB"},"geometry":{"type":"LineString","coordinates":[[12.568561,41.924201],[12.56887,41.924229],[12.569883,41.924241]]}},{"type":"Feature","properties":{"mode":"bus","n":11,"arr":["040","040F","041","041F","120F","343","424","444","A70","C5","n041"],"lines":"040, 040F, 041, 041F, 120F, 343, 424, 444, A70, C5, n041"},"geometry":{"type":"LineString","coordinates":[[12.567371,41.92382],[12.567585,41.923928],[12.567906,41.92405],[12.568264,41.924154],[12.568561,41.924201]]}},{"type":"Feature","properties":{"mode":"bus","n":15,"arr":["040","040F","041","041F","120F","163","341","343","350","424","444","A70","C5","n041","nMB"],"lines":"040, 040F, 041, 041F, 120F, 163, 341, 343, 350, 424, 444, A70, C5, n041, nMB"},"geometry":{"type":"LineString","coordinates":[[12.565106,41.92201],[12.565895,41.92273],[12.567371,41.92382]]}},{"type":"Feature","properties":{"mode":"bus","n":14,"arr":["040","040F","041","041F","120F","163","341","343","350","424","444","A70","C5","n041"],"lines":"040, 040F, 041, 041F, 120F, 163, 341, 343, 350, 424, 444, A70, C5, n041"},"geometry":{"type":"LineString","coordinates":[[12.565319,41.922803],[12.564932,41.922943],[12.564698,41.92296],[12.564515,41.922924],[12.564391,41.92287],[12.56426,41.922726],[12.564241,41.922579],[12.56427,41.922396],[12.564362,41.922216],[12.564523,41.922044],[12.564683,41.921946],[12.564828,41.921912],[12.564909,41.92192],[12.565106,41.92201]]}},{"type":"Feature","properties":{"mode":"bus","n":19,"arr":["040","040F","041","041F","058","075","120F","163","319","341","343","350","424","444","451","508","A70","C5","n041"],"lines":"040, 040F, 041, 041F, 058, 075, 120F, 163, 319, 341, 343, 350, 424, 444, 451, 508, A70, C5, n041"},"geometry":{"type":"LineString","coordinates":[[12.566098,41.922166],[12.565841,41.92246],[12.565319,41.922803]]}},{"type":"Feature","properties":{"mode":"bus","n":18,"arr":["040","040F","041","041F","058","075","120F","163","319","341","343","350","424","444","451","508","C5","n041"],"lines":"040, 040F, 041, 041F, 058, 075, 120F, 163, 319, 341, 343, 350, 424, 444, 451, 508, C5, n041"},"geometry":{"type":"LineString","coordinates":[[12.565737,41.921436],[12.566041,41.921981],[12.566098,41.922166]]}},{"type":"Feature","properties":{"mode":"bus","n":19,"arr":["040","040F","041","041F","058","075","120F","163","319","341","343","350","424","444","451","508","C5","n041","P03"],"lines":"040, 040F, 041, 041F, 058, 075, 120F, 163, 319, 341, 343, 350, 424, 444, 451, 508, C5, n041, P03"},"geometry":{"type":"LineString","coordinates":[[12.565659,41.921285],[12.565737,41.921436]]}},{"type":"Feature","properties":{"mode":"bus","n":17,"arr":["041","041F","058","075","120F","163","319","341","343","350","424","444","451","508","C5","n041","P03"],"lines":"041, 041F, 058, 075, 120F, 163, 319, 341, 343, 350, 424, 444, 451, 508, C5, n041, P03"},"geometry":{"type":"LineString","coordinates":[[12.565599,41.921161],[12.565659,41.921285]]}},{"type":"Feature","properties":{"mode":"bus","n":16,"arr":["041","041F","058","075","120F","163","319","341","350","424","444","451","508","C5","n041","P03"],"lines":"041, 041F, 058, 075, 120F, 163, 319, 341, 350, 424, 444, 451, 508, C5, n041, P03"},"geometry":{"type":"LineString","coordinates":[[12.565539,41.921032],[12.565599,41.921161]]}},{"type":"Feature","properties":{"mode":"bus","n":5,"arr":["043","120F","404","443","C5"],"lines":"043, 120F, 404, 443, C5"},"geometry":{"type":"LineString","coordinates":[[12.572106,41.924961],[12.572424,41.924853]]}},{"type":"Feature","properties":{"mode":"bus","n":7,"arr":["043","120F","404","443","447","C5","n041"],"lines":"043, 120F, 404, 443, 447, C5, n041"},"geometry":{"type":"LineString","coordinates":[[12.572424,41.924853],[12.572769,41.924959]]}},{"type":"Feature","properties":{"mode":"bus","n":5,"arr":["44","228","701","710","M05"],"lines":"44, 228, 701, 710, M05"},"geometry":{"type":"LineString","coordinates":[[12.446752,41.855749],[12.446884,41.855706]]}},{"type":"Feature","properties":{"mode":"bus","n":8,"arr":["44","715","716","781","F10","n11","nMC","nME"],"lines":"44, 715, 716, 781, F10, n11, nMC, nME"},"geometry":{"type":"LineString","coordinates":[[12.48154,41.895264],[12.48178,41.895305]]}},{"type":"Feature","properties":{"mode":"bus","n":9,"arr":["44","119","715","716","781","F10","n11","nMC","nME"],"lines":"44, 119, 715, 716, 781, F10, n11, nMC, nME"},"geometry":{"type":"LineString","coordinates":[[12.481037,41.894834],[12.481071,41.894965],[12.481138,41.895064],[12.481311,41.895175],[12.48154,41.895264]]}},{"type":"Feature","properties":{"mode":"bus","n":6,"arr":["44","75","710","870","871","982"],"lines":"44, 75, 710, 870, 871, 982"},"geometry":{"type":"LineString","coordinates":[[12.460945,41.885174],[12.460851,41.883938]]}},{"type":"Feature","properties":{"mode":"bus","n":5,"arr":["44","710","870","871","982"],"lines":"44, 710, 870, 871, 982"},"geometry":{"type":"LineString","coordinates":[[12.460851,41.883938],[12.458473,41.884004],[12.456917,41.883888],[12.456761,41.883861]]}},{"type":"Feature","properties":{"mode":"bus","n":6,"arr":["045","055","107","314","508","C9"],"lines":"045, 055, 107, 314, 508, C9"},"geometry":{"type":"LineString","coordinates":[[12.701606,41.893622],[12.701162,41.892993],[12.700875,41.89241],[12.700727,41.892028],[12.70065,41.891891],[12.700506,41.891751],[12.700204,41.89161],[12.698511,41.891058],[12.697662,41.890755],[12.697126,41.890535],[12.696866,41.890482],[12.695765,41.890354],[12.69498,41.890172]]}},{"type":"Feature","properties":{"mode":"bus","n":5,"arr":["045","051","075","150F","n075"],"lines":"045, 051, 075, 150F, n075"},"geometry":{"type":"LineString","coordinates":[[12.680518,41.890507],[12.679566,41.89052],[12.679035,41.890578]]}},{"type":"Feature","properties":{"mode":"bus","n":6,"arr":["045","075","150F","508","555","n075"],"lines":"045, 075, 150F, 508, 555, n075"},"geometry":{"type":"LineString","coordinates":[[12.67909,41.890461],[12.679035,41.890578]]}},{"type":"Feature","properties":{"mode":"bus","n":5,"arr":["045","075","150F","508","n075"],"lines":"045, 075, 150F, 508, n075"},"geometry":{"type":"LineString","coordinates":[[12.675825,41.890725],[12.675825,41.890582],[12.675826,41.890572],[12.67583,41.890566],[12.675837,41.890563],[12.675846,41.890565],[12.675858,41.89057],[12.675919,41.890603],[12.676051,41.89062],[12.677806,41.890602],[12.678437,41.890555],[12.67909,41.890461]]}},{"type":"Feature","properties":{"mode":"bus","n":7,"arr":["045","051","075","150F","508","555","n075"],"lines":"045, 051, 075, 150F, 508, 555, n075"},"geometry":{"type":"LineString","coordinates":[[12.67598,41.890722],[12.674757,41.890729],[12.673485,41.890657],[12.67161,41.890822],[12.670835,41.890871],[12.669572,41.890865],[12.668049,41.890803],[12.666794,41.890856]]}},{"type":"Feature","properties":{"mode":"bus","n":5,"arr":["045","051","056","508","n075"],"lines":"045, 051, 056, 508, n075"},"geometry":{"type":"LineString","coordinates":[[12.666794,41.890856],[12.666825,41.890663],[12.667263,41.88998],[12.668286,41.888541],[12.669662,41.886079],[12.669739,41.885877],[12.669742,41.885651],[12.669604,41.885363],[12.668242,41.883548],[12.668223,41.883441],[12.668247,41.883349],[12.668362,41.883135],[12.668493,41.882968]]}},{"type":"Feature","properties":{"mode":"bus","n":5,"arr":["045","051","107","C9","nMC"],"lines":"045, 051, 107, C9, nMC"},"geometry":{"type":"LineString","coordinates":[[12.673162,41.864014],[12.670939,41.863977],[12.669622,41.864075]]}},{"type":"Feature","properties":{"mode":"bus","n":5,"arr":["045","051","107","C9","nMC"],"lines":"045, 051, 107, C9, nMC"},"geometry":{"type":"LineString","coordinates":[[12.669517,41.864083],[12.668089,41.864197],[12.665934,41.864152],[12.663882,41.864377],[12.66342,41.864406],[12.662887,41.864415],[12.661721,41.864363],[12.661407,41.864367],[12.660495,41.86441],[12.659317,41.864498],[12.658393,41.864512],[12.654993,41.864311],[12.654502,41.864252],[12.653682,41.864088],[12.652174,41.863737],[12.651556,41.863557],[12.650996,41.863352]]}},{"type":"Feature","properties":{"mode":"bus","n":6,"arr":["045","051","053","107","C9","nMC"],"lines":"045, 051, 053, 107, C9, nMC"},"geometry":{"type":"LineString","coordinates":[[12.650996,41.863352],[12.649519,41.862766],[12.649062,41.862631],[12.647923,41.862352],[12.647437,41.862279],[12.64607,41.862308]]}},{"type":"Feature","properties":{"mode":"bus","n":5,"arr":["045","053","107","C9","nMC"],"lines":"045, 053, 107, C9, nMC"},"geometry":{"type":"LineString","coordinates":[[12.646874,41.862246],[12.647341,41.862279]]}},{"type":"Feature","properties":{"mode":"bus","n":8,"arr":["045","053","057","058F","106","107","A50","n11"],"lines":"045, 053, 057, 058F, 106, 107, A50, n11"},"geometry":{"type":"LineString","coordinates":[[12.64588,41.862211],[12.646395,41.862205],[12.646511,41.862178],[12.646591,41.862123]]}},{"type":"Feature","properties":{"mode":"bus","n":10,"arr":["045","051","057","058F","106","107","506","507","A05","n11"],"lines":"045, 051, 057, 058F, 106, 107, 506, 507, A05, n11"},"geometry":{"type":"LineString","coordinates":[[12.64588,41.862211],[12.645874,41.862071],[12.645975,41.861886]]}},{"type":"Feature","properties":{"mode":"bus","n":10,"arr":["051","053","057","058F","106","506","507","A05","A50","n11"],"lines":"051, 053, 057, 058F, 106, 506, 507, A05, A50, n11"},"geometry":{"type":"LineString","coordinates":[[12.645167,41.86226],[12.645743,41.862221]]}},{"type":"Feature","properties":{"mode":"bus","n":12,"arr":["045","051","053","057","058F","106","107","506","507","A05","A50","n11"],"lines":"045, 051, 053, 057, 058F, 106, 107, 506, 507, A05, A50, n11"},"geometry":{"type":"LineString","coordinates":[[12.645743,41.862221],[12.64588,41.862211]]}},{"type":"Feature","properties":{"mode":"bus","n":7,"arr":["045","051","057","058F","107","506","507"],"lines":"045, 051, 057, 058F, 107, 506, 507"},"geometry":{"type":"LineString","coordinates":[[12.645975,41.861886],[12.646076,41.861731]]}},{"type":"Feature","properties":{"mode":"bus","n":6,"arr":["045","051","057","058F","506","507"],"lines":"045, 051, 057, 058F, 506, 507"},"geometry":{"type":"LineString","coordinates":[[12.646076,41.861731],[12.646179,41.861578]]}},{"type":"Feature","properties":{"mode":"bus","n":5,"arr":["045","057","058F","506","507"],"lines":"045, 057, 058F, 506, 507"},"geometry":{"type":"LineString","coordinates":[[12.646689,41.861873],[12.646743,41.861798]]}},{"type":"Feature","properties":{"mode":"bus","n":6,"arr":["045","057","058F","107","506","507"],"lines":"045, 057, 058F, 107, 506, 507"},"geometry":{"type":"LineString","coordinates":[[12.646584,41.862024],[12.646689,41.861873]]}},{"type":"Feature","properties":{"mode":"bus","n":9,"arr":["045","057","058F","106","107","506","507","A50","n11"],"lines":"045, 057, 058F, 106, 107, 506, 507, A50, n11"},"geometry":{"type":"LineString","coordinates":[[12.646606,41.862084],[12.646561,41.862062],[12.646555,41.862058],[12.646553,41.862053],[12.646554,41.862049],[12.646559,41.862044],[12.646584,41.862024]]}},{"type":"Feature","properties":{"mode":"bus","n":5,"arr":["046","500","515","556","559"],"lines":"046, 500, 515, 556, 559"},"geometry":{"type":"LineString","coordinates":[[12.587321,41.842134],[12.587247,41.842173]]}},{"type":"Feature","properties":{"mode":"bus","n":6,"arr":["046","047","500","515","556","559"],"lines":"046, 047, 500, 515, 556, 559"},"geometry":{"type":"LineString","coordinates":[[12.587353,41.841937],[12.587309,41.841952],[12.587291,41.841963],[12.587283,41.841979],[12.587278,41.842018],[12.587321,41.842134]]}},{"type":"Feature","properties":{"mode":"bus","n":7,"arr":["046","047","056","106","C9","n11","nMC"],"lines":"046, 047, 056, 106, C9, n11, nMC"},"geometry":{"type":"LineString","coordinates":[[12.609714,41.864019],[12.61016,41.863944]]}},{"type":"Feature","properties":{"mode":"bus","n":7,"arr":["046","047","056","106","C9","n11","nMC"],"lines":"046, 047, 056, 106, C9, n11, nMC"},"geometry":{"type":"LineString","coordinates":[[12.611382,41.863598],[12.612811,41.863136],[12.613207,41.863046],[12.613618,41.862993],[12.614082,41.862984],[12.616611,41.863049],[12.617967,41.863135],[12.618538,41.863084],[12.61911,41.862974]]}},{"type":"Feature","properties":{"mode":"bus","n":5,"arr":["046","047","106","C9","nMC"],"lines":"046, 047, 106, C9, nMC"},"geometry":{"type":"LineString","coordinates":[[12.62076,41.862649],[12.61911,41.862974]]}},{"type":"Feature","properties":{"mode":"bus","n":5,"arr":["046","047","500","552","n500"],"lines":"046, 047, 500, 552, n500"},"geometry":{"type":"LineString","coordinates":[[12.613116,41.855281],[12.613296,41.85537]]}},{"type":"Feature","properties":{"mode":"bus","n":5,"arr":["046","047","500","502","n500"],"lines":"046, 047, 500, 502, n500"},"geometry":{"type":"LineString","coordinates":[[12.603532,41.85034],[12.603545,41.850076],[12.604178,41.847755],[12.604202,41.847559],[12.604187,41.847444]]}},{"type":"Feature","properties":{"mode":"bus","n":6,"arr":["046","502","506","509","T01","T02"],"lines":"046, 502, 506, 509, T01, T02"},"geometry":{"type":"LineString","coordinates":[[12.600601,41.836781],[12.599509,41.83718],[12.598936,41.837362],[12.598644,41.837422],[12.597695,41.837776],[12.595961,41.83838],[12.594022,41.83912],[12.593326,41.83936],[12.592475,41.839599],[12.591878,41.839713],[12.591578,41.83974]]}},{"type":"Feature","properties":{"mode":"bus","n":8,"arr":["046","502","503","506","509","533","T01","T02"],"lines":"046, 502, 503, 506, 509, 533, T01, T02"},"geometry":{"type":"LineString","coordinates":[[12.591578,41.83974],[12.588717,41.84031],[12.587735,41.840606]]}},{"type":"Feature","properties":{"mode":"bus","n":14,"arr":["046","502","503","504","505","506","507","509","515","533","551","n551","T01","T02"],"lines":"046, 502, 503, 504, 505, 506, 507, 509, 515, 533, 551, n551, T01, T02"},"geometry":{"type":"LineString","coordinates":[[12.587735,41.840606],[12.587208,41.840819],[12.586712,41.841189]]}},{"type":"Feature","properties":{"mode":"bus","n":5,"arr":["46","913","913L","990","n46"],"lines":"46, 913, 913L, 990, n46"},"geometry":{"type":"LineString","coordinates":[[12.420924,41.938934],[12.421047,41.938995],[12.421068,41.939001],[12.421087,41.938999],[12.421104,41.938988],[12.421149,41.938945]]}},{"type":"Feature","properties":{"mode":"bus","n":5,"arr":["46","913","913L","990","n46"],"lines":"46, 913, 913L, 990, n46"},"geometry":{"type":"LineString","coordinates":[[12.421316,41.938503],[12.421431,41.938572]]}},{"type":"Feature","properties":{"mode":"bus","n":6,"arr":["46","913","913L","990","999","n46"],"lines":"46, 913, 913L, 990, 999, n46"},"geometry":{"type":"LineString","coordinates":[[12.420798,41.938872],[12.420924,41.938934]]}},{"type":"Feature","properties":{"mode":"bus","n":6,"arr":["46","913","913L","990","999","n46"],"lines":"46, 913, 913L, 990, 999, n46"},"geometry":{"type":"LineString","coordinates":[[12.421249,41.938463],[12.421316,41.938503]]}},{"type":"Feature","properties":{"mode":"bus","n":8,"arr":["46","912","913","913L","990","998","999","n46"],"lines":"46, 912, 913, 913L, 990, 998, 999, n46"},"geometry":{"type":"LineString","coordinates":[[12.420706,41.938827],[12.420798,41.938872]]}},{"type":"Feature","properties":{"mode":"bus","n":8,"arr":["46","912","913","913L","990","998","999","n46"],"lines":"46, 912, 913, 913L, 990, 998, 999, n46"},"geometry":{"type":"LineString","coordinates":[[12.421142,41.938397],[12.421249,41.938463]]}},{"type":"Feature","properties":{"mode":"bus","n":10,"arr":["46","49","546","912","913","913L","990","998","999","n46"],"lines":"46, 49, 546, 912, 913, 913L, 990, 998, 999, n46"},"geometry":{"type":"LineString","coordinates":[[12.420308,41.939218],[12.420706,41.938827]]}},{"type":"Feature","properties":{"mode":"bus","n":10,"arr":["46","49","546","912","913","913L","990","998","999","n46"],"lines":"46, 49, 546, 912, 913, 913L, 990, 998, 999, n46"},"geometry":{"type":"LineString","coordinates":[[12.421142,41.938397],[12.421373,41.938172]]}},{"type":"Feature","properties":{"mode":"bus","n":6,"arr":["46","49","546","907","907L","n46"],"lines":"46, 49, 546, 907, 907L, n46"},"geometry":{"type":"LineString","coordinates":[[12.423154,41.936634],[12.422679,41.936395],[12.422055,41.935931],[12.420955,41.934984],[12.419555,41.933593],[12.419471,41.933373],[12.41949,41.933203],[12.420098,41.932013],[12.420102,41.931878],[12.420073,41.931785],[12.418327,41.930169],[12.417985,41.92982],[12.417613,41.929395],[12.416664,41.928201]]}},{"type":"Feature","properties":{"mode":"bus","n":6,"arr":["46","49","546","907","907L","n46"],"lines":"46, 49, 546, 907, 907L, n46"},"geometry":{"type":"LineString","coordinates":[[12.420057,41.931761],[12.420096,41.931762]]}},{"type":"Feature","properties":{"mode":"bus","n":6,"arr":["46","49","546","907","907L","n46"],"lines":"46, 49, 546, 907, 907L, n46"},"geometry":{"type":"LineString","coordinates":[[12.418801,41.930516],[12.418745,41.930553]]}},{"type":"Feature","properties":{"mode":"bus","n":6,"arr":["46","49","546","907","907L","n46"],"lines":"46, 49, 546, 907, 907L, n46"},"geometry":{"type":"LineString","coordinates":[[12.417883,41.929711],[12.417959,41.929671]]}},{"type":"Feature","properties":{"mode":"bus","n":6,"arr":["46","49","546","907","907L","n46"],"lines":"46, 49, 546, 907, 907L, n46"},"geometry":{"type":"LineString","coordinates":[[12.420955,41.934984],[12.421044,41.934929]]}},{"type":"Feature","properties":{"mode":"bus","n":5,"arr":["46","49","907","907L","n46"],"lines":"46, 49, 907, 907L, n46"},"geometry":{"type":"LineString","coordinates":[[12.420096,41.931762],[12.420127,41.931763]]}},{"type":"Feature","properties":{"mode":"bus","n":5,"arr":["46","49","907","907L","n46"],"lines":"46, 49, 907, 907L, n46"},"geometry":{"type":"LineString","coordinates":[[12.41554,41.920414],[12.415606,41.920376]]}},{"type":"Feature","properties":{"mode":"bus","n":5,"arr":["46","49","907","907L","n46"],"lines":"46, 49, 907, 907L, n46"},"geometry":{"type":"LineString","coordinates":[[12.415464,41.920085],[12.414637,41.914302],[12.414629,41.914222],[12.41466,41.914132]]}},{"type":"Feature","properties":{"mode":"bus","n":6,"arr":["46","49","907","907L","908","n46"],"lines":"46, 49, 907, 907L, 908, n46"},"geometry":{"type":"LineString","coordinates":[[12.416183,41.921311],[12.415961,41.921031],[12.415888,41.920732],[12.415837,41.920651]]}},{"type":"Feature","properties":{"mode":"bus","n":6,"arr":["46","49","907","907L","908","n46"],"lines":"46, 49, 907, 907L, 908, n46"},"geometry":{"type":"LineString","coordinates":[[12.415852,41.920632],[12.415842,41.920644],[12.41584,41.920647],[12.415837,41.920648],[12.415833,41.920647],[12.41583,41.920645],[12.415527,41.920397],[12.415464,41.920085]]}},{"type":"Feature","properties":{"mode":"bus","n":8,"arr":["46","46B","91","907","907L","983","n46","nMA"],"lines":"46, 46B, 91, 907, 907L, 983, n46, nMA"},"geometry":{"type":"LineString","coordinates":[[12.414595,41.913943],[12.414474,41.913882],[12.414259,41.913713],[12.414077,41.913538],[12.413939,41.913363],[12.412666,41.911163],[12.412595,41.910989],[12.412573,41.910711],[12.412589,41.910587],[12.412676,41.910349],[12.413543,41.908661],[12.413581,41.908461],[12.413644,41.907518],[12.413745,41.907183],[12.413963,41.906942],[12.414538,41.906583],[12.414759,41.906491]]}},{"type":"Feature","properties":{"mode":"bus","n":11,"arr":["46","46B","91","146","907","907L","916","916F","983","985","nMA"],"lines":"46, 46B, 91, 146, 907, 907L, 916, 916F, 983, 985, nMA"},"geometry":{"type":"LineString","coordinates":[[12.414759,41.906491],[12.414243,41.906294],[12.414006,41.906234],[12.413767,41.906224],[12.413341,41.906265]]}},{"type":"Feature","properties":{"mode":"bus","n":11,"arr":["46","46B","91","146","907","907L","916","916F","983","985","nMA"],"lines":"46, 46B, 91, 146, 907, 907L, 916, 916F, 983, 985, nMA"},"geometry":{"type":"LineString","coordinates":[[12.41305,41.906128],[12.413015,41.906187],[12.413,41.906203],[12.412979,41.906209],[12.412952,41.906206],[12.412352,41.906048],[12.411549,41.905802],[12.41117,41.905652],[12.410869,41.9055],[12.410596,41.905273],[12.410505,41.905166],[12.410346,41.904931],[12.410222,41.904623],[12.410067,41.904468]]}},{"type":"Feature","properties":{"mode":"bus","n":9,"arr":["91","146","907","907L","916","916F","983","985","nMA"],"lines":"91, 146, 907, 907L, 916, 916F, 983, 985, nMA"},"geometry":{"type":"LineString","coordinates":[[12.412996,41.906218],[12.413341,41.906265]]}},{"type":"Feature","properties":{"mode":"bus","n":8,"arr":["46","46B","91","146","907","983","985","nMA"],"lines":"46, 46B, 91, 146, 907, 983, 985, nMA"},"geometry":{"type":"LineString","coordinates":[[12.413341,41.906265],[12.413388,41.906039]]}},{"type":"Feature","properties":{"mode":"bus","n":5,"arr":["46","46B","146","907","985"],"lines":"46, 46B, 146, 907, 985"},"geometry":{"type":"LineString","coordinates":[[12.413388,41.906039],[12.413117,41.906071],[12.41305,41.906128]]}},{"type":"Feature","properties":{"mode":"bus","n":20,"arr":["46","46B","91","146","190F","546","904","905","906","907","907L","916","916F","980","981","983","985","993","n904","nMA"],"lines":"46, 46B, 91, 146, 190F, 546, 904, 905, 906, 907, 907L, 916, 916F, 980, 981, 983, 985, 993, n904, nMA"},"geometry":{"type":"LineString","coordinates":[[12.409082,41.905072],[12.41018,41.904413]]}},{"type":"Feature","properties":{"mode":"bus","n":20,"arr":["46","46B","91","146","190F","546","904","905","906","907","907L","916","916F","980","981","983","985","993","n904","nMA"],"lines":"46, 46B, 91, 146, 190F, 546, 904, 905, 906, 907, 907L, 916, 916F, 980, 981, 983, 985, 993, n904, nMA"},"geometry":{"type":"LineString","coordinates":[[12.409687,41.904425],[12.409258,41.904705],[12.408822,41.9049]]}},{"type":"Feature","properties":{"mode":"bus","n":8,"arr":["46","46B","907","907L","916","916F","983","nMA"],"lines":"46, 46B, 907, 907L, 916, 916F, 983, nMA"},"geometry":{"type":"LineString","coordinates":[[12.408822,41.9049],[12.408817,41.904981],[12.408867,41.905044],[12.40895,41.905074],[12.409082,41.905072]]}},{"type":"Feature","properties":{"mode":"bus","n":16,"arr":["46","190F","546","904","905","906","907","907L","916","916F","980","981","983","993","n904","nMA"],"lines":"46, 190F, 546, 904, 905, 906, 907, 907L, 916, 916F, 980, 981, 983, 993, n904, nMA"},"geometry":{"type":"LineString","coordinates":[[12.411651,41.903173],[12.411068,41.903287],[12.410734,41.903438],[12.410535,41.903606],[12.410362,41.903841],[12.409923,41.904199],[12.409687,41.904425]]}},{"type":"Feature","properties":{"mode":"bus","n":16,"arr":["46","190F","546","904","905","906","907","907L","916","916F","980","981","983","993","n904","nMA"],"lines":"46, 190F, 546, 904, 905, 906, 907, 907L, 916, 916F, 980, 981, 983, 993, n904, nMA"},"geometry":{"type":"LineString","coordinates":[[12.41018,41.904413],[12.410399,41.904232],[12.410795,41.90365],[12.410923,41.903511],[12.411177,41.903359],[12.411651,41.903173],[12.411808,41.903144],[12.413084,41.902999],[12.413659,41.902989],[12.414087,41.903052],[12.414947,41.903314],[12.415335,41.903408],[12.416379,41.903502]]}},{"type":"Feature","properties":{"mode":"bus","n":5,"arr":["46","906","980","993","nMA"],"lines":"46, 906, 980, 993, nMA"},"geometry":{"type":"LineString","coordinates":[[12.413112,41.902905],[12.413089,41.902981]]}},{"type":"Feature","properties":{"mode":"bus","n":15,"arr":["46","546","904","905","906","907","907L","916","916F","980","981","983","993","n904","nMA"],"lines":"46, 546, 904, 905, 906, 907, 907L, 916, 916F, 980, 981, 983, 993, n904, nMA"},"geometry":{"type":"LineString","coordinates":[[12.413089,41.902981],[12.413084,41.902999]]}},{"type":"Feature","properties":{"mode":"bus","n":9,"arr":["46","546","889","906","907L","980","993","n904","nMA"],"lines":"46, 546, 889, 906, 907L, 980, 993, n904, nMA"},"geometry":{"type":"LineString","coordinates":[[12.41633,41.903413],[12.416379,41.903502]]}},{"type":"Feature","properties":{"mode":"bus","n":17,"arr":["46","190F","546","889","904","905","906","907","907L","916","916F","980","981","983","993","n904","nMA"],"lines":"46, 190F, 546, 889, 904, 905, 906, 907, 907L, 916, 916F, 980, 981, 983, 993, n904, nMA"},"geometry":{"type":"LineString","coordinates":[[12.416379,41.903502],[12.417248,41.903517],[12.418546,41.903619],[12.419165,41.903608],[12.419602,41.903573],[12.421126,41.903371],[12.42192,41.903157]]}},{"type":"Feature","properties":{"mode":"bus","n":10,"arr":["46","546","889","906","907","907L","980","993","n904","nMA"],"lines":"46, 546, 889, 906, 907, 907L, 980, 993, n904, nMA"},"geometry":{"type":"LineString","coordinates":[[12.41685,41.903509],[12.416839,41.90343]]}},{"type":"Feature","properties":{"mode":"bus","n":16,"arr":["46","190F","889","904","905","906","907","907L","916","916F","980","981","983","993","n904","nMA"],"lines":"46, 190F, 889, 904, 905, 906, 907, 907L, 916, 916F, 980, 981, 983, 993, n904, nMA"},"geometry":{"type":"LineString","coordinates":[[12.42192,41.903157],[12.424133,41.902561],[12.425463,41.902043]]}},{"type":"Feature","properties":{"mode":"bus","n":17,"arr":["46","190F","490","889","904","905","906","907","907L","916","916F","980","981","983","993","n904","nMA"],"lines":"46, 190F, 490, 889, 904, 905, 906, 907, 907L, 916, 916F, 980, 981, 983, 993, n904, nMA"},"geometry":{"type":"LineString","coordinates":[[12.425463,41.902043],[12.425586,41.901997]]}},{"type":"Feature","properties":{"mode":"bus","n":22,"arr":["46","49","190F","246","246P","446","490","889","904","905","906","907","907L","916","916F","980","981","983","993","n46","n904","nMA"],"lines":"46, 49, 190F, 246, 246P, 446, 490, 889, 904, 905, 906, 907, 907L, 916, 916F, 980, 981, 983, 993, n46, n904, nMA"},"geometry":{"type":"LineString","coordinates":[[12.425736,41.90194],[12.425586,41.901997]]}},{"type":"Feature","properties":{"mode":"bus","n":14,"arr":["46","49","446","490","904","905","906","907","907L","980","981","983","993","n46"],"lines":"46, 49, 446, 490, 904, 905, 906, 907, 907L, 980, 981, 983, 993, n46"},"geometry":{"type":"LineString","coordinates":[[12.426675,41.901466],[12.426206,41.901723],[12.425736,41.90194]]}},{"type":"Feature","properties":{"mode":"bus","n":9,"arr":["46","62","64","190F","916","916F","n46","n98","n904"],"lines":"46, 62, 64, 190F, 916, 916F, n46, n98, n904"},"geometry":{"type":"LineString","coordinates":[[12.466836,41.899288],[12.466942,41.899137],[12.467232,41.898892]]}},{"type":"Feature","properties":{"mode":"bus","n":7,"arr":["46","70","87","160","170","492","n11"],"lines":"46, 70, 87, 160, 170, 492, n11"},"geometry":{"type":"LineString","coordinates":[[12.481917,41.895254],[12.48178,41.895305]]}},{"type":"Feature","properties":{"mode":"bus","n":7,"arr":["46","492","916","916F","H","n201","n913"],"lines":"46, 492, 916, 916F, H, n201, n913"},"geometry":{"type":"LineString","coordinates":[[12.482282,41.895437],[12.482303,41.895466]]}},{"type":"Feature","properties":{"mode":"bus","n":6,"arr":["46","62","64","916","916F","n913"],"lines":"46, 62, 64, 916, 916F, n913"},"geometry":{"type":"LineString","coordinates":[[12.479188,41.896003],[12.478482,41.895957]]}},{"type":"Feature","properties":{"mode":"bus","n":8,"arr":["46","62","64","916","916F","n46","n98","n904"],"lines":"46, 62, 64, 916, 916F, n46, n98, n904"},"geometry":{"type":"LineString","coordinates":[[12.467232,41.898892],[12.467297,41.898939]]}},{"type":"Feature","properties":{"mode":"bus","n":13,"arr":["46","190F","246","246P","490","791","889","916","916F","C6","M03","n904","nMA"],"lines":"46, 190F, 246, 246P, 490, 791, 889, 916, 916F, C6, M03, n904, nMA"},"geometry":{"type":"LineString","coordinates":[[12.427725,41.898582],[12.427226,41.899466],[12.426885,41.899876],[12.426783,41.900037],[12.425736,41.90194]]}},{"type":"Feature","properties":{"mode":"bus","n":5,"arr":["46B","546","908","916","916F"],"lines":"46B, 546, 908, 916, 916F"},"geometry":{"type":"LineString","coordinates":[[12.411929,41.922992],[12.411855,41.922906]]}},{"type":"Feature","properties":{"mode":"bus","n":5,"arr":["46B","546","916","916F","983"],"lines":"46B, 546, 916, 916F, 983"},"geometry":{"type":"LineString","coordinates":[[12.407552,41.915588],[12.407689,41.915493],[12.407705,41.915485],[12.407719,41.915484],[12.407731,41.91549],[12.40774,41.915503],[12.408149,41.916351]]}},{"type":"Feature","properties":{"mode":"bus","n":5,"arr":["46B","546","916","916F","983"],"lines":"46B, 546, 916, 916F, 983"},"geometry":{"type":"LineString","coordinates":[[12.407724,41.915469],[12.407833,41.915391]]}},{"type":"Feature","properties":{"mode":"bus","n":5,"arr":["047","502","515","nMA","T02"],"lines":"047, 502, 515, nMA, T02"},"geometry":{"type":"LineString","coordinates":[[12.584139,41.843244],[12.584053,41.843309]]}},{"type":"Feature","properties":{"mode":"bus","n":11,"arr":["047","503","504","505","506","507","509","515","533","551","n551"],"lines":"047, 503, 504, 505, 506, 507, 509, 515, 533, 551, n551"},"geometry":{"type":"LineString","coordinates":[[12.583819,41.843078],[12.583745,41.842954],[12.583783,41.842847]]}},{"type":"Feature","properties":{"mode":"bus","n":14,"arr":["047","502","503","504","505","506","507","509","515","533","551","n551","nMA","T20"],"lines":"047, 502, 503, 504, 505, 506, 507, 509, 515, 533, 551, n551, nMA, T20"},"geometry":{"type":"LineString","coordinates":[[12.583783,41.842847],[12.584457,41.842397],[12.585451,41.841654]]}},{"type":"Feature","properties":{"mode":"bus","n":13,"arr":["047","502","503","504","505","506","507","509","515","533","551","n551","T20"],"lines":"047, 502, 503, 504, 505, 506, 507, 509, 515, 533, 551, n551, T20"},"geometry":{"type":"LineString","coordinates":[[12.585451,41.841654],[12.585969,41.841258]]}},{"type":"Feature","properties":{"mode":"bus","n":14,"arr":["047","502","503","504","505","506","507","509","515","533","551","n551","T10","T20"],"lines":"047, 502, 503, 504, 505, 506, 507, 509, 515, 533, 551, n551, T10, T20"},"geometry":{"type":"LineString","coordinates":[[12.585969,41.841258],[12.5879,41.83995],[12.588774,41.839322],[12.589479,41.838763],[12.589776,41.83845]]}},{"type":"Feature","properties":{"mode":"bus","n":13,"arr":["047","502","504","505","506","507","509","515","533","551","n551","T10","T20"],"lines":"047, 502, 504, 505, 506, 507, 509, 515, 533, 551, n551, T10, T20"},"geometry":{"type":"LineString","coordinates":[[12.589776,41.83845],[12.59012,41.837983],[12.590356,41.83772]]}},{"type":"Feature","properties":{"mode":"bus","n":7,"arr":["047","502","506","509","533","T10","T20"],"lines":"047, 502, 506, 509, 533, T10, T20"},"geometry":{"type":"LineString","coordinates":[[12.590356,41.83772],[12.590561,41.837598],[12.590763,41.837526],[12.590977,41.837505],[12.591152,41.837529],[12.591332,41.837597],[12.591451,41.837684],[12.591706,41.838004]]}},{"type":"Feature","properties":{"mode":"bus","n":8,"arr":["047","502","503","506","509","533","T10","T20"],"lines":"047, 502, 503, 506, 509, 533, T10, T20"},"geometry":{"type":"LineString","coordinates":[[12.591706,41.838004],[12.592088,41.838738]]}},{"type":"Feature","properties":{"mode":"bus","n":6,"arr":["047","502","506","509","T10","T20"],"lines":"047, 502, 506, 509, T10, T20"},"geometry":{"type":"LineString","coordinates":[[12.592088,41.838738],[12.592345,41.839047],[12.592487,41.83916],[12.592722,41.839266],[12.592962,41.839307],[12.59326,41.839282],[12.593465,41.83923],[12.594393,41.838893]]}},{"type":"Feature","properties":{"mode":"bus","n":6,"arr":["047","502","506","509","T10","T20"],"lines":"047, 502, 506, 509, T10, T20"},"geometry":{"type":"LineString","coordinates":[[12.59756,41.83774],[12.598676,41.837325],[12.600526,41.836549],[12.601995,41.836018]]}},{"type":"Feature","properties":{"mode":"bus","n":5,"arr":["047","506","509","T10","T20"],"lines":"047, 506, 509, T10, T20"},"geometry":{"type":"LineString","coordinates":[[12.594393,41.838893],[12.595307,41.838539],[12.59756,41.83774]]}},{"type":"Feature","properties":{"mode":"bus","n":7,"arr":["047","502","504","506","509","T10","T20"],"lines":"047, 502, 504, 506, 509, T10, T20"},"geometry":{"type":"LineString","coordinates":[[12.601995,41.836018],[12.602301,41.83591],[12.602324,41.835898],[12.602334,41.835881],[12.602331,41.835861],[12.60229,41.835765],[12.602288,41.835756],[12.602288,41.835751],[12.602292,41.835749],[12.602299,41.83575],[12.602309,41.835754],[12.602363,41.83578],[12.602538,41.835765],[12.606323,41.834336],[12.606389,41.834335],[12.606453,41.834378]]}},{"type":"Feature","properties":{"mode":"bus","n":7,"arr":["047","502","504","506","509","T01","T02"],"lines":"047, 502, 504, 506, 509, T01, T02"},"geometry":{"type":"LineString","coordinates":[[12.606558,41.834744],[12.605893,41.835054],[12.604725,41.835516],[12.604192,41.835674],[12.602855,41.835957],[12.602172,41.836205]]}},{"type":"Feature","properties":{"mode":"bus","n":6,"arr":["047","502","506","509","T01","T02"],"lines":"047, 502, 506, 509, T01, T02"},"geometry":{"type":"LineString","coordinates":[[12.602172,41.836205],[12.601356,41.836505]]}},{"type":"Feature","properties":{"mode":"bus","n":6,"arr":["047","502","506","509","T01","T02"],"lines":"047, 502, 506, 509, T01, T02"},"geometry":{"type":"LineString","coordinates":[[12.601001,41.836638],[12.600601,41.836781]]}},{"type":"Feature","properties":{"mode":"bus","n":7,"arr":["49","546","911","913L","980","999","n46"],"lines":"49, 546, 911, 913L, 980, 999, n46"},"geometry":{"type":"LineString","coordinates":[[12.419536,41.941064],[12.419507,41.941087]]}},{"type":"Feature","properties":{"mode":"bus","n":11,"arr":["49","546","911","912","913","913L","980","990","998","999","n46"],"lines":"49, 546, 911, 912, 913, 913L, 980, 990, 998, 999, n46"},"geometry":{"type":"LineString","coordinates":[[12.419536,41.941064],[12.419538,41.94097],[12.419734,41.940758]]}},{"type":"Feature","properties":{"mode":"bus","n":11,"arr":["49","546","911","912","913","913L","980","990","998","999","n46"],"lines":"49, 546, 911, 912, 913, 913L, 980, 990, 998, 999, n46"},"geometry":{"type":"LineString","coordinates":[[12.419752,41.940978],[12.41985,41.940864]]}},{"type":"Feature","properties":{"mode":"bus","n":9,"arr":["49","546","912","913","913L","990","998","999","n46"],"lines":"49, 546, 912, 913, 913L, 990, 998, 999, n46"},"geometry":{"type":"LineString","coordinates":[[12.419734,41.940758],[12.420058,41.940477]]}},{"type":"Feature","properties":{"mode":"bus","n":9,"arr":["49","546","912","913","913L","990","998","999","n46"],"lines":"49, 546, 912, 913, 913L, 990, 998, 999, n46"},"geometry":{"type":"LineString","coordinates":[[12.41985,41.940864],[12.420168,41.940273],[12.42031,41.939638],[12.420338,41.939344],[12.420308,41.939218]]}},{"type":"Feature","properties":{"mode":"bus","n":9,"arr":["49","546","912","913","913L","990","998","999","n46"],"lines":"49, 546, 912, 913, 913L, 990, 998, 999, n46"},"geometry":{"type":"LineString","coordinates":[[12.420706,41.938827],[12.421142,41.938397]]}},{"type":"Feature","properties":{"mode":"bus","n":5,"arr":["49","546","907","907L","n46"],"lines":"49, 546, 907, 907L, n46"},"geometry":{"type":"LineString","coordinates":[[12.419321,41.931083],[12.419397,41.931038]]}},{"type":"Feature","properties":{"mode":"bus","n":5,"arr":["49","546","907","907L","n46"],"lines":"49, 546, 907, 907L, n46"},"geometry":{"type":"LineString","coordinates":[[12.422672,41.936305],[12.422609,41.93635]]}},{"type":"Feature","properties":{"mode":"bus","n":5,"arr":["49","446","980","C6","n46"],"lines":"49, 446, 980, C6, n46"},"geometry":{"type":"LineString","coordinates":[[12.422567,41.914736],[12.422541,41.914871],[12.422565,41.915232],[12.422507,41.916041]]}},{"type":"Feature","properties":{"mode":"bus","n":5,"arr":["49","446","980","C6","n46"],"lines":"49, 446, 980, C6, n46"},"geometry":{"type":"LineString","coordinates":[[12.425318,41.90562],[12.425367,41.907274],[12.425338,41.907609],[12.425174,41.908467],[12.425044,41.908883],[12.424898,41.909237],[12.424001,41.911145],[12.423442,41.912235],[12.423312,41.913423],[12.423182,41.913679],[12.42267,41.914476],[12.422567,41.914736],[12.422649,41.914943],[12.42342,41.915941],[12.423467,41.916032]]}},{"type":"Feature","properties":{"mode":"bus","n":5,"arr":["49","446","980","C6","n46"],"lines":"49, 446, 980, C6, n46"},"geometry":{"type":"LineString","coordinates":[[12.424886,41.904875],[12.424956,41.905117],[12.425254,41.905502],[12.4253,41.905587],[12.425305,41.905596],[12.42531,41.905601],[12.425314,41.905603],[12.425317,41.9056],[12.425319,41.905594],[12.425319,41.905584],[12.425362,41.904524]]}},{"type":"Feature","properties":{"mode":"bus","n":5,"arr":["49","906","980","C6","n46"],"lines":"49, 906, 980, C6, n46"},"geometry":{"type":"LineString","coordinates":[[12.424886,41.904875],[12.424862,41.904605],[12.42496,41.903759],[12.425054,41.903313],[12.425278,41.902739]]}},{"type":"Feature","properties":{"mode":"bus","n":16,"arr":["49","446","490","791","904","905","906","907","907L","980","981","983","993","C6","M30","n46"],"lines":"49, 446, 490, 791, 904, 905, 906, 907, 907L, 980, 981, 983, 993, C6, M30, n46"},"geometry":{"type":"LineString","coordinates":[[12.425278,41.902739],[12.425433,41.902355]]}},{"type":"Feature","properties":{"mode":"bus","n":8,"arr":["49","446","490","791","904","C6","M30","n46"],"lines":"49, 446, 490, 791, 904, C6, M30, n46"},"geometry":{"type":"LineString","coordinates":[[12.425433,41.902355],[12.425502,41.902178]]}},{"type":"Feature","properties":{"mode":"bus","n":10,"arr":["49","246","246P","446","490","791","904","C6","M30","n46"],"lines":"49, 246, 246P, 446, 490, 791, 904, C6, M30, n46"},"geometry":{"type":"LineString","coordinates":[[12.425502,41.902178],[12.425586,41.901997]]}},{"type":"Feature","properties":{"mode":"bus","n":5,"arr":["49","100","280","492","913"],"lines":"49, 100, 280, 492, 913"},"geometry":{"type":"LineString","coordinates":[[12.468437,41.905408],[12.468576,41.905424],[12.468875,41.90552]]}},{"type":"Feature","properties":{"mode":"bus","n":5,"arr":["49","100","492","913","G03"],"lines":"49, 100, 492, 913, G03"},"geometry":{"type":"LineString","coordinates":[[12.469488,41.905673],[12.46949,41.905683]]}},{"type":"Feature","properties":{"mode":"bus","n":7,"arr":["49","70","87","100","492","913","G03"],"lines":"49, 70, 87, 100, 492, 913, G03"},"geometry":{"type":"LineString","coordinates":[[12.46949,41.905683],[12.469492,41.905695]]}},{"type":"Feature","properties":{"mode":"bus","n":9,"arr":["49","70","87","100","280","492","913","G03","n913"],"lines":"49, 70, 87, 100, 280, 492, 913, G03, n913"},"geometry":{"type":"LineString","coordinates":[[12.469492,41.905695],[12.469492,41.905708]]}},{"type":"Feature","properties":{"mode":"bus","n":10,"arr":["49","70","87","100","280","492","913","G03","n70","n913"],"lines":"49, 70, 87, 100, 280, 492, 913, G03, n70, n913"},"geometry":{"type":"LineString","coordinates":[[12.469492,41.905708],[12.469485,41.905725]]}},{"type":"Feature","properties":{"mode":"bus","n":5,"arr":["49","280","492","982","n3d"],"lines":"49, 280, 492, 982, n3d"},"geometry":{"type":"LineString","coordinates":[[12.46124,41.905846],[12.461248,41.905906]]}},{"type":"Feature","properties":{"mode":"bus","n":12,"arr":["49","446","904","905","906","907","907L","980","981","983","993","n46"],"lines":"49, 446, 904, 905, 906, 907, 907L, 980, 981, 983, 993, n46"},"geometry":{"type":"LineString","coordinates":[[12.425515,41.903502],[12.425678,41.90333],[12.426575,41.90206],[12.426945,41.901636]]}},{"type":"Feature","properties":{"mode":"bus","n":18,"arr":["49","246","246P","446","490","791","904","905","906","907","907L","980","981","983","993","C6","M03","n46"],"lines":"49, 246, 246P, 446, 490, 791, 904, 905, 906, 907, 907L, 980, 981, 983, 993, C6, M03, n46"},"geometry":{"type":"LineString","coordinates":[[12.425362,41.904524],[12.425515,41.903502]]}},{"type":"Feature","properties":{"mode":"bus","n":6,"arr":["91","146","916","916F","985","n46"],"lines":"91, 146, 916, 916F, 985, n46"},"geometry":{"type":"LineString","coordinates":[[12.418525,41.912605],[12.418596,41.911915],[12.418591,41.911444],[12.418379,41.910384],[12.418167,41.909667],[12.41799,41.909314],[12.417663,41.908773],[12.416885,41.907823],[12.41656,41.9075],[12.416549,41.907484],[12.416551,41.907469],[12.416566,41.907454],[12.416594,41.907437],[12.416609,41.907422],[12.416611,41.907407],[12.4166,41.907391],[12.416362,41.907161],[12.416347,41.907149],[12.416331,41.907145],[12.416314,41.907146],[12.416295,41.907154],[12.416245,41.907185],[12.41622,41.907194],[12.416196,41.907193],[12.416172,41.907182],[12.415994,41.907052],[12.415977,41.907035],[12.415972,41.907015],[12.41598,41.906995],[12.416087,41.906835]]}},{"type":"Feature","properties":{"mode":"bus","n":6,"arr":["91","146","916","916F","985","n46"],"lines":"91, 146, 916, 916F, 985, n46"},"geometry":{"type":"LineString","coordinates":[[12.415891,41.906747],[12.415712,41.906854],[12.415686,41.906864],[12.41566,41.906866],[12.415632,41.906858],[12.414759,41.906491]]}},{"type":"Feature","properties":{"mode":"bus","n":7,"arr":["49","91","146","916","916F","985","n46"],"lines":"49, 91, 146, 916, 916F, 985, n46"},"geometry":{"type":"LineString","coordinates":[[12.418525,41.912605],[12.418511,41.912703]]}},{"type":"Feature","properties":{"mode":"bus","n":10,"arr":["49","546","911","912","913","913L","980","990","998","n46"],"lines":"49, 546, 911, 912, 913, 913L, 980, 990, 998, n46"},"geometry":{"type":"LineString","coordinates":[[12.419752,41.940978],[12.419661,41.941052],[12.419634,41.941066],[12.419602,41.941069],[12.419536,41.941064]]}},{"type":"Feature","properties":{"mode":"bus","n":6,"arr":["049","72","73","731","795","C13"],"lines":"049, 72, 73, 731, 795, C13"},"geometry":{"type":"LineString","coordinates":[[12.475986,41.765248],[12.477024,41.765018],[12.477229,41.764918],[12.477493,41.764689]]}},{"type":"Feature","properties":{"mode":"bus","n":5,"arr":["049","73","731","795","C13"],"lines":"049, 73, 731, 795, C13"},"geometry":{"type":"LineString","coordinates":[[12.477734,41.764741],[12.47774,41.764811]]}},{"type":"Feature","properties":{"mode":"bus","n":9,"arr":["51","81","85","118","160","628","C3","L70","nMC"],"lines":"51, 81, 85, 118, 160, 628, C3, L70, nMC"},"geometry":{"type":"LineString","coordinates":[[12.4879,41.883584],[12.486907,41.884213],[12.485819,41.88485]]}},{"type":"Feature","properties":{"mode":"bus","n":5,"arr":["51","81","118","160","nMC"],"lines":"51, 81, 118, 160, nMC"},"geometry":{"type":"LineString","coordinates":[[12.485819,41.88485],[12.485052,41.885412]]}},{"type":"Feature","properties":{"mode":"bus","n":6,"arr":["51","81","118","160","715","nMC"],"lines":"51, 81, 118, 160, 715, nMC"},"geometry":{"type":"LineString","coordinates":[[12.485052,41.885412],[12.484432,41.885784],[12.48354,41.886219]]}},{"type":"Feature","properties":{"mode":"bus","n":6,"arr":["51","81","118","160","715","nMC"],"lines":"51, 81, 118, 160, 715, nMC"},"geometry":{"type":"LineString","coordinates":[[12.48225,41.887194],[12.48314,41.888018],[12.483261,41.888186]]}},{"type":"Feature","properties":{"mode":"bus","n":10,"arr":["51","81","85","118","160","628","715","C3","L70","nMC"],"lines":"51, 81, 85, 118, 160, 628, 715, C3, L70, nMC"},"geometry":{"type":"LineString","coordinates":[[12.48354,41.886219],[12.48225,41.887194]]}},{"type":"Feature","properties":{"mode":"bus","n":11,"arr":["51","81","85","87","118","160","628","715","C3","L07","nMC"],"lines":"51, 81, 85, 87, 118, 160, 628, 715, C3, L07, nMC"},"geometry":{"type":"LineString","coordinates":[[12.483261,41.888186],[12.482871,41.888409],[12.482082,41.888939],[12.48124,41.889281]]}},{"type":"Feature","properties":{"mode":"bus","n":15,"arr":["51","62","63","80","83","85","119","160","492","C3","n5","n46","n90","n201","n543"],"lines":"51, 62, 63, 80, 83, 85, 119, 160, 492, C3, n5, n46, n90, n201, n543"},"geometry":{"type":"LineString","coordinates":[[12.482208,41.896682],[12.482095,41.8969],[12.481252,41.898972],[12.480853,41.900073],[12.480316,41.901289],[12.480401,41.901481]]}},{"type":"Feature","properties":{"mode":"bus","n":8,"arr":["51","53","71","83","100","117","n5","n543"],"lines":"51, 53, 71, 83, 100, 117, n5, n543"},"geometry":{"type":"LineString","coordinates":[[12.480285,41.901508],[12.480293,41.901504]]}},{"type":"Feature","properties":{"mode":"bus","n":14,"arr":["51","53","62","63","71","80","83","100","117","119","n5","n46","n90","n543"],"lines":"51, 53, 62, 63, 71, 80, 83, 100, 117, 119, n5, n46, n90, n543"},"geometry":{"type":"LineString","coordinates":[[12.480293,41.901504],[12.480325,41.901494]]}},{"type":"Feature","properties":{"mode":"bus","n":18,"arr":["51","53","62","63","71","80","83","85","100","117","119","492","C3","n5","n46","n90","n201","n543"],"lines":"51, 53, 62, 63, 71, 80, 83, 85, 100, 117, 119, 492, C3, n5, n46, n90, n201, n543"},"geometry":{"type":"LineString","coordinates":[[12.480325,41.901494],[12.480401,41.901481]]}},{"type":"Feature","properties":{"mode":"bus","n":19,"arr":["51","53","62","63","71","80","83","85","100","117","119","160","492","C3","n5","n46","n90","n201","n543"],"lines":"51, 53, 62, 63, 71, 80, 83, 85, 100, 117, 119, 160, 492, C3, n5, n46, n90, n201, n543"},"geometry":{"type":"LineString","coordinates":[[12.480401,41.901481],[12.480559,41.901591],[12.481431,41.901812]]}},{"type":"Feature","properties":{"mode":"bus","n":15,"arr":["51","53","62","63","71","80","83","85","117","160","492","n5","n46","n90","n543"],"lines":"51, 53, 62, 63, 71, 80, 83, 85, 117, 160, 492, n5, n46, n90, n543"},"geometry":{"type":"LineString","coordinates":[[12.481431,41.901812],[12.481268,41.90221],[12.481259,41.902223],[12.481247,41.902231],[12.481232,41.902231],[12.481213,41.902225],[12.481032,41.902144],[12.480064,41.901857]]}},{"type":"Feature","properties":{"mode":"bus","n":17,"arr":["51","53","62","63","71","80","83","85","100","117","119","160","492","n5","n46","n90","n543"],"lines":"51, 53, 62, 63, 71, 80, 83, 85, 100, 117, 119, 160, 492, n5, n46, n90, n543"},"geometry":{"type":"LineString","coordinates":[[12.480064,41.901857],[12.480177,41.901594]]}},{"type":"Feature","properties":{"mode":"bus","n":13,"arr":["51","62","63","80","83","85","119","160","492","n5","n46","n90","n543"],"lines":"51, 62, 63, 80, 83, 85, 119, 160, 492, n5, n46, n90, n543"},"geometry":{"type":"LineString","coordinates":[[12.480177,41.901594],[12.480316,41.901289]]}},{"type":"Feature","properties":{"mode":"bus","n":9,"arr":["51","81","85","160","628","715","C3","L70","nMC"],"lines":"51, 81, 85, 160, 628, 715, C3, L70, nMC"},"geometry":{"type":"LineString","coordinates":[[12.481083,41.887788],[12.481355,41.887703],[12.481634,41.887582],[12.481951,41.887418],[12.48225,41.887194]]}},{"type":"Feature","properties":{"mode":"bus","n":9,"arr":["51","81","85","160","628","715","C3","L70","nMC"],"lines":"51, 81, 85, 160, 628, 715, C3, L70, nMC"},"geometry":{"type":"LineString","coordinates":[[12.48354,41.886219],[12.483753,41.886044],[12.484135,41.885786],[12.484286,41.885647]]}},{"type":"Feature","properties":{"mode":"bus","n":9,"arr":["51","81","85","160","628","715","C3","L70","nMC"],"lines":"51, 81, 85, 160, 628, 715, C3, L70, nMC"},"geometry":{"type":"LineString","coordinates":[[12.48492,41.885263],[12.484896,41.885272]]}},{"type":"Feature","properties":{"mode":"bus","n":8,"arr":["51","81","85","160","628","C3","L70","nMC"],"lines":"51, 81, 85, 160, 628, C3, L70, nMC"},"geometry":{"type":"LineString","coordinates":[[12.484896,41.885272],[12.484286,41.885647]]}},{"type":"Feature","properties":{"mode":"bus","n":8,"arr":["51","81","85","160","628","C3","L70","nMC"],"lines":"51, 81, 85, 160, 628, C3, L70, nMC"},"geometry":{"type":"LineString","coordinates":[[12.485819,41.88485],[12.485145,41.885181],[12.48492,41.885263]]}},{"type":"Feature","properties":{"mode":"bus","n":8,"arr":["51","81","85","160","628","C3","L70","nMC"],"lines":"51, 81, 85, 160, 628, C3, L70, nMC"},"geometry":{"type":"LineString","coordinates":[[12.4879,41.883584],[12.488028,41.883546],[12.488238,41.883538]]}},{"type":"Feature","properties":{"mode":"bus","n":11,"arr":["51","75","81","85","160","628","C3","L70","n3s","nMB","nMC"],"lines":"51, 75, 81, 85, 160, 628, C3, L70, n3s, nMB, nMC"},"geometry":{"type":"LineString","coordinates":[[12.48905,41.884184],[12.488051,41.883392]]}},{"type":"Feature","properties":{"mode":"bus","n":8,"arr":["51","75","81","85","C3","n3s","nMB","nMC"],"lines":"51, 75, 81, 85, C3, n3s, nMB, nMC"},"geometry":{"type":"LineString","coordinates":[[12.489408,41.884959],[12.489323,41.884575],[12.489219,41.884396],[12.48905,41.884184]]}},{"type":"Feature","properties":{"mode":"bus","n":5,"arr":["51","75","C3","n3s","nMB"],"lines":"51, 75, C3, n3s, nMB"},"geometry":{"type":"LineString","coordinates":[[12.493737,41.889445],[12.493638,41.889246],[12.493681,41.889138]]}},{"type":"Feature","properties":{"mode":"bus","n":5,"arr":["51","75","C3","n3s","nMB"],"lines":"51, 75, C3, n3s, nMB"},"geometry":{"type":"LineString","coordinates":[[12.494306,41.890491],[12.4942,41.890377],[12.49403,41.890035]]}},{"type":"Feature","properties":{"mode":"bus","n":6,"arr":["51","75","85","C3","n3s","nMB"],"lines":"51, 75, 85, C3, n3s, nMB"},"geometry":{"type":"LineString","coordinates":[[12.49403,41.890035],[12.493878,41.889647],[12.493737,41.889445]]}},{"type":"Feature","properties":{"mode":"bus","n":5,"arr":["51","87","C3","n3s","nMB"],"lines":"51, 87, C3, n3s, nMB"},"geometry":{"type":"LineString","coordinates":[[12.494424,41.89047],[12.494306,41.890491]]}},{"type":"Feature","properties":{"mode":"bus","n":7,"arr":["051","053","057","506","507","C9","nMC"],"lines":"051, 053, 057, 506, 507, C9, nMC"},"geometry":{"type":"LineString","coordinates":[[12.64607,41.862308],[12.645506,41.862331]]}},{"type":"Feature","properties":{"mode":"bus","n":6,"arr":["051","053","057","058F","A50","n11"],"lines":"051, 053, 057, 058F, A50, n11"},"geometry":{"type":"LineString","coordinates":[[12.645506,41.862331],[12.645046,41.862399],[12.644088,41.862401],[12.643609,41.862436],[12.643199,41.862528],[12.641921,41.862878],[12.641299,41.862991],[12.64072,41.863067]]}},{"type":"Feature","properties":{"mode":"bus","n":9,"arr":["051","053","058","059","106","506","507","C9","nMC"],"lines":"051, 053, 058, 059, 106, 506, 507, C9, nMC"},"geometry":{"type":"LineString","coordinates":[[12.639403,41.863108],[12.640267,41.862961]]}},{"type":"Feature","properties":{"mode":"bus","n":11,"arr":["051","053","057","058F","106","506","507","A05","C9","n11","nMC"],"lines":"051, 053, 057, 058F, 106, 506, 507, A05, C9, n11, nMC"},"geometry":{"type":"LineString","coordinates":[[12.640267,41.862961],[12.641617,41.862784],[12.643217,41.862355],[12.643509,41.862295],[12.644008,41.862254],[12.644936,41.862265]]}},{"type":"Feature","properties":{"mode":"bus","n":12,"arr":["051","053","057","058F","106","506","507","A05","A50","C9","n11","nMC"],"lines":"051, 053, 057, 058F, 106, 506, 507, A05, A50, C9, n11, nMC"},"geometry":{"type":"LineString","coordinates":[[12.644936,41.862265],[12.645167,41.86226]]}},{"type":"Feature","properties":{"mode":"bus","n":7,"arr":["051","058F","106","A50","C9","n11","nMC"],"lines":"051, 058F, 106, A50, C9, n11, nMC"},"geometry":{"type":"LineString","coordinates":[[12.645506,41.862331],[12.645167,41.86226]]}},{"type":"Feature","properties":{"mode":"bus","n":5,"arr":["052","054","055","555","nMC"],"lines":"052, 054, 055, 555, nMC"},"geometry":{"type":"LineString","coordinates":[[12.707275,41.865518],[12.707005,41.865587],[12.706897,41.86565],[12.706789,41.865771],[12.706678,41.8658],[12.706636,41.865786],[12.706618,41.865776],[12.70661,41.865761],[12.706577,41.865563],[12.706529,41.865469],[12.706456,41.865426],[12.706308,41.86539],[12.706017,41.865415],[12.705783,41.865392]]}},{"type":"Feature","properties":{"mode":"bus","n":5,"arr":["052","054","055","555","nMC"],"lines":"052, 054, 055, 555, nMC"},"geometry":{"type":"LineString","coordinates":[[12.705595,41.865422],[12.70688,41.865163],[12.709244,41.864644],[12.709288,41.864642],[12.70933,41.864654],[12.709443,41.864711],[12.709534,41.864818],[12.70958,41.865052],[12.709578,41.865071],[12.709565,41.865086],[12.709529,41.865111],[12.707861,41.865344]]}},{"type":"Feature","properties":{"mode":"bus","n":5,"arr":["052","055","107","555","C9"],"lines":"052, 055, 107, 555, C9"},"geometry":{"type":"LineString","coordinates":[[12.690102,41.870043],[12.690352,41.870819]]}},{"type":"Feature","properties":{"mode":"bus","n":5,"arr":["052","055","107","555","C9"],"lines":"052, 055, 107, 555, C9"},"geometry":{"type":"LineString","coordinates":[[12.688408,41.862934],[12.687695,41.864248],[12.687609,41.864488],[12.687604,41.864623],[12.687709,41.864857],[12.688535,41.866039],[12.688739,41.866525],[12.689149,41.867318],[12.689424,41.867959]]}},{"type":"Feature","properties":{"mode":"bus","n":5,"arr":["52","53","168","223","n3d"],"lines":"52, 53, 168, 223, n3d"},"geometry":{"type":"LineString","coordinates":[[12.491854,41.922869],[12.492191,41.922571],[12.492479,41.922401]]}},{"type":"Feature","properties":{"mode":"bus","n":5,"arr":["52","53","168","223","230"],"lines":"52, 53, 168, 223, 230"},"geometry":{"type":"LineString","coordinates":[[12.483036,41.929071],[12.483276,41.929224]]}},{"type":"Feature","properties":{"mode":"bus","n":5,"arr":["52","168","223","910","n3s"],"lines":"52, 168, 223, 910, n3s"},"geometry":{"type":"LineString","coordinates":[[12.490562,41.922081],[12.491195,41.921468],[12.491754,41.920835]]}},{"type":"Feature","properties":{"mode":"bus","n":11,"arr":["53","168","200","201","226","280","446","911","C2","C3","n200"],"lines":"53, 168, 200, 201, 226, 280, 446, 911, C2, C3, n200"},"geometry":{"type":"LineString","coordinates":[[12.464368,41.931433],[12.464899,41.931106]]}},{"type":"Feature","properties":{"mode":"bus","n":6,"arr":["53","168","910","982","n3d","n3s"],"lines":"53, 168, 910, 982, n3d, n3s"},"geometry":{"type":"LineString","coordinates":[[12.473107,41.930063],[12.474792,41.930173],[12.476138,41.93031],[12.476294,41.930237]]}},{"type":"Feature","properties":{"mode":"bus","n":6,"arr":["53","168","910","982","n3d","n3s"],"lines":"53, 168, 910, 982, n3d, n3s"},"geometry":{"type":"LineString","coordinates":[[12.476474,41.930162],[12.47682,41.929988],[12.47729,41.928926]]}},{"type":"Feature","properties":{"mode":"bus","n":6,"arr":["53","168","223","910","982","n3d"],"lines":"53, 168, 223, 910, 982, n3d"},"geometry":{"type":"LineString","coordinates":[[12.477574,41.928635],[12.47809,41.928397]]}},{"type":"Feature","properties":{"mode":"bus","n":7,"arr":["53","168","223","230","910","982","n3d"],"lines":"53, 168, 223, 230, 910, 982, n3d"},"geometry":{"type":"LineString","coordinates":[[12.47809,41.928397],[12.480592,41.927121],[12.480708,41.927005],[12.480822,41.926833],[12.480894,41.926783],[12.481119,41.926727],[12.481276,41.92673],[12.48138,41.926764]]}},{"type":"Feature","properties":{"mode":"bus","n":5,"arr":["53","168","223","230","982"],"lines":"53, 168, 223, 230, 982"},"geometry":{"type":"LineString","coordinates":[[12.48138,41.926764],[12.481664,41.927]]}},{"type":"Feature","properties":{"mode":"bus","n":7,"arr":["53","168","223","230","910","982","n3s"],"lines":"53, 168, 223, 230, 910, 982, n3s"},"geometry":{"type":"LineString","coordinates":[[12.481664,41.927],[12.48207,41.928241]]}},{"type":"Feature","properties":{"mode":"bus","n":7,"arr":["53","168","223","230","910","982","n3s"],"lines":"53, 168, 223, 230, 910, 982, n3s"},"geometry":{"type":"LineString","coordinates":[[12.481969,41.928506],[12.481605,41.92841],[12.481185,41.928342],[12.480841,41.928313],[12.480606,41.928316],[12.479993,41.928399],[12.479363,41.928565],[12.479055,41.928624],[12.478436,41.928667],[12.477907,41.928657]]}},{"type":"Feature","properties":{"mode":"bus","n":5,"arr":["53","168","223","230","910"],"lines":"53, 168, 223, 230, 910"},"geometry":{"type":"LineString","coordinates":[[12.482165,41.928411],[12.48207,41.928241]]}},{"type":"Feature","properties":{"mode":"bus","n":5,"arr":["53","223","360","910","n92"],"lines":"53, 223, 360, 910, n92"},"geometry":{"type":"LineString","coordinates":[[12.494606,41.915926],[12.494395,41.915759],[12.49413,41.915468],[12.493738,41.914082],[12.493509,41.913767],[12.493406,41.913551],[12.493202,41.913347],[12.492517,41.912393],[12.49245,41.912228]]}},{"type":"Feature","properties":{"mode":"bus","n":9,"arr":["53","61","100","150F","160","590","C3","n201","nMA"],"lines":"53, 61, 100, 150F, 160, 590, C3, n201, nMA"},"geometry":{"type":"LineString","coordinates":[[12.488324,41.909819],[12.488438,41.90986],[12.488731,41.90991],[12.489134,41.909946],[12.489242,41.909933],[12.489345,41.909902],[12.48937,41.909891],[12.489386,41.909874],[12.489391,41.909853],[12.489398,41.909676],[12.489363,41.909618]]}},{"type":"Feature","properties":{"mode":"bus","n":9,"arr":["53","61","100","150F","160","590","C3","n201","nMA"],"lines":"53, 61, 100, 150F, 160, 590, C3, n201, nMA"},"geometry":{"type":"LineString","coordinates":[[12.488589,41.909396],[12.488548,41.909305],[12.488539,41.909152],[12.488809,41.908791]]}},{"type":"Feature","properties":{"mode":"bus","n":9,"arr":["53","61","100","150F","160","590","C3","n201","nMA"],"lines":"53, 61, 100, 150F, 160, 590, C3, n201, nMA"},"geometry":{"type":"LineString","coordinates":[[12.489899,41.907369],[12.489296,41.908136]]}},{"type":"Feature","properties":{"mode":"bus","n":10,"arr":["53","61","89","120F","150F","160","490","495","590","nMA"],"lines":"53, 61, 89, 120F, 150F, 160, 490, 495, 590, nMA"},"geometry":{"type":"LineString","coordinates":[[12.488246,41.909575],[12.488243,41.909539]]}},{"type":"Feature","properties":{"mode":"bus","n":9,"arr":["53","61","89","150F","160","490","495","590","nMA"],"lines":"53, 61, 89, 150F, 160, 490, 495, 590, nMA"},"geometry":{"type":"LineString","coordinates":[[12.488243,41.909539],[12.488243,41.909512]]}},{"type":"Feature","properties":{"mode":"bus","n":6,"arr":["53","61","150F","160","590","nMA"],"lines":"53, 61, 150F, 160, 590, nMA"},"geometry":{"type":"LineString","coordinates":[[12.488243,41.909512],[12.488283,41.909376],[12.488539,41.909152]]}},{"type":"Feature","properties":{"mode":"bus","n":5,"arr":["53","61","160","590","nMA"],"lines":"53, 61, 160, 590, nMA"},"geometry":{"type":"LineString","coordinates":[[12.489296,41.908136],[12.489265,41.908128],[12.489254,41.908127],[12.489246,41.90813],[12.489239,41.908135],[12.488758,41.908761],[12.488755,41.908768],[12.488755,41.908774],[12.48876,41.908778],[12.488769,41.908781],[12.488809,41.908791]]}},{"type":"Feature","properties":{"mode":"bus","n":13,"arr":["53","61","63","80","83","100","150F","160","590","C3","n90","n201","nMA"],"lines":"53, 61, 63, 80, 83, 100, 150F, 160, 590, C3, n90, n201, nMA"},"geometry":{"type":"LineString","coordinates":[[12.489899,41.907369],[12.490181,41.906989],[12.490289,41.9068],[12.490284,41.906544],[12.490136,41.906271],[12.490027,41.906198],[12.489798,41.906108],[12.488355,41.905635],[12.48817,41.905504],[12.488051,41.905322],[12.488035,41.905178],[12.488081,41.905047],[12.488486,41.904506],[12.488506,41.90439],[12.488624,41.904239],[12.488738,41.904169]]}},{"type":"Feature","properties":{"mode":"bus","n":17,"arr":["53","61","62","63","80","83","85","100","150F","160","492","590","n5","n46","n90","n543","nMA"],"lines":"53, 61, 62, 63, 80, 83, 85, 100, 150F, 160, 492, 590, n5, n46, n90, n543, nMA"},"geometry":{"type":"LineString","coordinates":[[12.488738,41.904169],[12.488624,41.904023],[12.488327,41.903783],[12.48816,41.903432]]}},{"type":"Feature","properties":{"mode":"bus","n":15,"arr":["53","62","63","80","83","85","100","160","492","C3","n5","n46","n90","n201","n543"],"lines":"53, 62, 63, 80, 83, 85, 100, 160, 492, C3, n5, n46, n90, n201, n543"},"geometry":{"type":"LineString","coordinates":[[12.48816,41.903432],[12.487942,41.903428],[12.485595,41.902825]]}},{"type":"Feature","properties":{"mode":"bus","n":18,"arr":["53","62","63","71","80","83","85","100","117","119","160","492","C3","n5","n46","n90","n201","n543"],"lines":"53, 62, 63, 71, 80, 83, 85, 100, 117, 119, 160, 492, C3, n5, n46, n90, n201, n543"},"geometry":{"type":"LineString","coordinates":[[12.481431,41.901812],[12.481791,41.901883],[12.485595,41.902825]]}},{"type":"Feature","properties":{"mode":"bus","n":7,"arr":["53","61","85","492","590","C3","n201"],"lines":"53, 61, 85, 492, 590, C3, n201"},"geometry":{"type":"LineString","coordinates":[[12.48816,41.903432],[12.488272,41.90337]]}},{"type":"Feature","properties":{"mode":"bus","n":19,"arr":["53","61","62","63","80","83","85","100","150F","160","492","590","C3","n5","n46","n90","n201","n543","nMA"],"lines":"53, 61, 62, 63, 80, 83, 85, 100, 150F, 160, 492, 590, C3, n5, n46, n90, n201, n543, nMA"},"geometry":{"type":"LineString","coordinates":[[12.48816,41.903432],[12.488376,41.903464],[12.489061,41.903722]]}},{"type":"Feature","properties":{"mode":"bus","n":9,"arr":["53","63","80","83","100","160","C3","n90","n201"],"lines":"53, 63, 80, 83, 100, 160, C3, n90, n201"},"geometry":{"type":"LineString","coordinates":[[12.488738,41.904169],[12.488887,41.904042],[12.489061,41.903722]]}},{"type":"Feature","properties":{"mode":"bus","n":8,"arr":["53","89","120F","160","490","495","C3","n201"],"lines":"53, 89, 120F, 160, 490, 495, C3, n201"},"geometry":{"type":"LineString","coordinates":[[12.488625,41.90959],[12.488792,41.909597]]}},{"type":"Feature","properties":{"mode":"bus","n":13,"arr":["53","61","89","100","120F","150F","160","490","495","590","C3","n201","nMA"],"lines":"53, 61, 89, 100, 120F, 150F, 160, 490, 495, 590, C3, n201, nMA"},"geometry":{"type":"LineString","coordinates":[[12.489363,41.909618],[12.488792,41.909597]]}},{"type":"Feature","properties":{"mode":"bus","n":6,"arr":["53","168","223","910","982","n3s"],"lines":"53, 168, 223, 910, 982, n3s"},"geometry":{"type":"LineString","coordinates":[[12.477839,41.928653],[12.477907,41.928657]]}},{"type":"Feature","properties":{"mode":"bus","n":7,"arr":["053","056","058","058F","A05","A50","n11"],"lines":"053, 056, 058, 058F, A05, A50, n11"},"geometry":{"type":"LineString","coordinates":[[12.617902,41.882737],[12.618637,41.88389],[12.619549,41.885565]]}},{"type":"Feature","properties":{"mode":"bus","n":8,"arr":["053","058","059","106","506","507","C9","nMC"],"lines":"053, 058, 059, 106, 506, 507, C9, nMC"},"geometry":{"type":"LineString","coordinates":[[12.632296,41.863009],[12.632804,41.863087],[12.63367,41.863281],[12.634903,41.863632],[12.63545,41.863745],[12.635583,41.863805]]}},{"type":"Feature","properties":{"mode":"bus","n":8,"arr":["053","058","059","106","506","507","C9","nMC"],"lines":"053, 058, 059, 106, 506, 507, C9, nMC"},"geometry":{"type":"LineString","coordinates":[[12.632247,41.863099],[12.633432,41.863309],[12.633893,41.863417],[12.635094,41.863756],[12.635442,41.863815],[12.635583,41.863805],[12.636118,41.863832],[12.636509,41.863821],[12.63772,41.863629],[12.638369,41.863451],[12.638812,41.863289],[12.639403,41.863108]]}},{"type":"Feature","properties":{"mode":"bus","n":5,"arr":["055","107","314","508","C9"],"lines":"055, 107, 314, 508, C9"},"geometry":{"type":"LineString","coordinates":[[12.702763,41.895067],[12.701606,41.893622]]}},{"type":"Feature","properties":{"mode":"bus","n":5,"arr":["056","058","058F","A05","A50"],"lines":"056, 058, 058F, A05, A50"},"geometry":{"type":"LineString","coordinates":[[12.619704,41.885842],[12.619984,41.88629],[12.620715,41.88718],[12.621089,41.888031]]}},{"type":"Feature","properties":{"mode":"bus","n":6,"arr":["056","058","058F","A05","A50","n11"],"lines":"056, 058, 058F, A05, A50, n11"},"geometry":{"type":"LineString","coordinates":[[12.619549,41.885565],[12.619704,41.885842]]}},{"type":"Feature","properties":{"mode":"bus","n":5,"arr":["057","506","507","C9","nMC"],"lines":"057, 506, 507, C9, nMC"},"geometry":{"type":"LineString","coordinates":[[12.64607,41.862308],[12.646408,41.862283]]}},{"type":"Feature","properties":{"mode":"bus","n":6,"arr":["057","058","058F","059","A50","n11"],"lines":"057, 058, 058F, 059, A50, n11"},"geometry":{"type":"LineString","coordinates":[[12.640408,41.863289],[12.639805,41.864601]]}},{"type":"Feature","properties":{"mode":"bus","n":6,"arr":["057","058","058F","059","A05","n11"],"lines":"057, 058, 058F, 059, A05, n11"},"geometry":{"type":"LineString","coordinates":[[12.640186,41.863465],[12.639619,41.864712],[12.639464,41.864971]]}},{"type":"Feature","properties":{"mode":"bus","n":7,"arr":["058","075","319","451","508","n041","P03"],"lines":"058, 075, 319, 451, 508, n041, P03"},"geometry":{"type":"LineString","coordinates":[[12.565464,41.919946],[12.566062,41.921021],[12.566082,41.92117],[12.565992,41.92136]]}},{"type":"Feature","properties":{"mode":"bus","n":6,"arr":["058","075","319","451","508","n041"],"lines":"058, 075, 319, 451, 508, n041"},"geometry":{"type":"LineString","coordinates":[[12.565992,41.92136],[12.565973,41.921525],[12.566042,41.921601],[12.566065,41.921619],[12.566095,41.921628],[12.566159,41.921636],[12.56623,41.921622],[12.566283,41.921589],[12.566358,41.921481]]}},{"type":"Feature","properties":{"mode":"bus","n":6,"arr":["058","075","319","451","508","n041"],"lines":"058, 075, 319, 451, 508, n041"},"geometry":{"type":"LineString","coordinates":[[12.567609,41.919203],[12.567247,41.919882],[12.566924,41.920702],[12.566691,41.921711],[12.566483,41.922234],[12.566269,41.922509],[12.566024,41.92273],[12.565814,41.922892],[12.565212,41.923265],[12.565079,41.923309],[12.564985,41.92331],[12.564882,41.923261],[12.56485,41.923187],[12.56493,41.923062],[12.565319,41.922803]]}},{"type":"Feature","properties":{"mode":"bus","n":7,"arr":["058","075","319","451","508","A70","n041"],"lines":"058, 075, 319, 451, 508, A70, n041"},"geometry":{"type":"LineString","coordinates":[[12.569874,41.914369],[12.569835,41.914521],[12.568902,41.916229],[12.568573,41.916752],[12.567784,41.91819],[12.567655,41.918363],[12.567566,41.91844],[12.56676,41.920126],[12.566572,41.920669],[12.566358,41.921481]]}},{"type":"Feature","properties":{"mode":"bus","n":8,"arr":["058","075","309","450","451","508","A70","n041"],"lines":"058, 075, 309, 450, 451, 508, A70, n041"},"geometry":{"type":"LineString","coordinates":[[12.57,41.914408],[12.569874,41.914369]]}},{"type":"Feature","properties":{"mode":"bus","n":6,"arr":["058","075","451","508","A70","n041"],"lines":"058, 075, 451, 508, A70, n041"},"geometry":{"type":"LineString","coordinates":[[12.571946,41.910547],[12.57179,41.910966],[12.571792,41.911074],[12.571655,41.911329],[12.571621,41.911444],[12.571234,41.912065],[12.570535,41.91335],[12.570408,41.913544],[12.570258,41.913694],[12.569874,41.914369]]}},{"type":"Feature","properties":{"mode":"bus","n":9,"arr":["058","075","309","319","450","451","508","A70","n041"],"lines":"058, 075, 309, 319, 450, 451, 508, A70, n041"},"geometry":{"type":"LineString","coordinates":[[12.570433,41.913996],[12.570146,41.913904]]}},{"type":"Feature","properties":{"mode":"bus","n":5,"arr":["058","309","319","450","A07"],"lines":"058, 309, 319, 450, A07"},"geometry":{"type":"LineString","coordinates":[[12.570542,41.914037],[12.570478,41.914013]]}},{"type":"Feature","properties":{"mode":"bus","n":5,"arr":["058","075","451","508","A70"],"lines":"058, 075, 451, 508, A70"},"geometry":{"type":"LineString","coordinates":[[12.571946,41.910547],[12.57227,41.909397],[12.572395,41.909122],[12.572633,41.908258],[12.572733,41.907792],[12.573514,41.904998],[12.573918,41.903403],[12.573945,41.903216],[12.573908,41.902877],[12.57392,41.902614],[12.574062,41.901838],[12.574099,41.900976]]}},{"type":"Feature","properties":{"mode":"bus","n":7,"arr":["058","075","451","508","543","A70","n543"],"lines":"058, 075, 451, 508, 543, A70, n543"},"geometry":{"type":"LineString","coordinates":[[12.574351,41.899079],[12.574321,41.899637],[12.574099,41.900976]]}},{"type":"Feature","properties":{"mode":"bus","n":5,"arr":["058","075","543","A70","n543"],"lines":"058, 075, 543, A70, n543"},"geometry":{"type":"LineString","coordinates":[[12.574555,41.898531],[12.574351,41.899079]]}},{"type":"Feature","properties":{"mode":"bus","n":9,"arr":["058","075","150F","313","451","508","543","A70","n543"],"lines":"058, 075, 150F, 313, 451, 508, 543, A70, n543"},"geometry":{"type":"LineString","coordinates":[[12.574587,41.894943],[12.574598,41.895055]]}},{"type":"Feature","properties":{"mode":"bus","n":8,"arr":["058","075","150F","451","508","543","A70","n543"],"lines":"058, 075, 150F, 451, 508, 543, A70, n543"},"geometry":{"type":"LineString","coordinates":[[12.574582,41.894876],[12.574587,41.894943]]}},{"type":"Feature","properties":{"mode":"bus","n":6,"arr":["058","113","313","451","508","n075"],"lines":"058, 113, 313, 451, 508, n075"},"geometry":{"type":"LineString","coordinates":[[12.574099,41.894896],[12.574383,41.894793],[12.574556,41.894669]]}},{"type":"Feature","properties":{"mode":"bus","n":7,"arr":["058","075","113","313","508","A70","n075"],"lines":"058, 075, 113, 313, 508, A70, n075"},"geometry":{"type":"LineString","coordinates":[[12.574267,41.892467],[12.574447,41.892413],[12.574639,41.892447]]}},{"type":"Feature","properties":{"mode":"bus","n":5,"arr":["058","075","541","543","n543"],"lines":"058, 075, 541, 543, n543"},"geometry":{"type":"LineString","coordinates":[[12.58485,41.903422],[12.585001,41.903439]]}},{"type":"Feature","properties":{"mode":"bus","n":7,"arr":["058","075","150F","313","314","541","543"],"lines":"058, 075, 150F, 313, 314, 541, 543"},"geometry":{"type":"LineString","coordinates":[[12.597387,41.904829],[12.596386,41.904749],[12.594385,41.904541],[12.593821,41.904446],[12.593161,41.90428],[12.592882,41.904244],[12.591574,41.904216],[12.590219,41.904156],[12.589866,41.904186]]}},{"type":"Feature","properties":{"mode":"bus","n":7,"arr":["058","075","150F","313","314","541","543"],"lines":"058, 075, 150F, 313, 314, 541, 543"},"geometry":{"type":"LineString","coordinates":[[12.59755,41.9048],[12.597434,41.904821],[12.597419,41.904825],[12.59741,41.904829],[12.597408,41.904835],[12.597414,41.904842],[12.597426,41.90485],[12.597509,41.904896]]}},{"type":"Feature","properties":{"mode":"bus","n":8,"arr":["058","058F","113","150F","313","508","A50","n075"],"lines":"058, 058F, 113, 150F, 313, 508, A50, n075"},"geometry":{"type":"LineString","coordinates":[[12.603883,41.894701],[12.603732,41.894303],[12.603531,41.893877]]}},{"type":"Feature","properties":{"mode":"bus","n":8,"arr":["058","058F","113","150F","313","508","A50","n075"],"lines":"058, 058F, 113, 150F, 313, 508, A50, n075"},"geometry":{"type":"LineString","coordinates":[[12.604422,41.895145],[12.604372,41.894775],[12.604046,41.893888],[12.604074,41.893727]]}},{"type":"Feature","properties":{"mode":"bus","n":8,"arr":["058","058F","113","150F","508","A05","A50","n075"],"lines":"058, 058F, 113, 150F, 508, A05, A50, n075"},"geometry":{"type":"LineString","coordinates":[[12.606889,41.893782],[12.606178,41.893808],[12.605828,41.893793],[12.605147,41.893694],[12.605079,41.893701],[12.604447,41.893532]]}},{"type":"Feature","properties":{"mode":"bus","n":7,"arr":["058","058F","150F","508","A05","A50","n075"],"lines":"058, 058F, 150F, 508, A05, A50, n075"},"geometry":{"type":"LineString","coordinates":[[12.615494,41.893285],[12.614405,41.893284],[12.613703,41.893257],[12.612687,41.89316],[12.61247,41.89316],[12.609921,41.89355],[12.606889,41.893782]]}},{"type":"Feature","properties":{"mode":"bus","n":7,"arr":["058","059","106","506","507","C9","nMC"],"lines":"058, 059, 106, 506, 507, C9, nMC"},"geometry":{"type":"LineString","coordinates":[[12.629455,41.863008],[12.629875,41.86302],[12.630244,41.862973],[12.632247,41.863099]]}},{"type":"Feature","properties":{"mode":"bus","n":7,"arr":["058","059","106","506","507","C9","nMC"],"lines":"058, 059, 106, 506, 507, C9, nMC"},"geometry":{"type":"LineString","coordinates":[[12.62964,41.862787],[12.630276,41.862844],[12.630578,41.862912],[12.632296,41.863009]]}},{"type":"Feature","properties":{"mode":"bus","n":6,"arr":["058","150F","508","A05","A50","n075"],"lines":"058, 150F, 508, A05, A50, n075"},"geometry":{"type":"LineString","coordinates":[[12.615679,41.893279],[12.615494,41.893285]]}},{"type":"Feature","properties":{"mode":"bus","n":5,"arr":["150F","508","A05","A50","n075"],"lines":"150F, 508, A05, A50, n075"},"geometry":{"type":"LineString","coordinates":[[12.624259,41.892817],[12.622119,41.892886],[12.621867,41.892923],[12.621225,41.893083],[12.620869,41.893149],[12.620396,41.893201],[12.61924,41.893278],[12.618779,41.89329],[12.61747,41.893191],[12.615679,41.893279]]}},{"type":"Feature","properties":{"mode":"bus","n":5,"arr":["058","075","313","541","543"],"lines":"058, 075, 313, 541, 543"},"geometry":{"type":"LineString","coordinates":[[12.58966,41.904179],[12.58971,41.904158]]}},{"type":"Feature","properties":{"mode":"bus","n":7,"arr":["058","075","451","508","543","A07","n543"],"lines":"058, 075, 451, 508, 543, A07, n543"},"geometry":{"type":"LineString","coordinates":[[12.575163,41.902515],[12.575464,41.901358],[12.575603,41.900653],[12.575808,41.898757],[12.575818,41.89774]]}},{"type":"Feature","properties":{"mode":"bus","n":6,"arr":["058","075","451","508","A07","n543"],"lines":"058, 075, 451, 508, A07, n543"},"geometry":{"type":"LineString","coordinates":[[12.575089,41.902794],[12.575163,41.902515]]}},{"type":"Feature","properties":{"mode":"bus","n":5,"arr":["058","075","451","508","A07"],"lines":"058, 075, 451, 508, A07"},"geometry":{"type":"LineString","coordinates":[[12.574926,41.903039],[12.575004,41.902967],[12.575089,41.902794]]}},{"type":"Feature","properties":{"mode":"bus","n":5,"arr":["058","075","451","508","A07"],"lines":"058, 075, 451, 508, A07"},"geometry":{"type":"LineString","coordinates":[[12.574489,41.903403],[12.574339,41.903982],[12.574138,41.904547]]}},{"type":"Feature","properties":{"mode":"bus","n":5,"arr":["058","075","451","508","A07"],"lines":"058, 075, 451, 508, A07"},"geometry":{"type":"LineString","coordinates":[[12.572645,41.909651],[12.572447,41.910381]]}},{"type":"Feature","properties":{"mode":"bus","n":5,"arr":["058","075","451","508","A07"],"lines":"058, 075, 451, 508, A07"},"geometry":{"type":"LineString","coordinates":[[12.574552,41.903259],[12.574879,41.90303]]}},{"type":"Feature","properties":{"mode":"bus","n":6,"arr":["058","075","451","508","A07","n041"],"lines":"058, 075, 451, 508, A07, n041"},"geometry":{"type":"LineString","coordinates":[[12.572447,41.910381],[12.572225,41.911013],[12.572133,41.911121],[12.571886,41.911529],[12.57171,41.911892],[12.570908,41.913311],[12.570713,41.913605],[12.570542,41.914037],[12.570131,41.914785]]}},{"type":"Feature","properties":{"mode":"bus","n":7,"arr":["058","075","319","451","508","A07","n041"],"lines":"058, 075, 319, 451, 508, A07, n041"},"geometry":{"type":"LineString","coordinates":[[12.567609,41.919203],[12.567865,41.918724],[12.569108,41.91663],[12.570131,41.914785]]}},{"type":"Feature","properties":{"mode":"bus","n":13,"arr":["058","075","120F","163","319","341","350","424","451","508","C5","n041","P03"],"lines":"058, 075, 120F, 163, 319, 341, 350, 424, 451, 508, C5, n041, P03"},"geometry":{"type":"LineString","coordinates":[[12.56548,41.920912],[12.565539,41.921032]]}},{"type":"Feature","properties":{"mode":"bus","n":5,"arr":["059","106","507","C9","nMC"],"lines":"059, 106, 507, C9, nMC"},"geometry":{"type":"LineString","coordinates":[[12.621487,41.862482],[12.622091,41.862385],[12.622931,41.862289],[12.624433,41.862244],[12.624889,41.862278],[12.628887,41.862725],[12.62964,41.862787]]}},{"type":"Feature","properties":{"mode":"bus","n":5,"arr":["059","106","507","C9","nMC"],"lines":"059, 106, 507, C9, nMC"},"geometry":{"type":"LineString","coordinates":[[12.621263,41.862559],[12.621524,41.862544],[12.622794,41.862387],[12.623546,41.862355],[12.624348,41.862461],[12.629455,41.863008]]}},{"type":"Feature","properties":{"mode":"bus","n":7,"arr":["60","80","F01","n5","n90","n543","n904"],"lines":"60, 80, F01, n5, n90, n543, n904"},"geometry":{"type":"LineString","coordinates":[[12.481718,41.894908],[12.48172,41.894948]]}},{"type":"Feature","properties":{"mode":"bus","n":7,"arr":["60","80","F01","n5","n90","n543","n904"],"lines":"60, 80, F01, n5, n90, n543, n904"},"geometry":{"type":"LineString","coordinates":[[12.481779,41.894731],[12.481827,41.894656]]}},{"type":"Feature","properties":{"mode":"bus","n":7,"arr":["60","80","F10","n5","n90","n543","n904"],"lines":"60, 80, F10, n5, n90, n543, n904"},"geometry":{"type":"LineString","coordinates":[[12.48172,41.894948],[12.48178,41.895139],[12.48178,41.895305]]}},{"type":"Feature","properties":{"mode":"bus","n":10,"arr":["60","82","85","150F","590","910","n5","n46","n543","nMA"],"lines":"60, 82, 85, 150F, 590, 910, n5, n46, n543, nMA"},"geometry":{"type":"LineString","coordinates":[[12.495235,41.903638],[12.495981,41.903011],[12.496149,41.902939]]}},{"type":"Feature","properties":{"mode":"bus","n":13,"arr":["60","61","62","82","85","150F","492","590","910","n5","n46","n543","nMA"],"lines":"60, 61, 62, 82, 85, 150F, 492, 590, 910, n5, n46, n543, nMA"},"geometry":{"type":"LineString","coordinates":[[12.496797,41.904626],[12.495235,41.903638]]}},{"type":"Feature","properties":{"mode":"bus","n":5,"arr":["60","61","62","82","492"],"lines":"60, 61, 62, 82, 492"},"geometry":{"type":"LineString","coordinates":[[12.497171,41.904462],[12.497092,41.904435],[12.49703,41.904448],[12.496797,41.904626]]}},{"type":"Feature","properties":{"mode":"bus","n":6,"arr":["60","61","62","82","90","492"],"lines":"60, 61, 62, 82, 90, 492"},"geometry":{"type":"LineString","coordinates":[[12.497368,41.904563],[12.497171,41.904462]]}},{"type":"Feature","properties":{"mode":"bus","n":7,"arr":["60","61","62","66","82","90","n66"],"lines":"60, 61, 62, 66, 82, 90, n66"},"geometry":{"type":"LineString","coordinates":[[12.499994,41.908406],[12.500713,41.90891]]}},{"type":"Feature","properties":{"mode":"bus","n":7,"arr":["60","61","62","66","82","90","n66"],"lines":"60, 61, 62, 66, 82, 90, n66"},"geometry":{"type":"LineString","coordinates":[[12.501164,41.909441],[12.500841,41.909199],[12.500728,41.908944],[12.500725,41.908932],[12.500726,41.908924],[12.500732,41.908919],[12.500744,41.908917],[12.50076,41.908919],[12.501155,41.908994],[12.501587,41.909285]]}},{"type":"Feature","properties":{"mode":"bus","n":7,"arr":["60","61","62","66","82","90","n66"],"lines":"60, 61, 62, 66, 82, 90, n66"},"geometry":{"type":"LineString","coordinates":[[12.501265,41.90951],[12.501345,41.909555]]}},{"type":"Feature","properties":{"mode":"bus","n":8,"arr":["60","61","62","66","82","90","n66","n90"],"lines":"60, 61, 62, 66, 82, 90, n66, n90"},"geometry":{"type":"LineString","coordinates":[[12.501726,41.909404],[12.501657,41.909342]]}},{"type":"Feature","properties":{"mode":"bus","n":8,"arr":["60","61","62","66","82","90","n66","n90"],"lines":"60, 61, 62, 66, 82, 90, n66, n90"},"geometry":{"type":"LineString","coordinates":[[12.501345,41.909555],[12.501685,41.909726]]}},{"type":"Feature","properties":{"mode":"bus","n":6,"arr":["60","66","82","90","n66","n90"],"lines":"60, 66, 82, 90, n66, n90"},"geometry":{"type":"LineString","coordinates":[[12.511542,41.916209],[12.514768,41.918401],[12.514891,41.918481],[12.514989,41.918482],[12.51687,41.91976],[12.517125,41.919994],[12.517788,41.921069]]}},{"type":"Feature","properties":{"mode":"bus","n":6,"arr":["60","66","82","90","n66","n90"],"lines":"60, 66, 82, 90, n66, n90"},"geometry":{"type":"LineString","coordinates":[[12.517682,41.921152],[12.517844,41.921362],[12.518075,41.9216],[12.519783,41.923137],[12.520947,41.92425]]}},{"type":"Feature","properties":{"mode":"bus","n":6,"arr":["60","66","82","90","n66","n90"],"lines":"60, 66, 82, 90, n66, n90"},"geometry":{"type":"LineString","coordinates":[[12.527009,41.930698],[12.525766,41.929102],[12.524485,41.927623],[12.524351,41.927404],[12.523677,41.926612],[12.52342,41.926362],[12.522881,41.925933],[12.521742,41.924894],[12.52098,41.924276],[12.520971,41.924269],[12.520966,41.924264],[12.520964,41.924262],[12.520967,41.924263],[12.520974,41.924267],[12.520984,41.924273],[12.521174,41.924392]]}},{"type":"Feature","properties":{"mode":"bus","n":6,"arr":["60","66","82","90","n66","n90"],"lines":"60, 66, 82, 90, n66, n90"},"geometry":{"type":"LineString","coordinates":[[12.521613,41.92461],[12.522119,41.925099],[12.522129,41.925114],[12.522128,41.925128],[12.522114,41.925141],[12.522061,41.925177]]}},{"type":"Feature","properties":{"mode":"bus","n":6,"arr":["60","66","82","90","n66","n90"],"lines":"60, 66, 82, 90, n66, n90"},"geometry":{"type":"LineString","coordinates":[[12.524485,41.927623],[12.524545,41.927593],[12.52456,41.927588],[12.524574,41.927587],[12.524587,41.927592],[12.524598,41.927601],[12.52569,41.928856]]}},{"type":"Feature","properties":{"mode":"bus","n":6,"arr":["60","66","82","90","n66","n90"],"lines":"60, 66, 82, 90, n66, n90"},"geometry":{"type":"LineString","coordinates":[[12.517125,41.919994],[12.517083,41.920021],[12.517072,41.920031],[12.517068,41.920042],[12.517073,41.920055],[12.517732,41.921109]]}},{"type":"Feature","properties":{"mode":"bus","n":11,"arr":["60","66","82","90","168","310","544","n66","n90","nMB1","P10"],"lines":"60, 66, 82, 90, 168, 310, 544, n66, n90, nMB1, P10"},"geometry":{"type":"LineString","coordinates":[[12.517788,41.921069],[12.517682,41.921152]]}},{"type":"Feature","properties":{"mode":"bus","n":5,"arr":["66","82","90","n66","n90"],"lines":"66, 82, 90, n66, n90"},"geometry":{"type":"LineString","coordinates":[[12.521174,41.924392],[12.521187,41.924232],[12.521189,41.92422],[12.521194,41.924214],[12.5212,41.924212],[12.521209,41.924216],[12.521219,41.924225],[12.521613,41.92461]]}},{"type":"Feature","properties":{"mode":"bus","n":9,"arr":["60","66","82","90","211","211F","351","n66","n90"],"lines":"60, 66, 82, 90, 211, 211F, 351, n66, n90"},"geometry":{"type":"LineString","coordinates":[[12.52569,41.928856],[12.526171,41.929403],[12.526333,41.929675],[12.527069,41.930601]]}},{"type":"Feature","properties":{"mode":"bus","n":9,"arr":["60","66","82","90","211","211F","351","n66","n90"],"lines":"60, 66, 82, 90, 211, 211F, 351, n66, n90"},"geometry":{"type":"LineString","coordinates":[[12.527055,41.930756],[12.527009,41.930698]]}},{"type":"Feature","properties":{"mode":"bus","n":7,"arr":["60","66","82","90","351","n66","n90"],"lines":"60, 66, 82, 90, 351, n66, n90"},"geometry":{"type":"LineString","coordinates":[[12.527069,41.930601],[12.527096,41.930738]]}},{"type":"Feature","properties":{"mode":"bus","n":6,"arr":["60","66","90","351","n66","n90"],"lines":"60, 66, 90, 351, n66, n90"},"geometry":{"type":"LineString","coordinates":[[12.527096,41.930738],[12.528063,41.931922],[12.528586,41.932443],[12.528798,41.932699]]}},{"type":"Feature","properties":{"mode":"bus","n":9,"arr":["60","66","90","211","211F","338","351","n66","n90"],"lines":"60, 66, 90, 211, 211F, 338, 351, n66, n90"},"geometry":{"type":"LineString","coordinates":[[12.528798,41.932699],[12.528866,41.932777]]}},{"type":"Feature","properties":{"mode":"bus","n":10,"arr":["60","66","82","90","211","211F","338","351","n66","n90"],"lines":"60, 66, 82, 90, 211, 211F, 338, 351, n66, n90"},"geometry":{"type":"LineString","coordinates":[[12.528866,41.932777],[12.529089,41.932981],[12.529368,41.933175],[12.530785,41.934063],[12.531211,41.934289],[12.531578,41.934453],[12.532354,41.93474],[12.533521,41.9351]]}},{"type":"Feature","properties":{"mode":"bus","n":11,"arr":["60","66","82","90","211","211F","311","338","351","n66","n90"],"lines":"60, 66, 82, 90, 211, 211F, 311, 338, 351, n66, n90"},"geometry":{"type":"LineString","coordinates":[[12.533521,41.9351],[12.533666,41.93514]]}},{"type":"Feature","properties":{"mode":"bus","n":11,"arr":["60","66","82","211","211F","311","338","343","351","n66","n92"],"lines":"60, 66, 82, 211, 211F, 311, 338, 343, 351, n66, n92"},"geometry":{"type":"LineString","coordinates":[[12.535403,41.934661],[12.535246,41.934775],[12.534802,41.935004],[12.534488,41.935198],[12.534406,41.935211],[12.53425,41.935189],[12.533891,41.935086],[12.533792,41.93509],[12.533666,41.93514]]}},{"type":"Feature","properties":{"mode":"bus","n":11,"arr":["60","66","82","211","211F","311","338","343","351","n66","n92"],"lines":"60, 66, 82, 211, 211F, 311, 338, 343, 351, n66, n92"},"geometry":{"type":"LineString","coordinates":[[12.53509,41.935653],[12.534862,41.935515],[12.534367,41.935361]]}},{"type":"Feature","properties":{"mode":"bus","n":11,"arr":["60","66","82","211","211F","311","338","343","351","n66","n92"],"lines":"60, 66, 82, 211, 211F, 311, 338, 343, 351, n66, n92"},"geometry":{"type":"LineString","coordinates":[[12.535464,41.93574],[12.535599,41.935625],[12.535803,41.935074],[12.535915,41.934942]]}},{"type":"Feature","properties":{"mode":"bus","n":7,"arr":["60","66","311","338","343","n66","n92"],"lines":"60, 66, 311, 338, 343, n66, n92"},"geometry":{"type":"LineString","coordinates":[[12.535915,41.934942],[12.535403,41.934661]]}},{"type":"Feature","properties":{"mode":"bus","n":5,"arr":["60","66","311","343","n66"],"lines":"60, 66, 311, 343, n66"},"geometry":{"type":"LineString","coordinates":[[12.544901,41.937844],[12.544416,41.937561],[12.544287,41.937512],[12.544167,41.937497],[12.543847,41.937515],[12.541503,41.937838],[12.541114,41.937816],[12.540515,41.937743],[12.539897,41.937623],[12.539731,41.937548],[12.539583,41.937434],[12.539427,41.937233],[12.539172,41.936797],[12.539043,41.936672],[12.538731,41.936451],[12.537946,41.935988],[12.536721,41.935476]]}},{"type":"Feature","properties":{"mode":"bus","n":5,"arr":["60","66","311","343","n66"],"lines":"60, 66, 311, 343, n66"},"geometry":{"type":"LineString","coordinates":[[12.536393,41.935272],[12.535915,41.934942]]}},{"type":"Feature","properties":{"mode":"bus","n":6,"arr":["60","66","343","350","A70","n66"],"lines":"60, 66, 343, 350, A70, n66"},"geometry":{"type":"LineString","coordinates":[[12.546192,41.93863],[12.544901,41.937844]]}},{"type":"Feature","properties":{"mode":"bus","n":5,"arr":["60","66","343","350","n66"],"lines":"60, 66, 343, 350, n66"},"geometry":{"type":"LineString","coordinates":[[12.546192,41.93863],[12.546399,41.938738]]}},{"type":"Feature","properties":{"mode":"bus","n":5,"arr":["60","66","350","351","n66"],"lines":"60, 66, 350, 351, n66"},"geometry":{"type":"LineString","coordinates":[[12.547658,41.943341],[12.547688,41.943557]]}},{"type":"Feature","properties":{"mode":"bus","n":9,"arr":["60","63","66","69","337","344","435","C5","n66"],"lines":"60, 63, 66, 69, 337, 344, 435, C5, n66"},"geometry":{"type":"LineString","coordinates":[[12.54809,41.943834],[12.548923,41.943869],[12.549925,41.943998],[12.550815,41.944205],[12.55161,41.944443],[12.552127,41.944631]]}},{"type":"Feature","properties":{"mode":"bus","n":9,"arr":["60","63","66","69","337","344","435","C5","n66"],"lines":"60, 63, 66, 69, 337, 344, 435, C5, n66"},"geometry":{"type":"LineString","coordinates":[[12.552592,41.945025],[12.552165,41.944834]]}},{"type":"Feature","properties":{"mode":"bus","n":8,"arr":["60","63","69","337","344","435","C5","n66"],"lines":"60, 63, 69, 337, 344, 435, C5, n66"},"geometry":{"type":"LineString","coordinates":[[12.552127,41.944631],[12.552637,41.944863]]}},{"type":"Feature","properties":{"mode":"bus","n":8,"arr":["60","63","69","337","344","435","C5","n66"],"lines":"60, 63, 69, 337, 344, 435, C5, n66"},"geometry":{"type":"LineString","coordinates":[[12.553984,41.946232],[12.553745,41.945922],[12.55337,41.945555],[12.552917,41.945216],[12.552592,41.945025]]}},{"type":"Feature","properties":{"mode":"bus","n":9,"arr":["60","63","69","337","344","435","A07","C5","n66"],"lines":"60, 63, 69, 337, 344, 435, A07, C5, n66"},"geometry":{"type":"LineString","coordinates":[[12.552637,41.944863],[12.5533,41.945315],[12.553673,41.945639],[12.55393,41.945913]]}},{"type":"Feature","properties":{"mode":"bus","n":8,"arr":["60","63","69","337","435","A07","C5","n66"],"lines":"60, 63, 69, 337, 435, A07, C5, n66"},"geometry":{"type":"LineString","coordinates":[[12.55393,41.945913],[12.554337,41.946472]]}},{"type":"Feature","properties":{"mode":"bus","n":7,"arr":["60","63","337","344","435","C5","n66"],"lines":"60, 63, 337, 344, 435, C5, n66"},"geometry":{"type":"LineString","coordinates":[[12.554193,41.946528],[12.554146,41.946459]]}},{"type":"Feature","properties":{"mode":"bus","n":7,"arr":["63","69","337","344","435","C5","n66"],"lines":"63, 69, 337, 344, 435, C5, n66"},"geometry":{"type":"LineString","coordinates":[[12.554035,41.946306],[12.553984,41.946232]]}},{"type":"Feature","properties":{"mode":"bus","n":10,"arr":["60","63","66","69","337","344","435","A70","C5","n66"],"lines":"60, 63, 66, 69, 337, 344, 435, A70, C5, n66"},"geometry":{"type":"LineString","coordinates":[[12.552165,41.944834],[12.551358,41.944522],[12.550407,41.94427],[12.549433,41.944094],[12.548081,41.943975]]}},{"type":"Feature","properties":{"mode":"bus","n":6,"arr":["60","66","350","351","A70","n66"],"lines":"60, 66, 350, 351, A70, n66"},"geometry":{"type":"LineString","coordinates":[[12.547637,41.944172],[12.547619,41.944263]]}},{"type":"Feature","properties":{"mode":"bus","n":6,"arr":["60","66","350","351","A70","n66"],"lines":"60, 66, 350, 351, A70, n66"},"geometry":{"type":"LineString","coordinates":[[12.547469,41.943559],[12.547469,41.943453]]}},{"type":"Feature","properties":{"mode":"bus","n":5,"arr":["60","66","350","A70","n66"],"lines":"60, 66, 350, A70, n66"},"geometry":{"type":"LineString","coordinates":[[12.547435,41.944261],[12.547469,41.943559]]}},{"type":"Feature","properties":{"mode":"bus","n":5,"arr":["60","66","350","A70","n66"],"lines":"60, 66, 350, A70, n66"},"geometry":{"type":"LineString","coordinates":[[12.547469,41.943453],[12.547384,41.942962],[12.546858,41.941132],[12.546192,41.93863]]}},{"type":"Feature","properties":{"mode":"bus","n":10,"arr":["60","66","82","211","211F","338","343","351","n66","n92"],"lines":"60, 66, 82, 211, 211F, 338, 343, 351, n66, n92"},"geometry":{"type":"LineString","coordinates":[[12.535199,41.935689],[12.535375,41.935739],[12.535464,41.93574]]}},{"type":"Feature","properties":{"mode":"bus","n":9,"arr":["60","66","82","211","211F","338","343","351","n66"],"lines":"60, 66, 82, 211, 211F, 338, 343, 351, n66"},"geometry":{"type":"LineString","coordinates":[[12.535199,41.935689],[12.53509,41.935653]]}},{"type":"Feature","properties":{"mode":"bus","n":12,"arr":["60","66","82","86","90","211","211F","336","337","351","n66","n90"],"lines":"60, 66, 82, 86, 90, 211, 211F, 336, 337, 351, n66, n90"},"geometry":{"type":"LineString","coordinates":[[12.534367,41.935361],[12.533666,41.93514]]}},{"type":"Feature","properties":{"mode":"bus","n":8,"arr":["60","66","90","211","211F","351","n66","n90"],"lines":"60, 66, 90, 211, 211F, 351, n66, n90"},"geometry":{"type":"LineString","coordinates":[[12.528798,41.932699],[12.528017,41.931957],[12.527055,41.930756]]}},{"type":"Feature","properties":{"mode":"bus","n":5,"arr":["60","82","88","n66","n90"],"lines":"60, 82, 88, n66, n90"},"geometry":{"type":"LineString","coordinates":[[12.506585,41.912905],[12.506647,41.912944]]}},{"type":"Feature","properties":{"mode":"bus","n":6,"arr":["60","62","82","90","n66","n90"],"lines":"60, 62, 82, 90, n66, n90"},"geometry":{"type":"LineString","coordinates":[[12.502681,41.910369],[12.502791,41.910315],[12.502839,41.910212]]}},{"type":"Feature","properties":{"mode":"bus","n":11,"arr":["60","61","62","66","82","90","120F","490","495","n66","n90"],"lines":"60, 61, 62, 66, 82, 90, 120F, 490, 495, n66, n90"},"geometry":{"type":"LineString","coordinates":[[12.501164,41.909441],[12.501265,41.90951]]}},{"type":"Feature","properties":{"mode":"bus","n":9,"arr":["60","61","62","66","82","223","492","910","n66"],"lines":"60, 61, 62, 66, 82, 223, 492, 910, n66"},"geometry":{"type":"LineString","coordinates":[[12.495977,41.905453],[12.495913,41.905413],[12.495896,41.905406],[12.49588,41.905404],[12.495864,41.905408],[12.49585,41.905418],[12.495813,41.905452],[12.495798,41.905463],[12.495782,41.905467],[12.495765,41.905464],[12.495748,41.905455],[12.495387,41.905193]]}},{"type":"Feature","properties":{"mode":"bus","n":16,"arr":["60","61","62","66","82","85","150F","223","492","590","910","n5","n46","n66","n543","nMA"],"lines":"60, 61, 62, 66, 82, 85, 150F, 223, 492, 590, 910, n5, n46, n66, n543, nMA"},"geometry":{"type":"LineString","coordinates":[[12.494249,41.904441],[12.495387,41.905193]]}},{"type":"Feature","properties":{"mode":"bus","n":16,"arr":["60","61","62","66","82","85","150F","223","492","590","910","n5","n46","n66","n543","nMA"],"lines":"60, 61, 62, 66, 82, 85, 150F, 223, 492, 590, 910, n5, n46, n66, n543, nMA"},"geometry":{"type":"LineString","coordinates":[[12.494422,41.904253],[12.494607,41.904121],[12.495187,41.903609]]}},{"type":"Feature","properties":{"mode":"bus","n":9,"arr":["60","66","82","85","150F","223","590","910","n66"],"lines":"60, 66, 82, 85, 150F, 223, 590, 910, n66"},"geometry":{"type":"LineString","coordinates":[[12.494249,41.904441],[12.49428,41.90441]]}},{"type":"Feature","properties":{"mode":"bus","n":6,"arr":["60","66","82","223","910","n66"],"lines":"60, 66, 82, 223, 910, n66"},"geometry":{"type":"LineString","coordinates":[[12.49428,41.90441],[12.494422,41.904253]]}},{"type":"Feature","properties":{"mode":"bus","n":13,"arr":["60","66","82","85","150F","223","590","910","n5","n46","n66","n543","nMA"],"lines":"60, 66, 82, 85, 150F, 223, 590, 910, n5, n46, n66, n543, nMA"},"geometry":{"type":"LineString","coordinates":[[12.495187,41.903609],[12.495794,41.903073],[12.495873,41.902944],[12.495924,41.902729]]}},{"type":"Feature","properties":{"mode":"bus","n":11,"arr":["60","80","916","916F","F01","n5","n90","n201","n543","n904","n913"],"lines":"60, 80, 916, 916F, F01, n5, n90, n201, n543, n904, n913"},"geometry":{"type":"LineString","coordinates":[[12.481827,41.894656],[12.481942,41.89452]]}},{"type":"Feature","properties":{"mode":"bus","n":6,"arr":["61","309","319","448","544","n041"],"lines":"61, 309, 319, 448, 544, n041"},"geometry":{"type":"LineString","coordinates":[[12.549745,41.905895],[12.549602,41.905758],[12.549581,41.905664],[12.549702,41.90521],[12.549712,41.905191],[12.549731,41.905182],[12.549759,41.905181],[12.550229,41.905244]]}},{"type":"Feature","properties":{"mode":"bus","n":5,"arr":["61","542","544","548","nMB"],"lines":"61, 542, 544, 548, nMB"},"geometry":{"type":"LineString","coordinates":[[12.546285,41.916077],[12.547583,41.915641]]}},{"type":"Feature","properties":{"mode":"bus","n":5,"arr":["61","542","544","548","nMB"],"lines":"61, 542, 544, 548, nMB"},"geometry":{"type":"LineString","coordinates":[[12.547532,41.91557],[12.545569,41.916221]]}},{"type":"Feature","properties":{"mode":"bus","n":5,"arr":["61","450","542","544","548"],"lines":"61, 450, 542, 544, 548"},"geometry":{"type":"LineString","coordinates":[[12.539973,41.918297],[12.541673,41.917636],[12.543045,41.917164]]}},{"type":"Feature","properties":{"mode":"bus","n":5,"arr":["61","450","542","544","548"],"lines":"61, 450, 542, 544, 548"},"geometry":{"type":"LineString","coordinates":[[12.532534,41.92036],[12.535943,41.919419]]}},{"type":"Feature","properties":{"mode":"bus","n":5,"arr":["61","450","542","544","548"],"lines":"61, 450, 542, 544, 548"},"geometry":{"type":"LineString","coordinates":[[12.531966,41.920424],[12.53314,41.920117],[12.534067,41.919786],[12.53531,41.91944]]}},{"type":"Feature","properties":{"mode":"bus","n":5,"arr":["61","450","542","544","548"],"lines":"61, 450, 542, 544, 548"},"geometry":{"type":"LineString","coordinates":[[12.542906,41.917109],[12.541503,41.917573],[12.539792,41.918228]]}},{"type":"Feature","properties":{"mode":"bus","n":7,"arr":["61","120F","490","495","649","nMB1","nMB"],"lines":"61, 120F, 490, 495, 649, nMB1, nMB"},"geometry":{"type":"LineString","coordinates":[[12.516201,41.910748],[12.516008,41.910727]]}},{"type":"Feature","properties":{"mode":"bus","n":9,"arr":["61","120F","490","495","649","nMB1","nMB","P02","P20"],"lines":"61, 120F, 490, 495, 649, nMB1, nMB, P02, P20"},"geometry":{"type":"LineString","coordinates":[[12.513282,41.910523],[12.514078,41.910747],[12.514851,41.910852],[12.515449,41.910842],[12.515744,41.910799],[12.516008,41.910727]]}},{"type":"Feature","properties":{"mode":"bus","n":9,"arr":["61","120F","490","495","649","nMB1","nMB","P02","P20"],"lines":"61, 120F, 490, 495, 649, nMB1, nMB, P02, P20"},"geometry":{"type":"LineString","coordinates":[[12.510654,41.909813],[12.512808,41.910411],[12.51302,41.910439]]}},{"type":"Feature","properties":{"mode":"bus","n":6,"arr":["61","490","495","649","nMB1","nMB"],"lines":"61, 490, 495, 649, nMB1, nMB"},"geometry":{"type":"LineString","coordinates":[[12.513977,41.910723],[12.514032,41.910773],[12.51404,41.910814],[12.51404,41.910822],[12.514038,41.910827],[12.514033,41.910829],[12.514026,41.910829],[12.514017,41.910827],[12.513438,41.91064],[12.513307,41.910629],[12.513213,41.910657]]}},{"type":"Feature","properties":{"mode":"bus","n":9,"arr":["61","88","120F","490","495","649","nMB1","nMB","P02"],"lines":"61, 88, 120F, 490, 495, 649, nMB1, nMB, P02"},"geometry":{"type":"LineString","coordinates":[[12.510606,41.90985],[12.510654,41.909813]]}},{"type":"Feature","properties":{"mode":"bus","n":7,"arr":["61","120F","490","495","nMB1","nMB","P02"],"lines":"61, 120F, 490, 495, nMB1, nMB, P02"},"geometry":{"type":"LineString","coordinates":[[12.50474,41.908354],[12.504929,41.908379],[12.50856,41.909339],[12.508927,41.909403]]}},{"type":"Feature","properties":{"mode":"bus","n":10,"arr":["61","62","85","150F","492","590","n5","n46","n543","nMA"],"lines":"61, 62, 85, 150F, 492, 590, n5, n46, n543, nMA"},"geometry":{"type":"LineString","coordinates":[[12.488738,41.904169],[12.490246,41.905398],[12.490759,41.905762],[12.490936,41.905846],[12.490963,41.905854],[12.49099,41.905854],[12.491017,41.905845],[12.491305,41.905704],[12.493048,41.905119],[12.493573,41.904978],[12.493811,41.904829],[12.494249,41.904441]]}},{"type":"Feature","properties":{"mode":"bus","n":10,"arr":["61","62","85","150F","492","590","n5","n46","n543","nMA"],"lines":"61, 62, 85, 150F, 492, 590, n5, n46, n543, nMA"},"geometry":{"type":"LineString","coordinates":[[12.489061,41.903722],[12.491865,41.904671],[12.4924,41.904788],[12.49266,41.904807],[12.493018,41.904797],[12.493352,41.904755],[12.493674,41.904686],[12.494127,41.904397],[12.494422,41.904253]]}},{"type":"Feature","properties":{"mode":"bus","n":5,"arr":["61","150F","160","n201","nMA"],"lines":"61, 150F, 160, n201, nMA"},"geometry":{"type":"LineString","coordinates":[[12.489296,41.908136],[12.488809,41.908791]]}},{"type":"Feature","properties":{"mode":"bus","n":5,"arr":["61","100","150F","590","nMA"],"lines":"61, 100, 150F, 590, nMA"},"geometry":{"type":"LineString","coordinates":[[12.488792,41.909597],[12.488756,41.909495],[12.488761,41.909435],[12.48876,41.909421],[12.488753,41.909411],[12.48874,41.909404],[12.488721,41.909401],[12.488589,41.909396]]}},{"type":"Feature","properties":{"mode":"bus","n":12,"arr":["61","89","100","120F","150F","160","490","495","590","C3","n201","nMA"],"lines":"61, 89, 100, 120F, 150F, 160, 490, 495, 590, C3, n201, nMA"},"geometry":{"type":"LineString","coordinates":[[12.488007,41.909774],[12.488324,41.909819]]}},{"type":"Feature","properties":{"mode":"bus","n":11,"arr":["61","89","120F","150F","160","490","495","590","C3","n201","nMA"],"lines":"61, 89, 120F, 150F, 160, 490, 495, 590, C3, n201, nMA"},"geometry":{"type":"LineString","coordinates":[[12.484866,41.912375],[12.486028,41.911654],[12.487876,41.909975],[12.488007,41.909774]]}},{"type":"Feature","properties":{"mode":"bus","n":11,"arr":["61","89","120F","150F","160","490","495","590","628","C3","n201"],"lines":"61, 89, 120F, 150F, 160, 490, 495, 590, 628, C3, n201"},"geometry":{"type":"LineString","coordinates":[[12.474934,41.911831],[12.475024,41.911636]]}},{"type":"Feature","properties":{"mode":"bus","n":9,"arr":["61","89","120F","150F","160","490","495","590","nMA"],"lines":"61, 89, 120F, 150F, 160, 490, 495, 590, nMA"},"geometry":{"type":"LineString","coordinates":[[12.487325,41.910457],[12.487425,41.910281],[12.487613,41.910105],[12.487737,41.910012],[12.487876,41.909975]]}},{"type":"Feature","properties":{"mode":"bus","n":9,"arr":["61","89","120F","150F","160","490","495","590","nMA"],"lines":"61, 89, 120F, 150F, 160, 490, 495, 590, nMA"},"geometry":{"type":"LineString","coordinates":[[12.488007,41.909774],[12.488246,41.909575]]}},{"type":"Feature","properties":{"mode":"bus","n":6,"arr":["61","63","83","100","160","590"],"lines":"61, 63, 83, 100, 160, 590"},"geometry":{"type":"LineString","coordinates":[[12.488636,41.905782],[12.488675,41.905752]]}},{"type":"Feature","properties":{"mode":"bus","n":5,"arr":["61","490","nMB1","nMB","P02"],"lines":"61, 490, nMB1, nMB, P02"},"geometry":{"type":"LineString","coordinates":[[12.504547,41.908131],[12.50446,41.907898]]}},{"type":"Feature","properties":{"mode":"bus","n":7,"arr":["61","120F","490","495","nMB1","nMB","P20"],"lines":"61, 120F, 490, 495, nMB1, nMB, P20"},"geometry":{"type":"LineString","coordinates":[[12.504701,41.908151],[12.508231,41.909164]]}},{"type":"Feature","properties":{"mode":"bus","n":5,"arr":["62","66","82","n66","n90"],"lines":"62, 66, 82, n66, n90"},"geometry":{"type":"LineString","coordinates":[[12.508672,41.914176],[12.511574,41.916162],[12.511581,41.916168],[12.511583,41.916174],[12.511581,41.91618],[12.511575,41.916186],[12.511542,41.916209]]}},{"type":"Feature","properties":{"mode":"bus","n":5,"arr":["62","64","98","190F","881"],"lines":"62, 64, 98, 190F, 881"},"geometry":{"type":"LineString","coordinates":[[12.45205,41.898984],[12.452031,41.898999]]}},{"type":"Feature","properties":{"mode":"bus","n":5,"arr":["63","337","344","C5","n66"],"lines":"63, 337, 344, C5, n66"},"geometry":{"type":"LineString","coordinates":[[12.564295,41.948402],[12.563267,41.949708]]}},{"type":"Feature","properties":{"mode":"bus","n":6,"arr":["63","69","337","344","435","C5"],"lines":"63, 69, 337, 344, 435, C5"},"geometry":{"type":"LineString","coordinates":[[12.548081,41.943975],[12.547054,41.943918]]}},{"type":"Feature","properties":{"mode":"bus","n":6,"arr":["63","69","337","344","435","C5"],"lines":"63, 69, 337, 344, 435, C5"},"geometry":{"type":"LineString","coordinates":[[12.547162,41.943827],[12.54809,41.943834]]}},{"type":"Feature","properties":{"mode":"bus","n":7,"arr":["63","69","337","344","351","435","C5"],"lines":"63, 69, 337, 344, 351, 435, C5"},"geometry":{"type":"LineString","coordinates":[[12.547054,41.943918],[12.544059,41.943846],[12.542412,41.943828],[12.540643,41.94376]]}},{"type":"Feature","properties":{"mode":"bus","n":7,"arr":["63","69","337","344","351","435","C5"],"lines":"63, 69, 337, 344, 351, 435, C5"},"geometry":{"type":"LineString","coordinates":[[12.540285,41.943677],[12.540865,41.943665],[12.542,41.943686],[12.547162,41.943827]]}},{"type":"Feature","properties":{"mode":"bus","n":5,"arr":["63","69","351","435","C5"],"lines":"63, 69, 351, 435, C5"},"geometry":{"type":"LineString","coordinates":[[12.540643,41.94376],[12.539122,41.943711],[12.53836,41.943714],[12.537603,41.943783],[12.536654,41.943955],[12.536384,41.944027],[12.535945,41.944198],[12.534765,41.944805],[12.533649,41.945261],[12.532948,41.945457],[12.531336,41.94575]]}},{"type":"Feature","properties":{"mode":"bus","n":5,"arr":["63","69","351","435","C5"],"lines":"63, 69, 351, 435, C5"},"geometry":{"type":"LineString","coordinates":[[12.533219,41.945219],[12.53247,41.945426],[12.531411,41.945601]]}},{"type":"Feature","properties":{"mode":"bus","n":5,"arr":["63","69","351","435","C5"],"lines":"63, 69, 351, 435, C5"},"geometry":{"type":"LineString","coordinates":[[12.540285,41.943677],[12.538648,41.943641],[12.538025,41.943668],[12.537272,41.943757],[12.536196,41.943977]]}},{"type":"Feature","properties":{"mode":"bus","n":7,"arr":["63","69","338","351","435","C5","nMB1"],"lines":"63, 69, 338, 351, 435, C5, nMB1"},"geometry":{"type":"LineString","coordinates":[[12.531336,41.94575],[12.530455,41.945821],[12.528841,41.945912],[12.526147,41.946175],[12.525616,41.946183]]}},{"type":"Feature","properties":{"mode":"bus","n":7,"arr":["63","69","338","351","435","C5","nMB1"],"lines":"63, 69, 338, 351, 435, C5, nMB1"},"geometry":{"type":"LineString","coordinates":[[12.531411,41.945601],[12.531042,41.945632]]}},{"type":"Feature","properties":{"mode":"bus","n":7,"arr":["63","69","338","351","435","n92","nMB1"],"lines":"63, 69, 338, 351, 435, n92, nMB1"},"geometry":{"type":"LineString","coordinates":[[12.525616,41.946183],[12.525359,41.946163]]}},{"type":"Feature","properties":{"mode":"bus","n":5,"arr":["63","135","235","351","n92"],"lines":"63, 135, 235, 351, n92"},"geometry":{"type":"LineString","coordinates":[[12.514269,41.936003],[12.51382,41.935938],[12.5133,41.935828],[12.511625,41.9353],[12.511223,41.935276],[12.510948,41.935327]]}},{"type":"Feature","properties":{"mode":"bus","n":5,"arr":["63","83","92","168","n92"],"lines":"63, 83, 92, 168, n92"},"geometry":{"type":"LineString","coordinates":[[12.50542,41.921754],[12.506803,41.923126]]}},{"type":"Feature","properties":{"mode":"bus","n":6,"arr":["63","92","223","360","910","n92"],"lines":"63, 92, 223, 360, 910, n92"},"geometry":{"type":"LineString","coordinates":[[12.496998,41.915917],[12.497558,41.91353],[12.497959,41.911669]]}},{"type":"Feature","properties":{"mode":"bus","n":12,"arr":["63","80","83","89","92","120F","223","360","490","495","n90","n92"],"lines":"63, 80, 83, 89, 92, 120F, 223, 360, 490, 495, n90, n92"},"geometry":{"type":"LineString","coordinates":[[12.498083,41.911049],[12.497677,41.911003],[12.496008,41.911043]]}},{"type":"Feature","properties":{"mode":"bus","n":8,"arr":["63","80","83","92","223","360","n90","n92"],"lines":"63, 80, 83, 92, 223, 360, n90, n92"},"geometry":{"type":"LineString","coordinates":[[12.496008,41.911043],[12.494726,41.911102],[12.494526,41.911062],[12.493824,41.911059]]}},{"type":"Feature","properties":{"mode":"bus","n":6,"arr":["63","80","83","223","n90","n92"],"lines":"63, 80, 83, 223, n90, n92"},"geometry":{"type":"LineString","coordinates":[[12.49385,41.91098],[12.493824,41.911059]]}},{"type":"Feature","properties":{"mode":"bus","n":5,"arr":["63","80","83","490","n90"],"lines":"63, 80, 83, 490, n90"},"geometry":{"type":"LineString","coordinates":[[12.496958,41.909301],[12.496886,41.909283]]}},{"type":"Feature","properties":{"mode":"bus","n":8,"arr":["63","80","83","89","120F","490","495","n90"],"lines":"63, 80, 83, 89, 120F, 490, 495, n90"},"geometry":{"type":"LineString","coordinates":[[12.498222,41.910436],[12.498072,41.910401],[12.497906,41.910213],[12.496958,41.909301]]}},{"type":"Feature","properties":{"mode":"bus","n":5,"arr":["63","83","89","120F","360"],"lines":"63, 83, 89, 120F, 360"},"geometry":{"type":"LineString","coordinates":[[12.498083,41.911049],[12.498024,41.910968]]}},{"type":"Feature","properties":{"mode":"bus","n":9,"arr":["63","69","338","339","349","351","435","C5","nMB1"],"lines":"63, 69, 338, 339, 349, 351, 435, C5, nMB1"},"geometry":{"type":"LineString","coordinates":[[12.526922,41.9459],[12.527017,41.945924],[12.529396,41.94572],[12.531042,41.945632]]}},{"type":"Feature","properties":{"mode":"bus","n":6,"arr":["63","69","351","435","C5","n90"],"lines":"63, 69, 351, 435, C5, n90"},"geometry":{"type":"LineString","coordinates":[[12.536196,41.943977],[12.535798,41.944093],[12.534378,41.944772],[12.533219,41.945219]]}},{"type":"Feature","properties":{"mode":"bus","n":9,"arr":["64","98","190F","881","916","916F","982","n98","n904"],"lines":"64, 98, 190F, 881, 916, 916F, 982, n98, n904"},"geometry":{"type":"LineString","coordinates":[[12.452175,41.899082],[12.452008,41.899062]]}},{"type":"Feature","properties":{"mode":"bus","n":13,"arr":["66","75","90","223","310","360","649","910","C2","C3","F20","nMB1","nMB"],"lines":"66, 75, 90, 223, 310, 360, 649, 910, C2, C3, F20, nMB1, nMB"},"geometry":{"type":"LineString","coordinates":[[12.499064,41.902259],[12.499162,41.902319]]}},{"type":"Feature","properties":{"mode":"bus","n":12,"arr":["66","75","90","310","360","649","910","C2","C3","F20","nMB1","nMB"],"lines":"66, 75, 90, 310, 360, 649, 910, C2, C3, F20, nMB1, nMB"},"geometry":{"type":"LineString","coordinates":[[12.499162,41.902319],[12.499557,41.902563]]}},{"type":"Feature","properties":{"mode":"bus","n":14,"arr":["66","75","90","223","310","360","649","910","C2","C3","F20","nMB1","nMB","P20"],"lines":"66, 75, 90, 223, 310, 360, 649, 910, C2, C3, F20, nMB1, nMB, P20"},"geometry":{"type":"LineString","coordinates":[[12.499557,41.902563],[12.500742,41.903306],[12.500976,41.903422]]}},{"type":"Feature","properties":{"mode":"bus","n":6,"arr":["66","90","92","223","360","492"],"lines":"66, 90, 92, 223, 360, 492"},"geometry":{"type":"LineString","coordinates":[[12.500976,41.903422],[12.500895,41.903492]]}},{"type":"Feature","properties":{"mode":"bus","n":5,"arr":["66","311","350","A70","n66"],"lines":"66, 311, 350, A70, n66"},"geometry":{"type":"LineString","coordinates":[[12.550613,41.935548],[12.551045,41.934706],[12.551059,41.934688],[12.55108,41.934681],[12.551107,41.934685],[12.553431,41.935345]]}},{"type":"Feature","properties":{"mode":"bus","n":5,"arr":["66","82","211","211F","351"],"lines":"66, 82, 211, 211F, 351"},"geometry":{"type":"LineString","coordinates":[[12.535991,41.934892],[12.535915,41.934942]]}},{"type":"Feature","properties":{"mode":"bus","n":5,"arr":["69","92","135","235","n92"],"lines":"69, 92, 135, 235, n92"},"geometry":{"type":"LineString","coordinates":[[12.507906,41.940402],[12.507955,41.940186],[12.508089,41.939875],[12.508601,41.939005]]}},{"type":"Feature","properties":{"mode":"bus","n":5,"arr":["69","92","135","235","n92"],"lines":"69, 92, 135, 235, n92"},"geometry":{"type":"LineString","coordinates":[[12.508922,41.937506],[12.508965,41.938211],[12.509183,41.939209],[12.5092,41.93954],[12.509178,41.93966],[12.508645,41.940994]]}},{"type":"Feature","properties":{"mode":"bus","n":11,"arr":["69","200","226","301","446","628","911","C2","G70","n200","n201"],"lines":"69, 200, 226, 301, 446, 628, 911, C2, G70, n200, n201"},"geometry":{"type":"LineString","coordinates":[[12.462003,41.933946],[12.46192,41.933875]]}},{"type":"Feature","properties":{"mode":"bus","n":6,"arr":["69","93","339","349","435","C5"],"lines":"69, 93, 339, 349, 435, C5"},"geometry":{"type":"LineString","coordinates":[[12.525481,41.945958],[12.525783,41.945951]]}},{"type":"Feature","properties":{"mode":"bus","n":5,"arr":["69","339","349","435","C5"],"lines":"69, 339, 349, 435, C5"},"geometry":{"type":"LineString","coordinates":[[12.525783,41.945951],[12.526922,41.9459]]}},{"type":"Feature","properties":{"mode":"bus","n":7,"arr":["070","700","705","706","709","712","772"],"lines":"070, 700, 705, 706, 709, 712, 772"},"geometry":{"type":"LineString","coordinates":[[12.470514,41.828633],[12.470463,41.828587],[12.470431,41.828569],[12.470392,41.828565],[12.470296,41.828572],[12.470283,41.828573],[12.470274,41.828573],[12.470271,41.828572],[12.470273,41.828569],[12.47028,41.828566],[12.470292,41.828562],[12.470842,41.828383],[12.471392,41.828227],[12.471413,41.828223],[12.47143,41.828226],[12.471443,41.828234],[12.471453,41.828248],[12.471503,41.828352]]}},{"type":"Feature","properties":{"mode":"bus","n":7,"arr":["070","700","705","706","709","712","772"],"lines":"070, 700, 705, 706, 709, 712, 772"},"geometry":{"type":"LineString","coordinates":[[12.470248,41.828576],[12.469966,41.828659],[12.46981,41.828759],[12.469457,41.829164],[12.469455,41.829254],[12.469499,41.829291],[12.469506,41.829298],[12.469508,41.829303],[12.469506,41.829306],[12.469499,41.829308],[12.469487,41.829307],[12.469314,41.829287]]}},{"type":"Feature","properties":{"mode":"bus","n":7,"arr":["070","700","705","706","709","712","772"],"lines":"070, 700, 705, 706, 709, 712, 772"},"geometry":{"type":"LineString","coordinates":[[12.469643,41.828958],[12.469615,41.829079],[12.469653,41.82927]]}},{"type":"Feature","properties":{"mode":"bus","n":9,"arr":["070","700","706","709","712","772","778","789","789F"],"lines":"070, 700, 706, 709, 712, 772, 778, 789, 789F"},"geometry":{"type":"LineString","coordinates":[[12.469653,41.82927],[12.471192,41.828812]]}},{"type":"Feature","properties":{"mode":"bus","n":5,"arr":["705","712","778","789","789F"],"lines":"705, 712, 778, 789, 789F"},"geometry":{"type":"LineString","coordinates":[[12.469522,41.829311],[12.469653,41.82927]]}},{"type":"Feature","properties":{"mode":"bus","n":6,"arr":["070","700","772","778","789","789F"],"lines":"070, 700, 772, 778, 789, 789F"},"geometry":{"type":"LineString","coordinates":[[12.472188,41.825179],[12.472143,41.825211]]}},{"type":"Feature","properties":{"mode":"bus","n":5,"arr":["070","705","709","778","n070"],"lines":"070, 705, 709, 778, n070"},"geometry":{"type":"LineString","coordinates":[[12.463746,41.820093],[12.464895,41.8223],[12.464973,41.822553],[12.464972,41.822734],[12.464894,41.822993],[12.464372,41.824152],[12.464353,41.824416],[12.464421,41.824662]]}},{"type":"Feature","properties":{"mode":"bus","n":6,"arr":["070","705","709","778","C10","n070"],"lines":"070, 705, 709, 778, C10, n070"},"geometry":{"type":"LineString","coordinates":[[12.463746,41.820093],[12.463129,41.818898]]}},{"type":"Feature","properties":{"mode":"bus","n":5,"arr":["070","705","709","C10","n070"],"lines":"070, 705, 709, C10, n070"},"geometry":{"type":"LineString","coordinates":[[12.463129,41.818898],[12.462945,41.81854]]}},{"type":"Feature","properties":{"mode":"bus","n":8,"arr":["070","700","705","706","709","724","C10","n070"],"lines":"070, 700, 705, 706, 709, 724, C10, n070"},"geometry":{"type":"LineString","coordinates":[[12.462945,41.81854],[12.462561,41.817789]]}},{"type":"Feature","properties":{"mode":"bus","n":5,"arr":["070","700","709","724","C10"],"lines":"070, 700, 709, 724, C10"},"geometry":{"type":"LineString","coordinates":[[12.462561,41.817789],[12.462291,41.817499],[12.461575,41.816161]]}},{"type":"Feature","properties":{"mode":"bus","n":5,"arr":["070","700","709","788","C10"],"lines":"070, 700, 709, 788, C10"},"geometry":{"type":"LineString","coordinates":[[12.453735,41.808665],[12.453636,41.808715],[12.453585,41.808783],[12.453578,41.808959]]}},{"type":"Feature","properties":{"mode":"bus","n":6,"arr":["070","700","709","778","788","C10"],"lines":"070, 700, 709, 778, 788, C10"},"geometry":{"type":"LineString","coordinates":[[12.453578,41.808959],[12.453791,41.809712]]}},{"type":"Feature","properties":{"mode":"bus","n":5,"arr":["070","700","709","778","788"],"lines":"070, 700, 709, 778, 788"},"geometry":{"type":"LineString","coordinates":[[12.453683,41.810069],[12.453452,41.810127]]}},{"type":"Feature","properties":{"mode":"bus","n":5,"arr":["070","700","709","778","788"],"lines":"070, 700, 709, 778, 788"},"geometry":{"type":"LineString","coordinates":[[12.453072,41.810013],[12.453083,41.809937],[12.452842,41.809383]]}},{"type":"Feature","properties":{"mode":"bus","n":5,"arr":["070","700","709","778","788"],"lines":"070, 700, 709, 778, 788"},"geometry":{"type":"LineString","coordinates":[[12.452794,41.809021],[12.452884,41.808943],[12.453272,41.808792]]}},{"type":"Feature","properties":{"mode":"bus","n":5,"arr":["070","709","712","C13","n070"],"lines":"070, 709, 712, C13, n070"},"geometry":{"type":"LineString","coordinates":[[12.396834,41.775652],[12.384225,41.765996]]}},{"type":"Feature","properties":{"mode":"bus","n":5,"arr":["070","709","712","C13","n070"],"lines":"070, 709, 712, C13, n070"},"geometry":{"type":"LineString","coordinates":[[12.382955,41.76516],[12.382849,41.765072]]}},{"type":"Feature","properties":{"mode":"bus","n":5,"arr":["070","709","712","C13","n070"],"lines":"070, 709, 712, C13, n070"},"geometry":{"type":"LineString","coordinates":[[12.383162,41.765029],[12.395385,41.774396]]}},{"type":"Feature","properties":{"mode":"bus","n":5,"arr":["070","700","706","709","n070"],"lines":"070, 700, 706, 709, n070"},"geometry":{"type":"LineString","coordinates":[[12.461926,41.816],[12.460287,41.813119],[12.460136,41.812808],[12.460058,41.812569]]}},{"type":"Feature","properties":{"mode":"bus","n":6,"arr":["070","700","706","709","724","n070"],"lines":"070, 700, 706, 709, 724, n070"},"geometry":{"type":"LineString","coordinates":[[12.462557,41.817422],[12.462557,41.817246],[12.461926,41.816]]}},{"type":"Feature","properties":{"mode":"bus","n":6,"arr":["070","705","709","778","C01","n070"],"lines":"070, 705, 709, 778, C01, n070"},"geometry":{"type":"LineString","coordinates":[[12.46755,41.823746],[12.467392,41.82353],[12.467171,41.823359],[12.465662,41.822738],[12.465353,41.822565],[12.465195,41.822429],[12.46475,41.821638],[12.462955,41.818166]]}},{"type":"Feature","properties":{"mode":"bus","n":9,"arr":["070","73","671","705","709","780","791","L05","n070"],"lines":"070, 73, 671, 705, 709, 780, 791, L05, n070"},"geometry":{"type":"LineString","coordinates":[[12.468933,41.826401],[12.46755,41.823746]]}},{"type":"Feature","properties":{"mode":"bus","n":13,"arr":["070","73","671","700","705","706","709","714","772","780","791","L05","n070"],"lines":"070, 73, 671, 700, 705, 706, 709, 714, 772, 780, 791, L05, n070"},"geometry":{"type":"LineString","coordinates":[[12.469188,41.829163],[12.469687,41.828535],[12.469781,41.828311],[12.469795,41.82813],[12.469727,41.827895],[12.468933,41.826401]]}},{"type":"Feature","properties":{"mode":"bus","n":7,"arr":["070","700","705","706","709","772","L05"],"lines":"070, 700, 705, 706, 709, 772, L05"},"geometry":{"type":"LineString","coordinates":[[12.469188,41.829188],[12.469188,41.829163]]}},{"type":"Feature","properties":{"mode":"bus","n":6,"arr":["070","700","705","706","709","772"],"lines":"070, 700, 705, 706, 709, 772"},"geometry":{"type":"LineString","coordinates":[[12.469314,41.829287],[12.469218,41.829248],[12.469188,41.829188]]}},{"type":"Feature","properties":{"mode":"bus","n":9,"arr":["70","81","87","100","492","990","G03","n70","n913"],"lines":"70, 81, 87, 100, 492, 990, G03, n70, n913"},"geometry":{"type":"LineString","coordinates":[[12.475084,41.904923],[12.475307,41.904775],[12.475386,41.904647]]}},{"type":"Feature","properties":{"mode":"bus","n":13,"arr":["70","81","87","100","119","492","628","990","C3","G03","n70","n201","n913"],"lines":"70, 81, 87, 100, 119, 492, 628, 990, C3, G03, n70, n201, n913"},"geometry":{"type":"LineString","coordinates":[[12.475386,41.904647],[12.475379,41.904452]]}},{"type":"Feature","properties":{"mode":"bus","n":11,"arr":["70","81","87","492","628","990","C3","G03","n70","n201","n913"],"lines":"70, 81, 87, 492, 628, 990, C3, G03, n70, n201, n913"},"geometry":{"type":"LineString","coordinates":[[12.475379,41.904452],[12.475326,41.904112]]}},{"type":"Feature","properties":{"mode":"bus","n":10,"arr":["70","81","87","492","628","990","C3","n70","n201","n913"],"lines":"70, 81, 87, 492, 628, 990, C3, n70, n201, n913"},"geometry":{"type":"LineString","coordinates":[[12.475326,41.904112],[12.475176,41.90315]]}},{"type":"Feature","properties":{"mode":"bus","n":11,"arr":["70","81","87","100","492","628","990","C3","n70","n201","n913"],"lines":"70, 81, 87, 100, 492, 628, 990, C3, n70, n201, n913"},"geometry":{"type":"LineString","coordinates":[[12.475176,41.90315],[12.472853,41.902364],[12.471729,41.901941]]}},{"type":"Feature","properties":{"mode":"bus","n":6,"arr":["70","87","100","280","492","n70"],"lines":"70, 87, 100, 280, 492, n70"},"geometry":{"type":"LineString","coordinates":[[12.470732,41.905789],[12.470669,41.905943],[12.470546,41.906038],[12.470422,41.906055],[12.470191,41.905963]]}},{"type":"Feature","properties":{"mode":"bus","n":8,"arr":["071","078","705","706","708","731","C13","n705"],"lines":"071, 078, 705, 706, 708, 731, C13, n705"},"geometry":{"type":"LineString","coordinates":[[12.452174,41.793199],[12.451883,41.792216],[12.45188,41.792207],[12.451877,41.792202],[12.451874,41.7922],[12.45187,41.792202],[12.451867,41.792207],[12.451863,41.792216],[12.451843,41.792273],[12.451766,41.792331],[12.451643,41.792384],[12.451471,41.792423],[12.451032,41.792324]]}},{"type":"Feature","properties":{"mode":"bus","n":8,"arr":["071","078","705","706","708","731","C13","n705"],"lines":"071, 078, 705, 706, 708, 731, C13, n705"},"geometry":{"type":"LineString","coordinates":[[12.451531,41.793129],[12.450967,41.793012]]}},{"type":"Feature","properties":{"mode":"bus","n":6,"arr":["071","078","708","731","C13","n705"],"lines":"071, 078, 708, 731, C13, n705"},"geometry":{"type":"LineString","coordinates":[[12.452132,41.793059],[12.452054,41.793016],[12.451994,41.793014],[12.451964,41.793018],[12.45194,41.793032],[12.451876,41.793088],[12.451854,41.793184]]}},{"type":"Feature","properties":{"mode":"bus","n":7,"arr":["071","078","705","706","708","731","n705"],"lines":"071, 078, 705, 706, 708, 731, n705"},"geometry":{"type":"LineString","coordinates":[[12.450967,41.793012],[12.44805,41.79243],[12.447726,41.792323],[12.447318,41.792123]]}},{"type":"Feature","properties":{"mode":"bus","n":7,"arr":["071","078","705","706","708","731","n705"],"lines":"071, 078, 705, 706, 708, 731, n705"},"geometry":{"type":"LineString","coordinates":[[12.446524,41.791034],[12.446594,41.791266],[12.44673,41.791542],[12.446913,41.791788],[12.447148,41.792007]]}},{"type":"Feature","properties":{"mode":"bus","n":7,"arr":["071","078","705","706","708","731","n705"],"lines":"071, 078, 705, 706, 708, 731, n705"},"geometry":{"type":"LineString","coordinates":[[12.451032,41.792324],[12.448409,41.791816],[12.448163,41.791741],[12.447878,41.791592],[12.447637,41.791391],[12.447472,41.791145],[12.44741,41.790934]]}},{"type":"Feature","properties":{"mode":"bus","n":6,"arr":["071","078","705","706","731","n705"],"lines":"071, 078, 705, 706, 731, n705"},"geometry":{"type":"LineString","coordinates":[[12.447318,41.792123],[12.447148,41.792007]]}},{"type":"Feature","properties":{"mode":"bus","n":20,"arr":["71","111","120F","135","163","211","309","409","441","448","490","492","495","545","A60","C2","n041","n409","nMB","P30"],"lines":"71, 111, 120F, 135, 163, 211, 309, 409, 441, 448, 490, 492, 495, 545, A60, C2, n041, n409, nMB, P30"},"geometry":{"type":"LineString","coordinates":[[12.530302,41.90969],[12.530086,41.909615]]}},{"type":"Feature","properties":{"mode":"bus","n":21,"arr":["71","111","120F","135","163","211","309","409","441","448","490","492","495","545","649","A60","C2","n041","n409","nMB","P30"],"lines":"71, 111, 120F, 135, 163, 211, 309, 409, 441, 448, 490, 492, 495, 545, 649, A60, C2, n041, n409, nMB, P30"},"geometry":{"type":"LineString","coordinates":[[12.530086,41.909615],[12.530017,41.909591]]}},{"type":"Feature","properties":{"mode":"bus","n":22,"arr":["71","111","120F","135","163","211","309","409","441","448","490","492","495","545","649","A60","C2","C3","n041","n409","nMB","P30"],"lines":"71, 111, 120F, 135, 163, 211, 309, 409, 441, 448, 490, 492, 495, 545, 649, A60, C2, C3, n041, n409, nMB, P30"},"geometry":{"type":"LineString","coordinates":[[12.530017,41.909591],[12.529845,41.909532],[12.52982,41.90952],[12.529805,41.909503],[12.5298,41.909481],[12.529793,41.9093]]}},{"type":"Feature","properties":{"mode":"bus","n":15,"arr":["71","111","163","211","409","441","448","492","545","A60","C2","n041","n409","nMB","P30"],"lines":"71, 111, 163, 211, 409, 441, 448, 492, 545, A60, C2, n041, n409, nMB, P30"},"geometry":{"type":"LineString","coordinates":[[12.527959,41.908547],[12.528612,41.908589],[12.529525,41.908912],[12.529658,41.908991],[12.529772,41.909105],[12.529808,41.909198],[12.529793,41.9093]]}},{"type":"Feature","properties":{"mode":"bus","n":6,"arr":["71","163","448","492","545","C2"],"lines":"71, 163, 448, 492, 545, C2"},"geometry":{"type":"LineString","coordinates":[[12.526915,41.908286],[12.527266,41.908408],[12.527959,41.908547]]}},{"type":"Feature","properties":{"mode":"bus","n":9,"arr":["71","120F","163","448","492","545","C2","P10","P20"],"lines":"71, 120F, 163, 448, 492, 545, C2, P10, P20"},"geometry":{"type":"LineString","coordinates":[[12.526915,41.908286],[12.526632,41.908224]]}},{"type":"Feature","properties":{"mode":"bus","n":14,"arr":["71","120F","163","448","490","492","495","545","649","C2","C3","nMB","P10","P20"],"lines":"71, 120F, 163, 448, 490, 492, 495, 545, 649, C2, C3, nMB, P10, P20"},"geometry":{"type":"LineString","coordinates":[[12.526632,41.908224],[12.525336,41.907874],[12.524874,41.907718],[12.524293,41.90744],[12.523751,41.90709]]}},{"type":"Feature","properties":{"mode":"bus","n":6,"arr":["120F","448","492","C2","P10","P20"],"lines":"120F, 448, 492, C2, P10, P20"},"geometry":{"type":"LineString","coordinates":[[12.523751,41.90709],[12.523083,41.906552],[12.521769,41.905317]]}},{"type":"Feature","properties":{"mode":"bus","n":5,"arr":["71","360","590","649","L08"],"lines":"71, 360, 590, 649, L08"},"geometry":{"type":"LineString","coordinates":[[12.49949,41.897269],[12.499556,41.897239]]}},{"type":"Feature","properties":{"mode":"bus","n":5,"arr":["71","492","C2","C3","n3s"],"lines":"71, 492, C2, C3, n3s"},"geometry":{"type":"LineString","coordinates":[[12.519112,41.901954],[12.518248,41.90092],[12.517455,41.900065],[12.517233,41.899908]]}},{"type":"Feature","properties":{"mode":"bus","n":10,"arr":["71","88","163","448","492","542","545","C2","C3","n3s"],"lines":"71, 88, 163, 448, 492, 542, 545, C2, C3, n3s"},"geometry":{"type":"LineString","coordinates":[[12.519384,41.902358],[12.519112,41.901954]]}},{"type":"Feature","properties":{"mode":"bus","n":7,"arr":["71","163","448","492","542","545","C3"],"lines":"71, 163, 448, 492, 542, 545, C3"},"geometry":{"type":"LineString","coordinates":[[12.521894,41.905291],[12.521198,41.9046],[12.52085,41.904215],[12.520513,41.903813],[12.519646,41.902604],[12.519384,41.902358]]}},{"type":"Feature","properties":{"mode":"bus","n":11,"arr":["71","163","448","490","492","495","542","545","649","C3","nMB"],"lines":"71, 163, 448, 490, 492, 495, 542, 545, 649, C3, nMB"},"geometry":{"type":"LineString","coordinates":[[12.522163,41.90554],[12.521894,41.905291]]}},{"type":"Feature","properties":{"mode":"bus","n":10,"arr":["71","163","448","490","492","495","545","649","C3","nMB"],"lines":"71, 163, 448, 490, 492, 495, 545, 649, C3, nMB"},"geometry":{"type":"LineString","coordinates":[[12.523751,41.90709],[12.523806,41.90705],[12.523819,41.907036],[12.523819,41.907022],[12.523807,41.907007],[12.523211,41.906539],[12.522163,41.90554]]}},{"type":"Feature","properties":{"mode":"bus","n":9,"arr":["71","490","492","495","545","649","C2","C3","nMB"],"lines":"71, 490, 492, 495, 545, 649, C2, C3, nMB"},"geometry":{"type":"LineString","coordinates":[[12.526632,41.908224],[12.527199,41.908216],[12.527531,41.908245],[12.528223,41.908369],[12.530155,41.909058]]}},{"type":"Feature","properties":{"mode":"bus","n":16,"arr":["71","111","135","211","409","441","490","492","495","545","649","C2","C3","n041","n409","nMB"],"lines":"71, 111, 135, 211, 409, 441, 490, 492, 495, 545, 649, C2, C3, n041, n409, nMB"},"geometry":{"type":"LineString","coordinates":[[12.530155,41.909058],[12.530188,41.909073]]}},{"type":"Feature","properties":{"mode":"bus","n":15,"arr":["71","111","135","211","409","490","492","495","545","649","C2","C3","n041","n409","nMB"],"lines":"71, 111, 135, 211, 409, 490, 492, 495, 545, 649, C2, C3, n041, n409, nMB"},"geometry":{"type":"LineString","coordinates":[[12.530188,41.909073],[12.53033,41.90913]]}},{"type":"Feature","properties":{"mode":"bus","n":11,"arr":["71","211","409","490","492","495","545","C2","n041","n409","nMB"],"lines":"71, 211, 409, 490, 492, 495, 545, C2, n041, n409, nMB"},"geometry":{"type":"LineString","coordinates":[[12.53033,41.90913],[12.530534,41.909214]]}},{"type":"Feature","properties":{"mode":"bus","n":5,"arr":["72","702","720","765","n716"],"lines":"72, 702, 720, 765, n716"},"geometry":{"type":"LineString","coordinates":[[12.480401,41.827091],[12.480386,41.827152]]}},{"type":"Feature","properties":{"mode":"bus","n":8,"arr":["72","74","702","720","765","n74","n705","n716"],"lines":"72, 74, 702, 720, 765, n74, n705, n716"},"geometry":{"type":"LineString","coordinates":[[12.480554,41.826971],[12.480401,41.827091]]}},{"type":"Feature","properties":{"mode":"bus","n":20,"arr":["72","74","671","723","763","764","772","C8","F10","F20","L03","L04","L07","L08","L30","L40","L60","L70","L80","n74"],"lines":"72, 74, 671, 723, 763, 764, 772, C8, F10, F20, L03, L04, L07, L08, L30, L40, L60, L70, L80, n74"},"geometry":{"type":"LineString","coordinates":[[12.478939,41.826484],[12.479017,41.825951]]}},{"type":"Feature","properties":{"mode":"bus","n":15,"arr":["72","74","723","762","763","772","C8","F10","F20","L30","L40","L60","L70","L80","n74"],"lines":"72, 74, 723, 762, 763, 772, C8, F10, F20, L30, L40, L60, L70, L80, n74"},"geometry":{"type":"LineString","coordinates":[[12.478885,41.825944],[12.478909,41.825826]]}},{"type":"Feature","properties":{"mode":"bus","n":15,"arr":["72","74","723","763","772","C8","F10","F20","L10","L30","L40","L60","L70","L80","n74"],"lines":"72, 74, 723, 763, 772, C8, F10, F20, L10, L30, L40, L60, L70, L80, n74"},"geometry":{"type":"LineString","coordinates":[[12.478909,41.825826],[12.479522,41.822698],[12.479677,41.822451],[12.480349,41.821706],[12.480979,41.82074],[12.481098,41.820487],[12.481135,41.82032]]}},{"type":"Feature","properties":{"mode":"bus","n":14,"arr":["72","74","723","763","C8","F10","F20","L10","L30","L40","L60","L70","L80","n74"],"lines":"72, 74, 723, 763, C8, F10, F20, L10, L30, L40, L60, L70, L80, n74"},"geometry":{"type":"LineString","coordinates":[[12.481135,41.82032],[12.481214,41.820168]]}},{"type":"Feature","properties":{"mode":"bus","n":14,"arr":["72","73","74","723","763","789","789F","C8","L10","L30","L60","L70","L80","n74"],"lines":"72, 73, 74, 723, 763, 789, 789F, C8, L10, L30, L60, L70, L80, n74"},"geometry":{"type":"LineString","coordinates":[[12.481214,41.820168],[12.48137,41.819632]]}},{"type":"Feature","properties":{"mode":"bus","n":12,"arr":["72","73","74","723","C8","L10","L30","L40","L60","L70","L80","n74"],"lines":"72, 73, 74, 723, C8, L10, L30, L40, L60, L70, L80, n74"},"geometry":{"type":"LineString","coordinates":[[12.48137,41.819632],[12.481981,41.818973]]}},{"type":"Feature","properties":{"mode":"bus","n":13,"arr":["72","73","74","723","763","C8","L10","L30","L40","L60","L70","L80","n74"],"lines":"72, 73, 74, 723, 763, C8, L10, L30, L40, L60, L70, L80, n74"},"geometry":{"type":"LineString","coordinates":[[12.481981,41.818973],[12.48207,41.818979]]}},{"type":"Feature","properties":{"mode":"bus","n":27,"arr":["72","73","74","723","789","789F","F01","F02","F10","F20","L01","L02","L03","L04","L05","L06","L07","L08","L10","L20","L30","L40","L50","L60","L70","L80","n74"],"lines":"72, 73, 74, 723, 789, 789F, F01, F02, F10, F20, L01, L02, L03, L04, L05, L06, L07, L08, L10, L20, L30, L40, L50, L60, L70, L80, n74"},"geometry":{"type":"LineString","coordinates":[[12.48207,41.818979],[12.483481,41.817327],[12.484103,41.816454],[12.484374,41.815946]]}},{"type":"Feature","properties":{"mode":"bus","n":22,"arr":["72","73","74","723","789","789F","C8","F01","F02","F10","F20","L01","L02","L03","L04","L05","L06","L07","L08","L20","L50","n74"],"lines":"72, 73, 74, 723, 789, 789F, C8, F01, F02, F10, F20, L01, L02, L03, L04, L05, L06, L07, L08, L20, L50, n74"},"geometry":{"type":"LineString","coordinates":[[12.481657,41.819536],[12.481793,41.819306],[12.48207,41.818979]]}},{"type":"Feature","properties":{"mode":"bus","n":23,"arr":["72","73","74","723","789","789F","C8","F01","F02","F10","F20","L01","L02","L03","L04","L05","L06","L07","L08","L20","L40","L50","n74"],"lines":"72, 73, 74, 723, 789, 789F, C8, F01, F02, F10, F20, L01, L02, L03, L04, L05, L06, L07, L08, L20, L40, L50, n74"},"geometry":{"type":"LineString","coordinates":[[12.481657,41.819536],[12.481334,41.820157]]}},{"type":"Feature","properties":{"mode":"bus","n":25,"arr":["72","73","74","723","F01","F02","F10","F20","L01","L02","L03","L04","L05","L06","L07","L08","L10","L20","L30","L40","L50","L60","L70","L80","n74"],"lines":"72, 73, 74, 723, F01, F02, F10, F20, L01, L02, L03, L04, L05, L06, L07, L08, L10, L20, L30, L40, L50, L60, L70, L80, n74"},"geometry":{"type":"LineString","coordinates":[[12.484374,41.815946],[12.484224,41.81597]]}},{"type":"Feature","properties":{"mode":"bus","n":26,"arr":["72","73","74","723","C8","F01","F02","F10","F20","L01","L02","L03","L04","L05","L06","L07","L08","L10","L20","L30","L40","L50","L60","L70","L80","n74"],"lines":"72, 73, 74, 723, C8, F01, F02, F10, F20, L01, L02, L03, L04, L05, L06, L07, L08, L10, L20, L30, L40, L50, L60, L70, L80, n74"},"geometry":{"type":"LineString","coordinates":[[12.485827,41.813188],[12.485163,41.81397],[12.484989,41.814223],[12.484224,41.81597]]}},{"type":"Feature","properties":{"mode":"bus","n":24,"arr":["72","73","74","C8","F01","F02","F10","F20","L01","L02","L03","L04","L05","L06","L07","L08","L10","L20","L30","L40","L50","L60","L70","L80"],"lines":"72, 73, 74, C8, F01, F02, F10, F20, L01, L02, L03, L04, L05, L06, L07, L08, L10, L20, L30, L40, L50, L60, L70, L80"},"geometry":{"type":"LineString","coordinates":[[12.484944,41.809135],[12.485136,41.809707],[12.485277,41.809995],[12.485405,41.810184],[12.486014,41.81089],[12.48613,41.811067],[12.486255,41.811362],[12.486295,41.811812],[12.486201,41.812594],[12.486082,41.812864],[12.485827,41.813188]]}},{"type":"Feature","properties":{"mode":"bus","n":20,"arr":["72","73","74","C8","L01","L02","L03","L04","L05","L06","L07","L08","L10","L20","L30","L40","L50","L60","L70","L80"],"lines":"72, 73, 74, C8, L01, L02, L03, L04, L05, L06, L07, L08, L10, L20, L30, L40, L50, L60, L70, L80"},"geometry":{"type":"LineString","coordinates":[[12.48487,41.808829],[12.484908,41.808987]]}},{"type":"Feature","properties":{"mode":"bus","n":22,"arr":["72","73","74","C8","F10","F20","L01","L02","L03","L04","L05","L06","L07","L08","L10","L20","L30","L40","L50","L60","L70","L80"],"lines":"72, 73, 74, C8, F10, F20, L01, L02, L03, L04, L05, L06, L07, L08, L10, L20, L30, L40, L50, L60, L70, L80"},"geometry":{"type":"LineString","coordinates":[[12.484908,41.808987],[12.484944,41.809135]]}},{"type":"Feature","properties":{"mode":"bus","n":21,"arr":["72","73","74","C8","L01","L02","L03","L04","L05","L06","L07","L08","L10","L20","L30","L40","L50","L60","L70","L80","n74"],"lines":"72, 73, 74, C8, L01, L02, L03, L04, L05, L06, L07, L08, L10, L20, L30, L40, L50, L60, L70, L80, n74"},"geometry":{"type":"LineString","coordinates":[[12.48487,41.808829],[12.484346,41.806858]]}},{"type":"Feature","properties":{"mode":"bus","n":13,"arr":["72","73","74","C8","L10","L20","L30","L40","L50","L60","L70","L80","n74"],"lines":"72, 73, 74, C8, L10, L20, L30, L40, L50, L60, L70, L80, n74"},"geometry":{"type":"LineString","coordinates":[[12.484346,41.806858],[12.484185,41.8064],[12.483863,41.805737]]}},{"type":"Feature","properties":{"mode":"bus","n":8,"arr":["72","73","74","C8","L10","L20","L50","n74"],"lines":"72, 73, 74, C8, L10, L20, L50, n74"},"geometry":{"type":"LineString","coordinates":[[12.483863,41.805737],[12.483379,41.805012],[12.482725,41.804256]]}},{"type":"Feature","properties":{"mode":"bus","n":16,"arr":["72","73","74","C8","L01","L02","L03","L04","L05","L06","L07","L08","L10","L20","L50","n74"],"lines":"72, 73, 74, C8, L01, L02, L03, L04, L05, L06, L07, L08, L10, L20, L50, n74"},"geometry":{"type":"LineString","coordinates":[[12.482725,41.804256],[12.482469,41.803989]]}},{"type":"Feature","properties":{"mode":"bus","n":8,"arr":["72","C8","C11","L30","L40","L60","L70","L80"],"lines":"72, C8, C11, L30, L40, L60, L70, L80"},"geometry":{"type":"LineString","coordinates":[[12.481336,41.801827],[12.481109,41.801223]]}},{"type":"Feature","properties":{"mode":"bus","n":13,"arr":["72","74","723","C8","F01","F02","L01","L03","L04","L06","L07","L08","n74"],"lines":"72, 74, 723, C8, F01, F02, L01, L03, L04, L06, L07, L08, n74"},"geometry":{"type":"LineString","coordinates":[[12.481334,41.820157],[12.48113,41.8207],[12.480491,41.821719],[12.480245,41.822018],[12.479799,41.822474]]}},{"type":"Feature","properties":{"mode":"bus","n":15,"arr":["72","74","723","763","772","C8","F01","F02","L01","L03","L04","L06","L07","L08","n74"],"lines":"72, 74, 723, 763, 772, C8, F01, F02, L01, L03, L04, L06, L07, L08, n74"},"geometry":{"type":"LineString","coordinates":[[12.479799,41.822474],[12.479677,41.822647],[12.479619,41.8228],[12.479017,41.825951]]}},{"type":"Feature","properties":{"mode":"bus","n":5,"arr":["73","708","762","777","n070"],"lines":"73, 708, 762, 777, n070"},"geometry":{"type":"LineString","coordinates":[[12.471988,41.83678],[12.471837,41.836823]]}},{"type":"Feature","properties":{"mode":"bus","n":5,"arr":["73","708","762","777","n070"],"lines":"73, 708, 762, 777, n070"},"geometry":{"type":"LineString","coordinates":[[12.471716,41.836279],[12.471578,41.836316]]}},{"type":"Feature","properties":{"mode":"bus","n":6,"arr":["73","708","762","777","788","n070"],"lines":"73, 708, 762, 777, 788, n070"},"geometry":{"type":"LineString","coordinates":[[12.471837,41.836823],[12.471695,41.836864]]}},{"type":"Feature","properties":{"mode":"bus","n":6,"arr":["73","708","762","777","788","n070"],"lines":"73, 708, 762, 777, 788, n070"},"geometry":{"type":"LineString","coordinates":[[12.471578,41.836316],[12.471434,41.836355]]}},{"type":"Feature","properties":{"mode":"bus","n":7,"arr":["73","708","724","762","777","788","n070"],"lines":"73, 708, 724, 762, 777, 788, n070"},"geometry":{"type":"LineString","coordinates":[[12.471695,41.836864],[12.471602,41.836893]]}},{"type":"Feature","properties":{"mode":"bus","n":7,"arr":["73","708","724","762","777","788","n070"],"lines":"73, 708, 724, 762, 777, 788, n070"},"geometry":{"type":"LineString","coordinates":[[12.471434,41.836355],[12.471338,41.836381]]}},{"type":"Feature","properties":{"mode":"bus","n":10,"arr":["73","708","724","762","777","779","779F","788","L50","n070"],"lines":"73, 708, 724, 762, 777, 779, 779F, 788, L50, n070"},"geometry":{"type":"LineString","coordinates":[[12.471602,41.836893],[12.471495,41.836925]]}},{"type":"Feature","properties":{"mode":"bus","n":11,"arr":["73","170","708","724","762","777","779","779F","788","L50","n070"],"lines":"73, 170, 708, 724, 762, 777, 779, 779F, 788, L50, n070"},"geometry":{"type":"LineString","coordinates":[[12.471495,41.836925],[12.471399,41.836953]]}},{"type":"Feature","properties":{"mode":"bus","n":12,"arr":["73","170","708","724","762","767","777","779","779F","788","L50","n070"],"lines":"73, 170, 708, 724, 762, 767, 777, 779, 779F, 788, L50, n070"},"geometry":{"type":"LineString","coordinates":[[12.471399,41.836953],[12.47127,41.836991]]}},{"type":"Feature","properties":{"mode":"bus","n":13,"arr":["73","170","708","724","762","764","767","777","779","779F","788","L50","n070"],"lines":"73, 170, 708, 724, 762, 764, 767, 777, 779, 779F, 788, L50, n070"},"geometry":{"type":"LineString","coordinates":[[12.47127,41.836991],[12.470981,41.837074]]}},{"type":"Feature","properties":{"mode":"bus","n":14,"arr":["73","170","708","724","762","764","767","777","779","779F","788","L05","L50","n070"],"lines":"73, 170, 708, 724, 762, 764, 767, 777, 779, 779F, 788, L05, L50, n070"},"geometry":{"type":"LineString","coordinates":[[12.470981,41.837074],[12.469813,41.837408]]}},{"type":"Feature","properties":{"mode":"bus","n":13,"arr":["73","170","708","724","762","764","767","777","779","779F","C7","L50","n070"],"lines":"73, 170, 708, 724, 762, 764, 767, 777, 779, 779F, C7, L50, n070"},"geometry":{"type":"LineString","coordinates":[[12.469813,41.837408],[12.46971,41.83739],[12.469644,41.837336],[12.468842,41.835814]]}},{"type":"Feature","properties":{"mode":"bus","n":14,"arr":["73","170","708","724","762","767","777","779","779F","C7","L50","n070","nMB","nME"],"lines":"73, 170, 708, 724, 762, 767, 777, 779, 779F, C7, L50, n070, nMB, nME"},"geometry":{"type":"LineString","coordinates":[[12.468975,41.83565],[12.468842,41.835814]]}},{"type":"Feature","properties":{"mode":"bus","n":14,"arr":["73","708","724","762","764","767","777","779","779F","C7","L05","n070","nMB","nME"],"lines":"73, 708, 724, 762, 764, 767, 777, 779, 779F, C7, L05, n070, nMB, nME"},"geometry":{"type":"LineString","coordinates":[[12.468721,41.835608],[12.468175,41.835772]]}},{"type":"Feature","properties":{"mode":"bus","n":16,"arr":["73","170","708","724","762","764","767","777","779","779F","C7","L05","L50","n070","nMB","nME"],"lines":"73, 170, 708, 724, 762, 764, 767, 777, 779, 779F, C7, L05, L50, n070, nMB, nME"},"geometry":{"type":"LineString","coordinates":[[12.468975,41.83565],[12.468721,41.835608]]}},{"type":"Feature","properties":{"mode":"bus","n":14,"arr":["73","708","724","762","764","767","777","779","779F","C7","L50","n070","nMB","nME"],"lines":"73, 708, 724, 762, 764, 767, 777, 779, 779F, C7, L50, n070, nMB, nME"},"geometry":{"type":"LineString","coordinates":[[12.468842,41.835814],[12.468323,41.835957],[12.468296,41.83596],[12.468275,41.835953],[12.46826,41.835935],[12.468175,41.835772]]}},{"type":"Feature","properties":{"mode":"bus","n":15,"arr":["73","708","724","762","764","767","777","779","779F","C7","L05","L50","n070","nMB","nME"],"lines":"73, 708, 724, 762, 764, 767, 777, 779, 779F, C7, L05, L50, n070, nMB, nME"},"geometry":{"type":"LineString","coordinates":[[12.468175,41.835772],[12.466076,41.831731]]}},{"type":"Feature","properties":{"mode":"bus","n":13,"arr":["73","708","712","777","779","779F","780","788","L05","L50","n070","n705","nME"],"lines":"73, 708, 712, 777, 779, 779F, 780, 788, L05, L50, n070, n705, nME"},"geometry":{"type":"LineString","coordinates":[[12.466076,41.831731],[12.465431,41.830487]]}},{"type":"Feature","properties":{"mode":"bus","n":12,"arr":["73","708","712","777","779","779F","780","788","L05","n070","n705","nME"],"lines":"73, 708, 712, 777, 779, 779F, 780, 788, L05, n070, n705, nME"},"geometry":{"type":"LineString","coordinates":[[12.465665,41.830633],[12.465528,41.830671]]}},{"type":"Feature","properties":{"mode":"bus","n":5,"arr":["73","780","L05","L50","n070"],"lines":"73, 780, L05, L50, n070"},"geometry":{"type":"LineString","coordinates":[[12.468557,41.829568],[12.466469,41.830187]]}},{"type":"Feature","properties":{"mode":"bus","n":11,"arr":["73","708","779","779F","780","788","L05","L50","n070","n705","nME"],"lines":"73, 708, 779, 779F, 780, 788, L05, L50, n070, n705, nME"},"geometry":{"type":"LineString","coordinates":[[12.466469,41.830187],[12.465431,41.830487]]}},{"type":"Feature","properties":{"mode":"bus","n":7,"arr":["73","789","789F","L02","L05","L20","L50"],"lines":"73, 789, 789F, L02, L05, L20, L50"},"geometry":{"type":"LineString","coordinates":[[12.471746,41.822616],[12.471586,41.822657]]}},{"type":"Feature","properties":{"mode":"bus","n":7,"arr":["73","789","789F","L02","L05","L20","L50"],"lines":"73, 789, 789F, L02, L05, L20, L50"},"geometry":{"type":"LineString","coordinates":[[12.481123,41.820186],[12.481214,41.820168]]}},{"type":"Feature","properties":{"mode":"bus","n":8,"arr":["73","700","706","772","L02","L05","L20","L50"],"lines":"73, 700, 706, 772, L02, L05, L20, L50"},"geometry":{"type":"LineString","coordinates":[[12.471994,41.822724],[12.471746,41.822616]]}},{"type":"Feature","properties":{"mode":"bus","n":9,"arr":["73","700","706","724","772","L02","L05","L20","L50"],"lines":"73, 700, 706, 724, 772, L02, L05, L20, L50"},"geometry":{"type":"LineString","coordinates":[[12.47204,41.82274],[12.471994,41.822724]]}},{"type":"Feature","properties":{"mode":"bus","n":8,"arr":["73","724","789","789F","L02","L05","L20","L50"],"lines":"73, 724, 789, 789F, L02, L05, L20, L50"},"geometry":{"type":"LineString","coordinates":[[12.479006,41.820698],[12.472276,41.822489],[12.472105,41.82258],[12.47204,41.82274]]}},{"type":"Feature","properties":{"mode":"bus","n":9,"arr":["73","724","772","789","789F","L02","L05","L20","L50"],"lines":"73, 724, 772, 789, 789F, L02, L05, L20, L50"},"geometry":{"type":"LineString","coordinates":[[12.480115,41.820393],[12.479006,41.820698]]}},{"type":"Feature","properties":{"mode":"bus","n":8,"arr":["73","772","789","789F","L02","L05","L20","L50"],"lines":"73, 772, 789, 789F, L02, L05, L20, L50"},"geometry":{"type":"LineString","coordinates":[[12.481123,41.820186],[12.480515,41.820287],[12.480115,41.820393]]}},{"type":"Feature","properties":{"mode":"bus","n":8,"arr":["73","74","723","L30","L40","L60","L80","n74"],"lines":"73, 74, 723, L30, L40, L60, L80, n74"},"geometry":{"type":"LineString","coordinates":[[12.48137,41.819632],[12.481455,41.819647]]}},{"type":"Feature","properties":{"mode":"bus","n":5,"arr":["73","74","788","C11","n74"],"lines":"73, 74, 788, C11, n74"},"geometry":{"type":"LineString","coordinates":[[12.482581,41.803599],[12.483437,41.803297],[12.48454,41.803029],[12.486322,41.802376],[12.486512,41.802277],[12.486518,41.802275],[12.486524,41.802275],[12.486529,41.802277],[12.486534,41.802282],[12.48654,41.802291],[12.486545,41.802296],[12.48655,41.802299],[12.486556,41.802299],[12.486563,41.802297],[12.48764,41.801861],[12.48874,41.801484]]}},{"type":"Feature","properties":{"mode":"bus","n":10,"arr":["73","789","789F","F10","F20","L02","L05","L20","L40","L50"],"lines":"73, 789, 789F, F10, F20, L02, L05, L20, L40, L50"},"geometry":{"type":"LineString","coordinates":[[12.481334,41.820157],[12.481214,41.820168]]}},{"type":"Feature","properties":{"mode":"bus","n":7,"arr":["73","671","714","780","791","L05","n070"],"lines":"73, 671, 714, 780, 791, L05, n070"},"geometry":{"type":"LineString","coordinates":[[12.469188,41.829163],[12.469037,41.829362]]}},{"type":"Feature","properties":{"mode":"bus","n":13,"arr":["73","170","708","724","762","764","767","777","779","779F","C7","L05","n070"],"lines":"73, 170, 708, 724, 762, 764, 767, 777, 779, 779F, C7, L05, n070"},"geometry":{"type":"LineString","coordinates":[[12.469813,41.837408],[12.469842,41.837371],[12.469851,41.837351],[12.469847,41.837329],[12.468975,41.83565]]}},{"type":"Feature","properties":{"mode":"bus","n":7,"arr":["73","170","708","724","762","764","788"],"lines":"73, 170, 708, 724, 762, 764, 788"},"geometry":{"type":"LineString","coordinates":[[12.47121,41.836861],[12.47127,41.836991]]}},{"type":"Feature","properties":{"mode":"bus","n":8,"arr":["73","170","708","724","762","764","777","788"],"lines":"73, 170, 708, 724, 762, 764, 777, 788"},"geometry":{"type":"LineString","coordinates":[[12.47121,41.836861],[12.471014,41.836474]]}},{"type":"Feature","properties":{"mode":"bus","n":12,"arr":["73","170","708","724","762","767","777","779","779F","788","L05","n070"],"lines":"73, 170, 708, 724, 762, 767, 777, 779, 779F, 788, L05, n070"},"geometry":{"type":"LineString","coordinates":[[12.471112,41.836446],[12.471014,41.836474]]}},{"type":"Feature","properties":{"mode":"bus","n":8,"arr":["73","708","767","779","779F","788","L05","n070"],"lines":"73, 708, 767, 779, 779F, 788, L05, n070"},"geometry":{"type":"LineString","coordinates":[[12.471167,41.836552],[12.471112,41.836446]]}},{"type":"Feature","properties":{"mode":"bus","n":7,"arr":["73","708","767","779","779F","788","n070"],"lines":"73, 708, 767, 779, 779F, 788, n070"},"geometry":{"type":"LineString","coordinates":[[12.471167,41.836552],[12.471333,41.836872]]}},{"type":"Feature","properties":{"mode":"bus","n":10,"arr":["73","170","708","724","762","777","779","779F","788","n070"],"lines":"73, 170, 708, 724, 762, 777, 779, 779F, 788, n070"},"geometry":{"type":"LineString","coordinates":[[12.471226,41.836412],[12.471112,41.836446]]}},{"type":"Feature","properties":{"mode":"bus","n":9,"arr":["73","708","724","762","777","779","779F","788","n070"],"lines":"73, 708, 724, 762, 777, 779, 779F, 788, n070"},"geometry":{"type":"LineString","coordinates":[[12.471338,41.836381],[12.471226,41.836412]]}},{"type":"Feature","properties":{"mode":"bus","n":6,"arr":["73","708","779","779F","788","n070"],"lines":"73, 708, 779, 779F, 788, n070"},"geometry":{"type":"LineString","coordinates":[[12.47154,41.836771],[12.471338,41.836381]]}},{"type":"Feature","properties":{"mode":"bus","n":5,"arr":["075","451","508","A07","n543"],"lines":"075, 451, 508, A07, n543"},"geometry":{"type":"LineString","coordinates":[[12.575818,41.89774],[12.57579,41.897196]]}},{"type":"Feature","properties":{"mode":"bus","n":6,"arr":["075","150F","313","314","450","n543"],"lines":"075, 150F, 313, 314, 450, n543"},"geometry":{"type":"LineString","coordinates":[[12.575237,41.894948],[12.575192,41.894961]]}},{"type":"Feature","properties":{"mode":"bus","n":10,"arr":["75","310","492","649","910","C2","C3","nMB1","nMB","P20"],"lines":"75, 310, 492, 649, 910, C2, C3, nMB1, nMB, P20"},"geometry":{"type":"LineString","coordinates":[[12.500976,41.903422],[12.501125,41.903543]]}},{"type":"Feature","properties":{"mode":"bus","n":12,"arr":["75","310","492","649","910","C2","C3","n92","nMB1","nMB","P02","P20"],"lines":"75, 310, 492, 649, 910, C2, C3, n92, nMB1, nMB, P02, P20"},"geometry":{"type":"LineString","coordinates":[[12.501125,41.903543],[12.501884,41.903995]]}},{"type":"Feature","properties":{"mode":"bus","n":9,"arr":["310","492","649","C2","C3","nMB1","nMB","P02","P20"],"lines":"310, 492, 649, C2, C3, nMB1, nMB, P02, P20"},"geometry":{"type":"LineString","coordinates":[[12.502991,41.904695],[12.501953,41.90404]]}},{"type":"Feature","properties":{"mode":"bus","n":9,"arr":["310","492","649","C2","C3","nMB1","nMB","P02","P20"],"lines":"310, 492, 649, C2, C3, nMB1, nMB, P02, P20"},"geometry":{"type":"LineString","coordinates":[[12.505485,41.906224],[12.503088,41.904755]]}},{"type":"Feature","properties":{"mode":"bus","n":11,"arr":["75","310","492","649","910","C2","C3","nMB1","nMB","P02","P20"],"lines":"75, 310, 492, 649, 910, C2, C3, nMB1, nMB, P02, P20"},"geometry":{"type":"LineString","coordinates":[[12.503088,41.904755],[12.502991,41.904695]]}},{"type":"Feature","properties":{"mode":"bus","n":11,"arr":["75","310","492","649","910","C2","C3","nMB1","nMB","P02","P20"],"lines":"75, 310, 492, 649, 910, C2, C3, nMB1, nMB, P02, P20"},"geometry":{"type":"LineString","coordinates":[[12.501953,41.90404],[12.501884,41.903995]]}},{"type":"Feature","properties":{"mode":"bus","n":11,"arr":["75","310","492","649","910","C2","C3","n92","nMB1","nMB","P02"],"lines":"75, 310, 492, 649, 910, C2, C3, n92, nMB1, nMB, P02"},"geometry":{"type":"LineString","coordinates":[[12.500895,41.903492],[12.501125,41.903543]]}},{"type":"Feature","properties":{"mode":"bus","n":5,"arr":["77","769","775","n3d","n3s"],"lines":"77, 769, 775, n3d, n3s"},"geometry":{"type":"LineString","coordinates":[[12.480917,41.875717],[12.481106,41.875675],[12.481229,41.875678],[12.481374,41.875699],[12.481787,41.875816]]}},{"type":"Feature","properties":{"mode":"bus","n":5,"arr":["078","700","708","C13","n705"],"lines":"078, 700, 708, C13, n705"},"geometry":{"type":"LineString","coordinates":[[12.448648,41.806609],[12.449248,41.806267],[12.449503,41.806078]]}},{"type":"Feature","properties":{"mode":"bus","n":5,"arr":["078","700","708","C13","n705"],"lines":"078, 700, 708, C13, n705"},"geometry":{"type":"LineString","coordinates":[[12.449449,41.806743],[12.449,41.806972]]}},{"type":"Feature","properties":{"mode":"bus","n":5,"arr":["078","700","708","C13","n705"],"lines":"078, 700, 708, C13, n705"},"geometry":{"type":"LineString","coordinates":[[12.447864,41.798869],[12.447638,41.801268],[12.447722,41.802275],[12.4478,41.80252],[12.447805,41.802653],[12.447853,41.802726],[12.44794,41.802782],[12.448051,41.80282],[12.448178,41.802824],[12.449337,41.803618],[12.449924,41.804175],[12.450835,41.805137],[12.450872,41.805255],[12.450818,41.805412],[12.450099,41.806024]]}},{"type":"Feature","properties":{"mode":"bus","n":5,"arr":["078","706","708","C13","n705"],"lines":"078, 706, 708, C13, n705"},"geometry":{"type":"LineString","coordinates":[[12.452562,41.796064],[12.452511,41.796077]]}},{"type":"Feature","properties":{"mode":"bus","n":6,"arr":["078","705","706","708","C13","n705"],"lines":"078, 705, 706, 708, C13, n705"},"geometry":{"type":"LineString","coordinates":[[12.452562,41.796064],[12.451979,41.793631],[12.451929,41.793498],[12.451828,41.793359],[12.451701,41.793239],[12.451531,41.793129]]}},{"type":"Feature","properties":{"mode":"bus","n":5,"arr":["078","705","706","731","n705"],"lines":"078, 705, 706, 731, n705"},"geometry":{"type":"LineString","coordinates":[[12.440448,41.780737],[12.441313,41.782451],[12.44142,41.78274],[12.441442,41.782943],[12.441431,41.783119],[12.441371,41.78337],[12.441011,41.784336],[12.440591,41.785613],[12.440568,41.785849],[12.440589,41.786089],[12.440671,41.78641],[12.440777,41.786623],[12.440969,41.786882],[12.441253,41.787124],[12.441556,41.787302],[12.441915,41.787448],[12.442318,41.787554],[12.445215,41.788122],[12.445523,41.788246],[12.445743,41.788385],[12.445877,41.788512],[12.445986,41.788663],[12.446104,41.788925],[12.446524,41.791034]]}},{"type":"Feature","properties":{"mode":"bus","n":5,"arr":["078","705","706","731","n705"],"lines":"078, 705, 706, 731, n705"},"geometry":{"type":"LineString","coordinates":[[12.442519,41.777023],[12.441201,41.778042]]}},{"type":"Feature","properties":{"mode":"bus","n":5,"arr":["078","705","706","731","n705"],"lines":"078, 705, 706, 731, n705"},"geometry":{"type":"LineString","coordinates":[[12.44741,41.790934],[12.447113,41.789387],[12.446944,41.788663],[12.446727,41.788265],[12.446542,41.788057],[12.446331,41.787874],[12.445895,41.787625],[12.445509,41.787497],[12.442653,41.786915],[12.442229,41.786803],[12.441991,41.786686],[12.44175,41.786493],[12.441572,41.786283],[12.441494,41.786095],[12.441467,41.785867],[12.441523,41.785561],[12.442254,41.783468],[12.442327,41.783109],[12.442332,41.782847],[12.442282,41.782562],[12.442152,41.782231],[12.441076,41.780017],[12.441051,41.779841],[12.441074,41.779668],[12.441341,41.779048],[12.441655,41.778627],[12.443184,41.777462]]}},{"type":"Feature","properties":{"mode":"bus","n":5,"arr":["80","334","341","350","C5"],"lines":"80, 334, 341, 350, C5"},"geometry":{"type":"LineString","coordinates":[[12.530343,41.964711],[12.530818,41.9649],[12.531635,41.965548],[12.531908,41.965732],[12.531922,41.965744],[12.531927,41.965756],[12.531923,41.965769],[12.53191,41.965782],[12.531319,41.966228],[12.531304,41.966245],[12.531304,41.966263],[12.531318,41.96628],[12.532944,41.967541]]}},{"type":"Feature","properties":{"mode":"bus","n":5,"arr":["80","334","336","350","C5"],"lines":"80, 334, 336, 350, C5"},"geometry":{"type":"LineString","coordinates":[[12.527674,41.964596],[12.52786,41.964498],[12.528014,41.96448],[12.530167,41.964649]]}},{"type":"Feature","properties":{"mode":"bus","n":5,"arr":["80","334","336","350","C5"],"lines":"80, 334, 336, 350, C5"},"geometry":{"type":"LineString","coordinates":[[12.530022,41.96436],[12.529793,41.964493],[12.529565,41.964521],[12.528106,41.964409],[12.527931,41.964376],[12.527856,41.964334],[12.527759,41.964243],[12.527702,41.964139]]}},{"type":"Feature","properties":{"mode":"bus","n":5,"arr":["80","334","336","350","C5"],"lines":"80, 334, 336, 350, C5"},"geometry":{"type":"LineString","coordinates":[[12.527575,41.964738],[12.527416,41.964828],[12.527183,41.964847],[12.526934,41.964813],[12.526693,41.9647]]}},{"type":"Feature","properties":{"mode":"bus","n":6,"arr":["80","334","336","350","C5","G60"],"lines":"80, 334, 336, 350, C5, G60"},"geometry":{"type":"LineString","coordinates":[[12.527575,41.964738],[12.527674,41.964596]]}},{"type":"Feature","properties":{"mode":"bus","n":6,"arr":["80","334","336","350","C5","G60"],"lines":"80, 334, 336, 350, C5, G60"},"geometry":{"type":"LineString","coordinates":[[12.527702,41.964139],[12.527724,41.963421],[12.527657,41.963268],[12.527559,41.963174],[12.527397,41.963092],[12.527275,41.963067],[12.526114,41.96304]]}},{"type":"Feature","properties":{"mode":"bus","n":6,"arr":["80","334","336","350","C5","G06"],"lines":"80, 334, 336, 350, C5, G06"},"geometry":{"type":"LineString","coordinates":[[12.526027,41.963608],[12.526247,41.963665],[12.52642,41.96384],[12.526693,41.9647]]}},{"type":"Feature","properties":{"mode":"bus","n":9,"arr":["80","90","93","334","336","350","C5","G06","n90"],"lines":"80, 90, 93, 334, 336, 350, C5, G06, n90"},"geometry":{"type":"LineString","coordinates":[[12.525944,41.963051],[12.525754,41.963154],[12.5257,41.963282]]}},{"type":"Feature","properties":{"mode":"bus","n":8,"arr":["80","90","93","350","C5","G06","G60","n90"],"lines":"80, 90, 93, 350, C5, G06, G60, n90"},"geometry":{"type":"LineString","coordinates":[[12.525916,41.962746],[12.525675,41.962239],[12.525525,41.961837],[12.524809,41.959291]]}},{"type":"Feature","properties":{"mode":"bus","n":7,"arr":["80","90","93","350","C5","n90","P10"],"lines":"80, 90, 93, 350, C5, n90, P10"},"geometry":{"type":"LineString","coordinates":[[12.52427,41.958561],[12.524068,41.957865]]}},{"type":"Feature","properties":{"mode":"bus","n":6,"arr":["80","90","93","C5","n90","P10"],"lines":"80, 90, 93, C5, n90, P10"},"geometry":{"type":"LineString","coordinates":[[12.524068,41.957865],[12.524087,41.957703],[12.523302,41.95486]]}},{"type":"Feature","properties":{"mode":"bus","n":5,"arr":["80","90","93","C5","n90"],"lines":"80, 90, 93, C5, n90"},"geometry":{"type":"LineString","coordinates":[[12.523302,41.95486],[12.523162,41.954334],[12.523139,41.953976],[12.523236,41.953548],[12.523432,41.953168],[12.523778,41.952758],[12.525801,41.951158]]}},{"type":"Feature","properties":{"mode":"bus","n":5,"arr":["80","93","339","349","C5"],"lines":"80, 93, 339, 349, C5"},"geometry":{"type":"LineString","coordinates":[[12.525801,41.951158],[12.52573,41.951113]]}},{"type":"Feature","properties":{"mode":"bus","n":5,"arr":["80","93","349","C5","P10"],"lines":"80, 93, 349, C5, P10"},"geometry":{"type":"LineString","coordinates":[[12.52573,41.951113],[12.52663,41.950382]]}},{"type":"Feature","properties":{"mode":"bus","n":7,"arr":["80","90","93","339","349","C5","n90"],"lines":"80, 90, 93, 339, 349, C5, n90"},"geometry":{"type":"LineString","coordinates":[[12.525857,41.951199],[12.525801,41.951158]]}},{"type":"Feature","properties":{"mode":"bus","n":6,"arr":["80","90","93","350","C5","n90"],"lines":"80, 90, 93, 350, C5, n90"},"geometry":{"type":"LineString","coordinates":[[12.5242,41.9578],[12.524172,41.9577]]}},{"type":"Feature","properties":{"mode":"bus","n":6,"arr":["80","334","338","341","350","C5"],"lines":"80, 334, 338, 341, 350, C5"},"geometry":{"type":"LineString","coordinates":[[12.534217,41.966874],[12.534161,41.966825],[12.534148,41.966808],[12.534149,41.966791],[12.534164,41.966774],[12.534315,41.96666]]}},{"type":"Feature","properties":{"mode":"bus","n":6,"arr":["80","334","338","341","350","C5"],"lines":"80, 334, 338, 341, 350, C5"},"geometry":{"type":"LineString","coordinates":[[12.533014,41.967599],[12.533441,41.967304],[12.533459,41.967295],[12.533476,41.967296],[12.533493,41.967305],[12.533539,41.967342]]}},{"type":"Feature","properties":{"mode":"bus","n":5,"arr":["80","338","341","350","C5"],"lines":"80, 338, 341, 350, C5"},"geometry":{"type":"LineString","coordinates":[[12.533539,41.967342],[12.534217,41.966874]]}},{"type":"Feature","properties":{"mode":"bus","n":6,"arr":["81","104","412","541","545","nMC"],"lines":"81, 104, 412, 541, 545, nMC"},"geometry":{"type":"LineString","coordinates":[[12.539879,41.887528],[12.539723,41.887529],[12.53963,41.887487],[12.539536,41.887478],[12.536579,41.887635],[12.536553,41.887641],[12.536538,41.887654],[12.536534,41.887674],[12.536618,41.888696]]}},{"type":"Feature","properties":{"mode":"bus","n":6,"arr":["81","104","412","541","545","nMC"],"lines":"81, 104, 412, 541, 545, nMC"},"geometry":{"type":"LineString","coordinates":[[12.54292,41.8873],[12.541468,41.887385],[12.54116,41.887437]]}},{"type":"Feature","properties":{"mode":"bus","n":5,"arr":["81","412","541","545","nMC"],"lines":"81, 412, 541, 545, nMC"},"geometry":{"type":"LineString","coordinates":[[12.539706,41.887331],[12.539723,41.887529]]}},{"type":"Feature","properties":{"mode":"bus","n":5,"arr":["81","412","541","545","nMC"],"lines":"81, 412, 541, 545, nMC"},"geometry":{"type":"LineString","coordinates":[[12.539957,41.888683],[12.538681,41.888686]]}},{"type":"Feature","properties":{"mode":"bus","n":6,"arr":["81","105","105L","412","n11","nMC"],"lines":"81, 105, 105L, 412, n11, nMC"},"geometry":{"type":"LineString","coordinates":[[12.522839,41.888983],[12.522967,41.889027],[12.523217,41.889316],[12.523325,41.889505],[12.523674,41.889836],[12.523935,41.890043],[12.524319,41.890262],[12.524858,41.890466],[12.526938,41.891002],[12.527353,41.891168]]}},{"type":"Feature","properties":{"mode":"bus","n":5,"arr":["81","105","412","n11","nMC"],"lines":"81, 105, 412, n11, nMC"},"geometry":{"type":"LineString","coordinates":[[12.522012,41.887985],[12.52195,41.888002],[12.521936,41.888007],[12.52193,41.888014],[12.52193,41.888023],[12.521937,41.888033],[12.522839,41.888983]]}},{"type":"Feature","properties":{"mode":"bus","n":5,"arr":["81","105","412","n11","nMC"],"lines":"81, 105, 412, n11, nMC"},"geometry":{"type":"LineString","coordinates":[[12.522252,41.888373],[12.522387,41.888303]]}},{"type":"Feature","properties":{"mode":"bus","n":5,"arr":["81","218","665","792","nMC"],"lines":"81, 218, 665, 792, nMC"},"geometry":{"type":"LineString","coordinates":[[12.505456,41.88731],[12.505233,41.887224],[12.504626,41.887081]]}},{"type":"Feature","properties":{"mode":"bus","n":11,"arr":["81","117","218","665","714","792","F02","F20","L08","L80","nMC"],"lines":"81, 117, 218, 665, 714, 792, F02, F20, L08, L80, nMC"},"geometry":{"type":"LineString","coordinates":[[12.504626,41.887081],[12.504515,41.886837],[12.504289,41.886625],[12.503976,41.886389]]}},{"type":"Feature","properties":{"mode":"bus","n":9,"arr":["81","218","714","792","F02","F20","L08","L80","nMC"],"lines":"81, 218, 714, 792, F02, F20, L08, L80, nMC"},"geometry":{"type":"LineString","coordinates":[[12.503822,41.886264],[12.502941,41.885643]]}},{"type":"Feature","properties":{"mode":"bus","n":8,"arr":["81","218","714","792","F20","L08","L80","nMC"],"lines":"81, 218, 714, 792, F20, L08, L80, nMC"},"geometry":{"type":"LineString","coordinates":[[12.503976,41.886389],[12.503822,41.886264]]}},{"type":"Feature","properties":{"mode":"bus","n":8,"arr":["81","714","792","F02","F20","L08","L80","nMC"],"lines":"81, 714, 792, F02, F20, L08, L80, nMC"},"geometry":{"type":"LineString","coordinates":[[12.502941,41.885643],[12.502748,41.885441],[12.49956,41.883204],[12.499042,41.882812],[12.498697,41.882574],[12.498401,41.882457],[12.498216,41.882308]]}},{"type":"Feature","properties":{"mode":"bus","n":5,"arr":["81","714","792","F02","nMC"],"lines":"81, 714, 792, F02, nMC"},"geometry":{"type":"LineString","coordinates":[[12.503951,41.886146],[12.503822,41.886264]]}},{"type":"Feature","properties":{"mode":"bus","n":8,"arr":["81","104","409","412","541","545","n409","nMC"],"lines":"81, 104, 409, 412, 541, 545, n409, nMC"},"geometry":{"type":"LineString","coordinates":[[12.54243,41.888827],[12.54292,41.8873]]}},{"type":"Feature","properties":{"mode":"bus","n":5,"arr":["83","88","311","336","343"],"lines":"83, 88, 311, 336, 343"},"geometry":{"type":"LineString","coordinates":[[12.517588,41.944713],[12.523724,41.940917],[12.523799,41.940835],[12.523999,41.940745],[12.5269,41.938973],[12.527138,41.938776]]}},{"type":"Feature","properties":{"mode":"bus","n":5,"arr":["83","88","311","336","343"],"lines":"83, 88, 311, 336, 343"},"geometry":{"type":"LineString","coordinates":[[12.529003,41.94065],[12.528602,41.940937],[12.526747,41.942082]]}},{"type":"Feature","properties":{"mode":"bus","n":5,"arr":["83","88","311","336","343"],"lines":"83, 88, 311, 336, 343"},"geometry":{"type":"LineString","coordinates":[[12.525831,41.942633],[12.52494,41.941848],[12.524765,41.941762],[12.524718,41.941704],[12.524709,41.941644],[12.523929,41.940944],[12.523894,41.940923],[12.52385,41.940916],[12.523724,41.940917]]}},{"type":"Feature","properties":{"mode":"bus","n":7,"arr":["83","86","88","311","336","337","343"],"lines":"83, 86, 88, 311, 336, 337, 343"},"geometry":{"type":"LineString","coordinates":[[12.529265,41.940437],[12.529003,41.94065]]}},{"type":"Feature","properties":{"mode":"bus","n":6,"arr":["83","88","311","336","343","435"],"lines":"83, 88, 311, 336, 343, 435"},"geometry":{"type":"LineString","coordinates":[[12.526747,41.942082],[12.525831,41.942633]]}},{"type":"Feature","properties":{"mode":"bus","n":5,"arr":["85","409","657","660","765"],"lines":"85, 409, 657, 660, 765"},"geometry":{"type":"LineString","coordinates":[[12.536597,41.866973],[12.53649,41.866869]]}},{"type":"Feature","properties":{"mode":"bus","n":6,"arr":["85","409","657","660","671","765"],"lines":"85, 409, 657, 660, 671, 765"},"geometry":{"type":"LineString","coordinates":[[12.536501,41.867216],[12.536649,41.867137],[12.536668,41.867122],[12.536674,41.867104],[12.536667,41.867083],[12.536597,41.866973]]}},{"type":"Feature","properties":{"mode":"bus","n":6,"arr":["85","409","657","660","671","765"],"lines":"85, 409, 657, 660, 671, 765"},"geometry":{"type":"LineString","coordinates":[[12.535892,41.866726],[12.535754,41.866604]]}},{"type":"Feature","properties":{"mode":"bus","n":6,"arr":["85","409","657","663","664","n409"],"lines":"85, 409, 657, 663, 664, n409"},"geometry":{"type":"LineString","coordinates":[[12.536726,41.86782],[12.536461,41.867573]]}},{"type":"Feature","properties":{"mode":"bus","n":6,"arr":["85","409","657","n409","nMA","T02"],"lines":"85, 409, 657, n409, nMA, T02"},"geometry":{"type":"LineString","coordinates":[[12.536768,41.868175],[12.537207,41.868572]]}},{"type":"Feature","properties":{"mode":"bus","n":6,"arr":["85","87","663","664","n409","nMA"],"lines":"85, 87, 663, 664, n409, nMA"},"geometry":{"type":"LineString","coordinates":[[12.529124,41.870077],[12.529371,41.869931]]}},{"type":"Feature","properties":{"mode":"bus","n":5,"arr":["85","87","628","C3","L07"],"lines":"85, 87, 628, C3, L07"},"geometry":{"type":"LineString","coordinates":[[12.488838,41.885117],[12.483261,41.888186]]}},{"type":"Feature","properties":{"mode":"bus","n":7,"arr":["85","118","916","916F","C3","n201","n913"],"lines":"85, 118, 916, 916F, C3, n201, n913"},"geometry":{"type":"LineString","coordinates":[[12.48191,41.895021],[12.481915,41.895041]]}},{"type":"Feature","properties":{"mode":"bus","n":8,"arr":["85","150F","590","910","n5","n46","n543","nMA"],"lines":"85, 150F, 590, 910, n5, n46, n543, nMA"},"geometry":{"type":"LineString","coordinates":[[12.496091,41.905198],[12.496797,41.904626]]}},{"type":"Feature","properties":{"mode":"bus","n":7,"arr":["85","150F","590","n5","n46","n543","nMA"],"lines":"85, 150F, 590, n5, n46, n543, nMA"},"geometry":{"type":"LineString","coordinates":[[12.495387,41.905193],[12.495797,41.905332],[12.495875,41.905314],[12.496091,41.905198]]}},{"type":"Feature","properties":{"mode":"bus","n":5,"arr":["85","409","657","n409","T02"],"lines":"85, 409, 657, n409, T02"},"geometry":{"type":"LineString","coordinates":[[12.536527,41.867942],[12.536768,41.868175]]}},{"type":"Feature","properties":{"mode":"bus","n":7,"arr":["85","409","657","663","664","n409","T02"],"lines":"85, 409, 657, 663, 664, n409, T02"},"geometry":{"type":"LineString","coordinates":[[12.536019,41.867446],[12.536527,41.867942]]}},{"type":"Feature","properties":{"mode":"bus","n":10,"arr":["85","409","657","660","663","664","671","765","n409","T02"],"lines":"85, 409, 657, 660, 663, 664, 671, 765, n409, T02"},"geometry":{"type":"LineString","coordinates":[[12.53498,41.86647],[12.536019,41.867446]]}},{"type":"Feature","properties":{"mode":"bus","n":9,"arr":["85","409","657","660","663","664","765","n409","T02"],"lines":"85, 409, 657, 660, 663, 664, 765, n409, T02"},"geometry":{"type":"LineString","coordinates":[[12.534575,41.86608],[12.53498,41.86647]]}},{"type":"Feature","properties":{"mode":"bus","n":10,"arr":["85","409","657","660","663","664","765","L60","n409","T02"],"lines":"85, 409, 657, 660, 663, 664, 765, L60, n409, T02"},"geometry":{"type":"LineString","coordinates":[[12.532173,41.864673],[12.532692,41.864809],[12.533032,41.864938],[12.533335,41.865089],[12.533931,41.86548],[12.534575,41.86608]]}},{"type":"Feature","properties":{"mode":"bus","n":9,"arr":["85","409","657","660","663","664","765","L60","T02"],"lines":"85, 409, 657, 660, 663, 664, 765, L60, T02"},"geometry":{"type":"LineString","coordinates":[[12.531504,41.864449],[12.531645,41.86455],[12.532173,41.864673]]}},{"type":"Feature","properties":{"mode":"bus","n":11,"arr":["85","409","657","660","663","664","671","765","L60","n409","T02"],"lines":"85, 409, 657, 660, 663, 664, 671, 765, L60, n409, T02"},"geometry":{"type":"LineString","coordinates":[[12.531611,41.864201],[12.531504,41.864449]]}},{"type":"Feature","properties":{"mode":"bus","n":11,"arr":["85","409","657","660","663","664","671","765","L60","n409","T02"],"lines":"85, 409, 657, 660, 663, 664, 671, 765, L60, n409, T02"},"geometry":{"type":"LineString","coordinates":[[12.532656,41.862342],[12.532029,41.863274],[12.531792,41.863777]]}},{"type":"Feature","properties":{"mode":"bus","n":10,"arr":["85","657","660","663","664","671","765","L60","n409","T02"],"lines":"85, 657, 660, 663, 664, 671, 765, L60, n409, T02"},"geometry":{"type":"LineString","coordinates":[[12.531792,41.863777],[12.531611,41.864201]]}},{"type":"Feature","properties":{"mode":"bus","n":5,"arr":["85","657","671","n409","T02"],"lines":"85, 657, 671, n409, T02"},"geometry":{"type":"LineString","coordinates":[[12.532908,41.86242],[12.532794,41.862348],[12.532656,41.862342]]}},{"type":"Feature","properties":{"mode":"bus","n":11,"arr":["85","409","657","660","663","664","671","765","L06","n409","T02"],"lines":"85, 409, 657, 660, 663, 664, 671, 765, L06, n409, T02"},"geometry":{"type":"LineString","coordinates":[[12.535257,41.866277],[12.535043,41.865983],[12.533391,41.864242],[12.533118,41.863902],[12.532965,41.863616],[12.532876,41.863309],[12.532888,41.862809],[12.532934,41.862485],[12.532908,41.86242]]}},{"type":"Feature","properties":{"mode":"bus","n":8,"arr":["85","409","657","660","671","765","L06","T02"],"lines":"85, 409, 657, 660, 671, 765, L06, T02"},"geometry":{"type":"LineString","coordinates":[[12.535754,41.866604],[12.535557,41.866417],[12.535257,41.866277]]}},{"type":"Feature","properties":{"mode":"bus","n":5,"arr":["85","657","660","671","765"],"lines":"85, 657, 660, 671, 765"},"geometry":{"type":"LineString","coordinates":[[12.535957,41.866782],[12.535892,41.866726]]}},{"type":"Feature","properties":{"mode":"bus","n":6,"arr":["86","90","336","337","344","n90"],"lines":"86, 90, 336, 337, 344, n90"},"geometry":{"type":"LineString","coordinates":[[12.537585,41.943897],[12.536956,41.942636]]}},{"type":"Feature","properties":{"mode":"bus","n":5,"arr":["86","90","336","337","n90"],"lines":"86, 90, 336, 337, n90"},"geometry":{"type":"LineString","coordinates":[[12.536956,41.942636],[12.536722,41.942183],[12.536688,41.942013],[12.536503,41.941598],[12.535858,41.939582],[12.5357,41.939234],[12.534514,41.937313],[12.534206,41.936981],[12.534193,41.936969],[12.534179,41.936966],[12.534165,41.936969],[12.534151,41.93698],[12.533877,41.937265],[12.532412,41.939741]]}},{"type":"Feature","properties":{"mode":"bus","n":5,"arr":["86","90","336","337","n90"],"lines":"86, 90, 336, 337, n90"},"geometry":{"type":"LineString","coordinates":[[12.532112,41.940246],[12.531852,41.940715],[12.531807,41.940954],[12.53182,41.941209],[12.531943,41.941472],[12.532095,41.941645],[12.53224,41.941756],[12.532536,41.941898],[12.532904,41.941987],[12.533132,41.942003],[12.533327,41.941989],[12.533588,41.941926],[12.534677,41.941556],[12.535042,41.941494],[12.535302,41.941479],[12.536203,41.941804],[12.536562,41.942033],[12.536722,41.942183]]}},{"type":"Feature","properties":{"mode":"bus","n":5,"arr":["86","90","336","337","n90"],"lines":"86, 90, 336, 337, n90"},"geometry":{"type":"LineString","coordinates":[[12.534179,41.936951],[12.534231,41.936285],[12.534351,41.935524]]}},{"type":"Feature","properties":{"mode":"bus","n":6,"arr":["86","90","336","337","n90","n92"],"lines":"86, 90, 336, 337, n90, n92"},"geometry":{"type":"LineString","coordinates":[[12.534351,41.935524],[12.534367,41.935361]]}},{"type":"Feature","properties":{"mode":"bus","n":6,"arr":["86","311","338","343","351","n92"],"lines":"86, 311, 338, 343, 351, n92"},"geometry":{"type":"LineString","coordinates":[[12.534092,41.935418],[12.534255,41.935402],[12.534367,41.935361]]}},{"type":"Feature","properties":{"mode":"bus","n":5,"arr":["86","337","338","351","n92"],"lines":"86, 337, 338, 351, n92"},"geometry":{"type":"LineString","coordinates":[[12.528252,41.939215],[12.528014,41.939208],[12.527844,41.939267],[12.527714,41.93939],[12.527671,41.939545]]}},{"type":"Feature","properties":{"mode":"bus","n":5,"arr":["87","663","664","n409","nMA"],"lines":"87, 663, 664, n409, nMA"},"geometry":{"type":"LineString","coordinates":[[12.529371,41.869931],[12.529496,41.869738],[12.530011,41.869447],[12.530169,41.869208],[12.53018,41.869168],[12.530181,41.869154],[12.530174,41.869143],[12.530161,41.869134],[12.52984,41.868984]]}},{"type":"Feature","properties":{"mode":"bus","n":5,"arr":["87","360","590","665","nMA"],"lines":"87, 360, 590, 665, nMA"},"geometry":{"type":"LineString","coordinates":[[12.5116,41.884053],[12.509959,41.885409]]}},{"type":"Feature","properties":{"mode":"bus","n":5,"arr":["87","360","590","665","nMA"],"lines":"87, 360, 590, 665, nMA"},"geometry":{"type":"LineString","coordinates":[[12.508871,41.886153],[12.509083,41.88602],[12.509371,41.885695],[12.509672,41.885465],[12.50978,41.885286]]}},{"type":"Feature","properties":{"mode":"bus","n":6,"arr":["87","663","664","671","n409","nMA"],"lines":"87, 663, 664, 671, n409, nMA"},"geometry":{"type":"LineString","coordinates":[[12.529658,41.868778],[12.529336,41.869301],[12.529192,41.869471],[12.528808,41.869836]]}},{"type":"Feature","properties":{"mode":"bus","n":6,"arr":["87","663","664","671","n409","nMA"],"lines":"87, 663, 664, 671, n409, nMA"},"geometry":{"type":"LineString","coordinates":[[12.52984,41.868984],[12.529873,41.868919]]}},{"type":"Feature","properties":{"mode":"bus","n":5,"arr":["663","664","671","n409","nMA"],"lines":"663, 664, 671, n409, nMA"},"geometry":{"type":"LineString","coordinates":[[12.529873,41.868919],[12.530203,41.868157]]}},{"type":"Feature","properties":{"mode":"bus","n":7,"arr":["88","90","93","334","336","C5","n90"],"lines":"88, 90, 93, 334, 336, C5, n90"},"geometry":{"type":"LineString","coordinates":[[12.518219,41.969799],[12.518083,41.96948],[12.518006,41.969402],[12.517867,41.969327],[12.517056,41.969027],[12.515756,41.968815],[12.515569,41.968726],[12.515451,41.968636],[12.515265,41.968381],[12.515231,41.96826],[12.515236,41.968145],[12.515307,41.967945],[12.515387,41.96781],[12.515496,41.967693],[12.515662,41.96757]]}},{"type":"Feature","properties":{"mode":"bus","n":7,"arr":["88","90","93","334","336","C5","n90"],"lines":"88, 90, 93, 334, 336, C5, n90"},"geometry":{"type":"LineString","coordinates":[[12.518571,41.969672],[12.518093,41.969365],[12.517847,41.969239],[12.515951,41.968531],[12.515759,41.968396],[12.515647,41.968277],[12.515562,41.968114],[12.515539,41.967958],[12.515553,41.967811],[12.515662,41.96757],[12.518102,41.964961],[12.518255,41.964724]]}},{"type":"Feature","properties":{"mode":"bus","n":5,"arr":["88","92","339","349","350"],"lines":"88, 92, 339, 349, 350"},"geometry":{"type":"LineString","coordinates":[[12.517689,41.957903],[12.516221,41.956089],[12.515705,41.95558],[12.515314,41.955265],[12.514967,41.955089],[12.514627,41.954996],[12.514287,41.954981],[12.513633,41.95501]]}},{"type":"Feature","properties":{"mode":"bus","n":6,"arr":["88","92","339","344","349","350"],"lines":"88, 92, 339, 344, 349, 350"},"geometry":{"type":"LineString","coordinates":[[12.513172,41.954906],[12.512945,41.955024],[12.51274,41.955074],[12.512001,41.955018],[12.511375,41.954904],[12.511167,41.954906],[12.510971,41.954939],[12.51092,41.954978],[12.5109,41.955001],[12.510894,41.955028],[12.510902,41.955277],[12.510912,41.955309],[12.510938,41.955334],[12.510969,41.955354],[12.510982,41.95536],[12.510993,41.955362],[12.511001,41.95536],[12.511008,41.955353],[12.511012,41.955342],[12.511034,41.955251]]}},{"type":"Feature","properties":{"mode":"bus","n":5,"arr":["88","92","344","349","350"],"lines":"88, 92, 344, 349, 350"},"geometry":{"type":"LineString","coordinates":[[12.511036,41.95542],[12.511004,41.955376]]}},{"type":"Feature","properties":{"mode":"bus","n":5,"arr":["88","163","448","542","545"],"lines":"88, 163, 448, 542, 545"},"geometry":{"type":"LineString","coordinates":[[12.519112,41.901954],[12.518947,41.901917],[12.518819,41.901946]]}},{"type":"Feature","properties":{"mode":"bus","n":5,"arr":["88","90","93","235","C5"],"lines":"88, 90, 93, 235, C5"},"geometry":{"type":"LineString","coordinates":[[12.519595,41.970148],[12.519148,41.969974],[12.518685,41.969751]]}},{"type":"Feature","properties":{"mode":"bus","n":6,"arr":["088","088F","792","882","H","n8"],"lines":"088, 088F, 792, 882, H, n8"},"geometry":{"type":"LineString","coordinates":[[12.439342,41.877312],[12.438581,41.877604],[12.43748,41.877816],[12.436988,41.877867],[12.436008,41.877867],[12.433539,41.878098],[12.433287,41.878105],[12.432874,41.878026],[12.43263,41.877912],[12.431549,41.877011],[12.431299,41.876888],[12.43113,41.876903],[12.430576,41.877052],[12.430411,41.87707],[12.426828,41.877057],[12.426519,41.877031],[12.426179,41.876945]]}},{"type":"Feature","properties":{"mode":"bus","n":6,"arr":["088","088F","792","882","H","n8"],"lines":"088, 088F, 792, 882, H, n8"},"geometry":{"type":"LineString","coordinates":[[12.438808,41.877683],[12.439565,41.877728]]}},{"type":"Feature","properties":{"mode":"bus","n":5,"arr":["088","088F","882","H","n8"],"lines":"088, 088F, 882, H, n8"},"geometry":{"type":"LineString","coordinates":[[12.438732,41.877558],[12.438808,41.877683]]}},{"type":"Feature","properties":{"mode":"bus","n":7,"arr":["89","168","235","310","544","nMB1","P10"],"lines":"89, 168, 235, 310, 544, nMB1, P10"},"geometry":{"type":"LineString","coordinates":[[12.51588,41.921806],[12.51569,41.921901],[12.512604,41.923088]]}},{"type":"Feature","properties":{"mode":"bus","n":5,"arr":["89","100","120F","150F","495"],"lines":"89, 100, 120F, 150F, 495"},"geometry":{"type":"LineString","coordinates":[[12.488007,41.909774],[12.487878,41.909743]]}},{"type":"Feature","properties":{"mode":"bus","n":6,"arr":["90","93","334","336","C5","n90"],"lines":"90, 93, 334, 336, C5, n90"},"geometry":{"type":"LineString","coordinates":[[12.518255,41.964724],[12.518971,41.964835],[12.519934,41.964934],[12.520796,41.964962],[12.521858,41.964841],[12.52315,41.964576]]}},{"type":"Feature","properties":{"mode":"bus","n":6,"arr":["90","93","334","336","C5","n90"],"lines":"90, 93, 334, 336, C5, n90"},"geometry":{"type":"LineString","coordinates":[[12.524968,41.964247],[12.523574,41.964523],[12.523198,41.96457],[12.523184,41.964572],[12.523176,41.964572],[12.523173,41.964571],[12.523175,41.96457],[12.523183,41.964567],[12.523195,41.964563],[12.523526,41.96447],[12.524843,41.964184],[12.525047,41.96401],[12.525611,41.963406],[12.5257,41.963282]]}},{"type":"Feature","properties":{"mode":"bus","n":5,"arr":["90","93","334","336","n90"],"lines":"90, 93, 334, 336, n90"},"geometry":{"type":"LineString","coordinates":[[12.525047,41.96401],[12.525052,41.964048]]}},{"type":"Feature","properties":{"mode":"bus","n":5,"arr":["90","336","338","344","n90"],"lines":"90, 336, 338, 344, n90"},"geometry":{"type":"LineString","coordinates":[[12.530167,41.949091],[12.532323,41.948558]]}},{"type":"Feature","properties":{"mode":"bus","n":5,"arr":["90","336","338","344","n90"],"lines":"90, 336, 338, 344, n90"},"geometry":{"type":"LineString","coordinates":[[12.530216,41.949211],[12.532382,41.948681]]}},{"type":"Feature","properties":{"mode":"bus","n":7,"arr":["90","336","338","339","344","349","n90"],"lines":"90, 336, 338, 339, 344, 349, n90"},"geometry":{"type":"LineString","coordinates":[[12.532594,41.948492],[12.532323,41.948558]]}},{"type":"Feature","properties":{"mode":"bus","n":6,"arr":["90","336","339","344","349","n90"],"lines":"90, 336, 339, 344, 349, n90"},"geometry":{"type":"LineString","coordinates":[[12.53451,41.948011],[12.532594,41.948492]]}},{"type":"Feature","properties":{"mode":"bus","n":6,"arr":["90","336","339","344","349","n90"],"lines":"90, 336, 339, 344, 349, n90"},"geometry":{"type":"LineString","coordinates":[[12.537115,41.947503],[12.53712,41.947368]]}},{"type":"Feature","properties":{"mode":"bus","n":5,"arr":["90","336","339","344","349"],"lines":"90, 336, 339, 344, 349"},"geometry":{"type":"LineString","coordinates":[[12.53712,41.947368],[12.53451,41.948011]]}},{"type":"Feature","properties":{"mode":"bus","n":5,"arr":["90","93","334","336","C5"],"lines":"90, 93, 334, 336, C5"},"geometry":{"type":"LineString","coordinates":[[12.525155,41.964131],[12.524968,41.964247]]}},{"type":"Feature","properties":{"mode":"bus","n":12,"arr":["91","146","190F","546","904","905","906","980","981","985","993","n904"],"lines":"91, 146, 190F, 546, 904, 905, 906, 980, 981, 985, 993, n904"},"geometry":{"type":"LineString","coordinates":[[12.408094,41.907025],[12.408603,41.90606],[12.408739,41.905353],[12.408869,41.905212],[12.409082,41.905072]]}},{"type":"Feature","properties":{"mode":"bus","n":12,"arr":["91","146","190F","546","904","905","906","980","981","985","993","n904"],"lines":"91, 146, 190F, 546, 904, 905, 906, 980, 981, 985, 993, n904"},"geometry":{"type":"LineString","coordinates":[[12.408822,41.9049],[12.408702,41.905019],[12.408561,41.905304],[12.408561,41.905778],[12.408493,41.906041],[12.407906,41.907089]]}},{"type":"Feature","properties":{"mode":"bus","n":11,"arr":["91","146","190F","546","904","905","980","981","985","993","n904"],"lines":"91, 146, 190F, 546, 904, 905, 980, 981, 985, 993, n904"},"geometry":{"type":"LineString","coordinates":[[12.399695,41.910478],[12.400367,41.910106],[12.401944,41.909347],[12.402262,41.909221],[12.40264,41.909107],[12.403562,41.908882],[12.403923,41.908818],[12.404739,41.90874],[12.405863,41.908706],[12.40621,41.908635],[12.406519,41.908527],[12.40698,41.90826],[12.407251,41.90805],[12.407909,41.907348],[12.408094,41.907025]]}},{"type":"Feature","properties":{"mode":"bus","n":11,"arr":["91","146","190F","546","904","905","980","981","985","993","n904"],"lines":"91, 146, 190F, 546, 904, 905, 980, 981, 985, 993, n904"},"geometry":{"type":"LineString","coordinates":[[12.407906,41.907089],[12.407825,41.907285],[12.407735,41.907408],[12.40718,41.907996],[12.406878,41.90823],[12.406419,41.908488],[12.406092,41.908586],[12.405679,41.908652],[12.404638,41.908672],[12.403995,41.908732],[12.403386,41.908842],[12.402602,41.909043],[12.402158,41.909179],[12.401823,41.909315],[12.401146,41.909665],[12.40039,41.910014],[12.39959,41.910441]]}},{"type":"Feature","properties":{"mode":"bus","n":11,"arr":["91","146","190F","546","904","905","980","981","985","993","n904"],"lines":"91, 146, 190F, 546, 904, 905, 980, 981, 985, 993, n904"},"geometry":{"type":"LineString","coordinates":[[12.403164,41.909026],[12.403148,41.908979]]}},{"type":"Feature","properties":{"mode":"bus","n":11,"arr":["91","146","190F","546","904","905","980","981","985","993","n904"],"lines":"91, 146, 190F, 546, 904, 905, 980, 981, 985, 993, n904"},"geometry":{"type":"LineString","coordinates":[[12.402687,41.909274],[12.40264,41.909107]]}},{"type":"Feature","properties":{"mode":"bus","n":10,"arr":["146","190F","546","904","905","980","981","985","993","n904"],"lines":"146, 190F, 546, 904, 905, 980, 981, 985, 993, n904"},"geometry":{"type":"LineString","coordinates":[[12.402704,41.909356],[12.402687,41.909274]]}},{"type":"Feature","properties":{"mode":"bus","n":10,"arr":["91","146","190F","904","905","980","981","985","993","n904"],"lines":"91, 146, 190F, 904, 905, 980, 981, 985, 993, n904"},"geometry":{"type":"LineString","coordinates":[[12.399231,41.910888],[12.399695,41.910478]]}},{"type":"Feature","properties":{"mode":"bus","n":9,"arr":["91","146","190F","904","905","980","985","993","n904"],"lines":"91, 146, 190F, 904, 905, 980, 985, 993, n904"},"geometry":{"type":"LineString","coordinates":[[12.399149,41.910946],[12.399231,41.910888]]}},{"type":"Feature","properties":{"mode":"bus","n":7,"arr":["91","146","190F","904","905","993","n904"],"lines":"91, 146, 190F, 904, 905, 993, n904"},"geometry":{"type":"LineString","coordinates":[[12.389132,41.913805],[12.389325,41.913735],[12.389559,41.913597],[12.39098,41.912539],[12.39193,41.91175],[12.392431,41.911173],[12.392647,41.911028],[12.392912,41.910916],[12.39333,41.910831],[12.394074,41.910755],[12.394613,41.910742],[12.39497,41.910763],[12.395741,41.910893],[12.39697,41.911235],[12.397379,41.911303],[12.397812,41.911328],[12.398189,41.91131],[12.398533,41.911249],[12.398798,41.91115],[12.399149,41.910946]]}},{"type":"Feature","properties":{"mode":"bus","n":7,"arr":["91","146","190F","904","905","993","n904"],"lines":"91, 146, 190F, 904, 905, 993, n904"},"geometry":{"type":"LineString","coordinates":[[12.388557,41.913942],[12.388911,41.913873],[12.389132,41.913805],[12.38966,41.913392],[12.391181,41.912281],[12.391896,41.911663],[12.392391,41.911096],[12.392636,41.91094],[12.392881,41.910838],[12.393317,41.910762],[12.394261,41.91067],[12.395055,41.910645],[12.395448,41.910721],[12.397007,41.911176],[12.397384,41.911236],[12.397937,41.911259],[12.398391,41.911197],[12.398797,41.911052],[12.398914,41.910978],[12.399027,41.910763],[12.39905,41.910628]]}},{"type":"Feature","properties":{"mode":"bus","n":7,"arr":["91","146","190F","904","905","993","n904"],"lines":"91, 146, 190F, 904, 905, 993, n904"},"geometry":{"type":"LineString","coordinates":[[12.3984,41.911139],[12.398453,41.911182]]}},{"type":"Feature","properties":{"mode":"bus","n":9,"arr":["91","146","190F","904","905","908","916F","993","n904"],"lines":"91, 146, 190F, 904, 905, 908, 916F, 993, n904"},"geometry":{"type":"LineString","coordinates":[[12.388409,41.91397],[12.388557,41.913942]]}},{"type":"Feature","properties":{"mode":"bus","n":9,"arr":["91","146","190F","904","905","908","916F","993","n904"],"lines":"91, 146, 190F, 904, 905, 908, 916F, 993, n904"},"geometry":{"type":"LineString","coordinates":[[12.38488,41.913117],[12.384992,41.912906],[12.385197,41.912758]]}},{"type":"Feature","properties":{"mode":"bus","n":9,"arr":["91","146","190F","904","905","980","983","993","n904"],"lines":"91, 146, 190F, 904, 905, 980, 983, 993, n904"},"geometry":{"type":"LineString","coordinates":[[12.39905,41.910628],[12.399052,41.910557]]}},{"type":"Feature","properties":{"mode":"bus","n":12,"arr":["91","146","190F","546","904","905","980","981","983","985","993","n904"],"lines":"91, 146, 190F, 546, 904, 905, 980, 981, 983, 985, 993, n904"},"geometry":{"type":"LineString","coordinates":[[12.399129,41.910698],[12.399172,41.910777]]}},{"type":"Feature","properties":{"mode":"bus","n":11,"arr":["91","146","190F","904","905","980","981","983","985","993","n904"],"lines":"91, 146, 190F, 904, 905, 980, 981, 983, 985, 993, n904"},"geometry":{"type":"LineString","coordinates":[[12.399052,41.910557],[12.399129,41.910698]]}},{"type":"Feature","properties":{"mode":"bus","n":9,"arr":["91","146","190F","546","904","905","983","993","n904"],"lines":"91, 146, 190F, 546, 904, 905, 983, 993, n904"},"geometry":{"type":"LineString","coordinates":[[12.399271,41.910682],[12.399172,41.910777]]}},{"type":"Feature","properties":{"mode":"bus","n":8,"arr":["91","146","190F","546","904","905","993","n904"],"lines":"91, 146, 190F, 546, 904, 905, 993, n904"},"geometry":{"type":"LineString","coordinates":[[12.39959,41.910441],[12.399271,41.910682]]}},{"type":"Feature","properties":{"mode":"bus","n":5,"arr":["91","916","916F","985","n46"],"lines":"91, 916, 916F, 985, n46"},"geometry":{"type":"LineString","coordinates":[[12.416087,41.906835],[12.415891,41.906747]]}},{"type":"Feature","properties":{"mode":"bus","n":5,"arr":["92","135","235","351","n92"],"lines":"92, 135, 235, 351, n92"},"geometry":{"type":"LineString","coordinates":[[12.510948,41.935327],[12.50897,41.935909],[12.508953,41.93592],[12.508946,41.935927],[12.508944,41.935935],[12.508931,41.936442]]}},{"type":"Feature","properties":{"mode":"bus","n":7,"arr":["93","334","336","341","C5","G06","n90"],"lines":"93, 334, 336, 341, C5, G06, n90"},"geometry":{"type":"LineString","coordinates":[[12.513272,41.982651],[12.512955,41.981339],[12.512994,41.980901]]}},{"type":"Feature","properties":{"mode":"bus","n":7,"arr":["93","334","336","341","C5","G06","n90"],"lines":"93, 334, 336, 341, C5, G06, n90"},"geometry":{"type":"LineString","coordinates":[[12.513213,41.980385],[12.513524,41.979924]]}},{"type":"Feature","properties":{"mode":"bus","n":5,"arr":["93","334","336","341","n90"],"lines":"93, 334, 336, 341, n90"},"geometry":{"type":"LineString","coordinates":[[12.513524,41.979924],[12.513565,41.979762],[12.513659,41.979582],[12.514058,41.979002],[12.5145,41.978496],[12.515027,41.978049]]}},{"type":"Feature","properties":{"mode":"bus","n":5,"arr":["93","334","336","341","n90"],"lines":"93, 334, 336, 341, n90"},"geometry":{"type":"LineString","coordinates":[[12.513697,41.980214],[12.513959,41.979865],[12.514388,41.979384],[12.514867,41.978929],[12.515511,41.97843],[12.515523,41.978417],[12.515527,41.978404],[12.515522,41.978392],[12.515509,41.978379],[12.514982,41.978013]]}},{"type":"Feature","properties":{"mode":"bus","n":7,"arr":["93","334","336","341","C5","G60","n90"],"lines":"93, 334, 336, 341, C5, G60, n90"},"geometry":{"type":"LineString","coordinates":[[12.513726,41.982576],[12.513466,41.981507],[12.513424,41.9812],[12.513468,41.980849],[12.513697,41.980214]]}},{"type":"Feature","properties":{"mode":"bus","n":5,"arr":["96","775","780","C6","n781"],"lines":"96, 775, 780, C6, n781"},"geometry":{"type":"LineString","coordinates":[[12.467332,41.870939],[12.467335,41.870908]]}},{"type":"Feature","properties":{"mode":"bus","n":6,"arr":["96","228","774","786","786F","n719"],"lines":"96, 228, 774, 786, 786F, n719"},"geometry":{"type":"LineString","coordinates":[[12.456152,41.864093],[12.455483,41.863817],[12.454504,41.863308],[12.454169,41.863046],[12.45375,41.862771],[12.452832,41.861963],[12.452815,41.861952],[12.452795,41.861948],[12.452773,41.86195],[12.452708,41.861964]]}},{"type":"Feature","properties":{"mode":"bus","n":7,"arr":["96","228","719","774","786","786F","n719"],"lines":"96, 228, 719, 774, 786, 786F, n719"},"geometry":{"type":"LineString","coordinates":[[12.452708,41.861964],[12.452451,41.861695],[12.451242,41.859892],[12.450872,41.859512],[12.45015,41.859038],[12.449615,41.858645],[12.449604,41.858634],[12.449603,41.858622],[12.449613,41.858609],[12.449653,41.858575]]}},{"type":"Feature","properties":{"mode":"bus","n":7,"arr":["96","228","719","774","786","786F","n719"],"lines":"96, 228, 719, 774, 786, 786F, n719"},"geometry":{"type":"LineString","coordinates":[[12.450484,41.859106],[12.450381,41.85919]]}},{"type":"Feature","properties":{"mode":"bus","n":5,"arr":["96","719","786","786F","n719"],"lines":"96, 719, 786, 786F, n719"},"geometry":{"type":"LineString","coordinates":[[12.449591,41.858628],[12.449223,41.858411],[12.448985,41.858311],[12.448104,41.858115],[12.447777,41.857966],[12.447548,41.857767],[12.447143,41.857282],[12.447128,41.85727],[12.447109,41.857264],[12.447087,41.857265],[12.447056,41.857271],[12.447034,41.857272],[12.447015,41.857266],[12.447001,41.857253],[12.44648,41.856616]]}},{"type":"Feature","properties":{"mode":"bus","n":5,"arr":["96","719","786","786F","n719"],"lines":"96, 719, 786, 786F, n719"},"geometry":{"type":"LineString","coordinates":[[12.445774,41.856135],[12.445894,41.856229],[12.44608,41.856285],[12.446448,41.856589],[12.446457,41.856597],[12.446464,41.8566],[12.446467,41.856601],[12.446468,41.856598],[12.446466,41.856592],[12.446461,41.856583],[12.446385,41.856453],[12.446047,41.856199],[12.446038,41.856189],[12.446036,41.85618],[12.446041,41.856172],[12.446055,41.856165],[12.44612,41.856142]]}},{"type":"Feature","properties":{"mode":"bus","n":5,"arr":["96","719","786","786F","n719"],"lines":"96, 719, 786, 786F, n719"},"geometry":{"type":"LineString","coordinates":[[12.449653,41.858575],[12.45024,41.858978],[12.450484,41.859106]]}},{"type":"Feature","properties":{"mode":"bus","n":9,"arr":["96","228","701","711","719","773","786","786F","n719"],"lines":"96, 228, 701, 711, 719, 773, 786, 786F, n719"},"geometry":{"type":"LineString","coordinates":[[12.444412,41.85534],[12.445774,41.856135]]}},{"type":"Feature","properties":{"mode":"bus","n":10,"arr":["96","228","701","711","719","773","786","786F","M50","n719"],"lines":"96, 228, 701, 711, 719, 773, 786, 786F, M50, n719"},"geometry":{"type":"LineString","coordinates":[[12.44001,41.853385],[12.440358,41.853338],[12.440636,41.853345],[12.440976,41.853403],[12.441207,41.853486],[12.44143,41.853605],[12.442158,41.854104],[12.442868,41.854459],[12.444412,41.85534]]}},{"type":"Feature","properties":{"mode":"bus","n":9,"arr":["96","228","701","719","773","786","786F","M50","n719"],"lines":"96, 228, 701, 719, 773, 786, 786F, M50, n719"},"geometry":{"type":"LineString","coordinates":[[12.438932,41.853591],[12.44001,41.853385]]}},{"type":"Feature","properties":{"mode":"bus","n":10,"arr":["96","180F","228","701","719","773","786","786F","M50","n719"],"lines":"96, 180F, 228, 701, 719, 773, 786, 786F, M50, n719"},"geometry":{"type":"LineString","coordinates":[[12.438016,41.853636],[12.438932,41.853591]]}},{"type":"Feature","properties":{"mode":"bus","n":11,"arr":["96","180F","228","701","719","773","786","786F","870","M50","n719"],"lines":"96, 180F, 228, 701, 719, 773, 786, 786F, 870, M50, n719"},"geometry":{"type":"LineString","coordinates":[[12.435273,41.85206],[12.435342,41.852144],[12.435669,41.852369],[12.435853,41.852552],[12.436298,41.853245],[12.436591,41.853491],[12.43685,41.853595],[12.437152,41.853644],[12.438016,41.853636]]}},{"type":"Feature","properties":{"mode":"bus","n":12,"arr":["96","180F","701","771","773","775","786","786F","870","C7","M05","M50"],"lines":"96, 180F, 701, 771, 773, 775, 786, 786F, 870, C7, M05, M50"},"geometry":{"type":"LineString","coordinates":[[12.434745,41.851874],[12.435273,41.85206]]}},{"type":"Feature","properties":{"mode":"bus","n":11,"arr":["96","180F","701","771","773","775","786","786F","C7","M05","M50"],"lines":"96, 180F, 701, 771, 773, 775, 786, 786F, C7, M05, M50"},"geometry":{"type":"LineString","coordinates":[[12.423455,41.850737],[12.42441,41.850992],[12.425319,41.851069],[12.426557,41.851113],[12.427973,41.851063],[12.428669,41.851065],[12.42902,41.851087],[12.429585,41.851175],[12.430346,41.851378],[12.430798,41.851468],[12.432705,41.851694],[12.4344,41.851812],[12.434745,41.851874]]}},{"type":"Feature","properties":{"mode":"bus","n":8,"arr":["96","98","775","786","786F","889","M03","n98"],"lines":"96, 98, 775, 786, 786F, 889, M03, n98"},"geometry":{"type":"LineString","coordinates":[[12.418807,41.856792],[12.419429,41.856832]]}},{"type":"Feature","properties":{"mode":"bus","n":9,"arr":["96","98","775","786","786F","889","M03","M30","n98"],"lines":"96, 98, 775, 786, 786F, 889, M03, M30, n98"},"geometry":{"type":"LineString","coordinates":[[12.419429,41.856832],[12.420024,41.856848]]}},{"type":"Feature","properties":{"mode":"bus","n":9,"arr":["96","98","775","786","786F","889","M03","M30","n98"],"lines":"96, 98, 775, 786, 786F, 889, M03, M30, n98"},"geometry":{"type":"LineString","coordinates":[[12.415265,41.85531],[12.415718,41.855626],[12.418122,41.856677],[12.418383,41.856783],[12.418807,41.856792]]}},{"type":"Feature","properties":{"mode":"bus","n":8,"arr":["96","98","775","786","786F","889","M30","n98"],"lines":"96, 98, 775, 786, 786F, 889, M30, n98"},"geometry":{"type":"LineString","coordinates":[[12.418807,41.856792],[12.418904,41.856926],[12.418983,41.85698],[12.419058,41.856985],[12.4194,41.856998],[12.41943,41.856995],[12.419455,41.856983],[12.419498,41.856952],[12.419505,41.85691],[12.419429,41.856832]]}},{"type":"Feature","properties":{"mode":"bus","n":6,"arr":["96","180F","786","786F","889","n98"],"lines":"96, 180F, 786, 786F, 889, n98"},"geometry":{"type":"LineString","coordinates":[[12.411148,41.847849],[12.411093,41.84786]]}},{"type":"Feature","properties":{"mode":"bus","n":7,"arr":["96","98","180F","786","786F","889","n98"],"lines":"96, 98, 180F, 786, 786F, 889, n98"},"geometry":{"type":"LineString","coordinates":[[12.41073,41.846746],[12.410666,41.846761],[12.410652,41.846766],[12.410643,41.846773],[12.41064,41.846783],[12.410643,41.846795],[12.410831,41.847237]]}},{"type":"Feature","properties":{"mode":"bus","n":7,"arr":["96","98","180F","786","786F","889","n98"],"lines":"96, 98, 180F, 786, 786F, 889, n98"},"geometry":{"type":"LineString","coordinates":[[12.411163,41.846798],[12.411075,41.846779],[12.411001,41.846719],[12.410831,41.846325]]}},{"type":"Feature","properties":{"mode":"bus","n":6,"arr":["96","98","180F","786","786F","n98"],"lines":"96, 98, 180F, 786, 786F, n98"},"geometry":{"type":"LineString","coordinates":[[12.410912,41.846525],[12.410834,41.846522],[12.410809,41.846518],[12.41079,41.846508],[12.410777,41.846492],[12.410731,41.846399],[12.410721,41.846386],[12.410705,41.84638],[12.410684,41.846381],[12.410635,41.846391],[12.410626,41.846394],[12.41062,41.846399],[12.410616,41.846406],[12.410609,41.846427],[12.41073,41.846746]]}},{"type":"Feature","properties":{"mode":"bus","n":6,"arr":["96","98","180F","786","889","n98"],"lines":"96, 98, 180F, 786, 889, n98"},"geometry":{"type":"LineString","coordinates":[[12.410831,41.846325],[12.410815,41.846301]]}},{"type":"Feature","properties":{"mode":"bus","n":7,"arr":["96","180F","775","786","786F","C7","M30"],"lines":"96, 180F, 775, 786, 786F, C7, M30"},"geometry":{"type":"LineString","coordinates":[[12.413104,41.848643],[12.412945,41.848675]]}},{"type":"Feature","properties":{"mode":"bus","n":6,"arr":["180F","775","786","786F","C7","M30"],"lines":"180F, 775, 786, 786F, C7, M30"},"geometry":{"type":"LineString","coordinates":[[12.413137,41.848629],[12.413104,41.848643]]}},{"type":"Feature","properties":{"mode":"bus","n":5,"arr":["180F","775","786F","C7","M30"],"lines":"180F, 775, 786F, C7, M30"},"geometry":{"type":"LineString","coordinates":[[12.413939,41.847711],[12.41322,41.84857],[12.413137,41.848629]]}},{"type":"Feature","properties":{"mode":"bus","n":8,"arr":["96","180F","775","786","786F","889","C7","M03"],"lines":"96, 180F, 775, 786, 786F, 889, C7, M03"},"geometry":{"type":"LineString","coordinates":[[12.413052,41.848915],[12.412985,41.849131],[12.412991,41.849429]]}},{"type":"Feature","properties":{"mode":"bus","n":9,"arr":["96","180F","228","701","773","786","786F","870","M05"],"lines":"96, 180F, 228, 701, 773, 786, 786F, 870, M05"},"geometry":{"type":"LineString","coordinates":[[12.435273,41.85206],[12.435501,41.852125]]}},{"type":"Feature","properties":{"mode":"bus","n":12,"arr":["96","180F","228","701","719","773","786","786F","870","M04","M05","n719"],"lines":"96, 180F, 228, 701, 719, 773, 786, 786F, 870, M04, M05, n719"},"geometry":{"type":"LineString","coordinates":[[12.435501,41.852125],[12.435765,41.852307],[12.435913,41.852453],[12.436084,41.852683],[12.436354,41.85313],[12.43652,41.853313],[12.436693,41.853428],[12.436893,41.853511],[12.437103,41.853557],[12.437325,41.853575]]}},{"type":"Feature","properties":{"mode":"bus","n":14,"arr":["96","180F","228","701","711","713","719","773","786","786F","870","M04","M05","n719"],"lines":"96, 180F, 228, 701, 711, 713, 719, 773, 786, 786F, 870, M04, M05, n719"},"geometry":{"type":"LineString","coordinates":[[12.437325,41.853575],[12.437574,41.85357],[12.437746,41.853475],[12.438131,41.853456],[12.438531,41.853439],[12.438746,41.853514],[12.439044,41.853452],[12.439408,41.853326]]}},{"type":"Feature","properties":{"mode":"bus","n":11,"arr":["96","180F","228","701","711","713","719","786","786F","M05","n719"],"lines":"96, 180F, 228, 701, 711, 713, 719, 786, 786F, M05, n719"},"geometry":{"type":"LineString","coordinates":[[12.437746,41.853475],[12.437745,41.85347]]}},{"type":"Feature","properties":{"mode":"bus","n":9,"arr":["96","228","701","711","713","719","786","786F","n719"],"lines":"96, 228, 701, 711, 713, 719, 786, 786F, n719"},"geometry":{"type":"LineString","coordinates":[[12.437745,41.85347],[12.437731,41.853393]]}},{"type":"Feature","properties":{"mode":"bus","n":13,"arr":["96","180F","228","701","711","719","773","786","786F","870","M04","M05","n719"],"lines":"96, 180F, 228, 701, 711, 719, 773, 786, 786F, 870, M04, M05, n719"},"geometry":{"type":"LineString","coordinates":[[12.439408,41.853326],[12.439779,41.85321],[12.44003,41.853156],[12.440343,41.853136],[12.440623,41.853165],[12.440914,41.853233],[12.441127,41.853317],[12.441402,41.853473],[12.441743,41.85372]]}},{"type":"Feature","properties":{"mode":"bus","n":10,"arr":["96","228","701","711","719","773","786","786F","M05","n719"],"lines":"96, 228, 701, 711, 719, 773, 786, 786F, M05, n719"},"geometry":{"type":"LineString","coordinates":[[12.441743,41.85372],[12.442242,41.854053],[12.442901,41.854377],[12.443673,41.854807],[12.443938,41.854874],[12.444029,41.854858],[12.444044,41.854857],[12.444053,41.85486],[12.444057,41.854867],[12.444056,41.854878],[12.444041,41.854926],[12.444085,41.855046],[12.445866,41.856082]]}},{"type":"Feature","properties":{"mode":"bus","n":9,"arr":["96","228","711","719","773","786","786F","M05","n719"],"lines":"96, 228, 711, 719, 773, 786, 786F, M05, n719"},"geometry":{"type":"LineString","coordinates":[[12.44489,41.855512],[12.44495,41.855453]]}},{"type":"Feature","properties":{"mode":"bus","n":8,"arr":["96","228","711","773","786","786F","M05","n719"],"lines":"96, 228, 711, 773, 786, 786F, M05, n719"},"geometry":{"type":"LineString","coordinates":[[12.445254,41.855719],[12.445321,41.855659]]}},{"type":"Feature","properties":{"mode":"bus","n":5,"arr":["96","170","719","766","781"],"lines":"96, 170, 719, 766, 781"},"geometry":{"type":"LineString","coordinates":[[12.467501,41.870949],[12.467397,41.870924]]}},{"type":"Feature","properties":{"mode":"bus","n":5,"arr":["98","889","M03","M30","n98"],"lines":"98, 889, M03, M30, n98"},"geometry":{"type":"LineString","coordinates":[[12.420024,41.856848],[12.419548,41.857997],[12.419374,41.858871],[12.419333,41.859247],[12.419349,41.859615],[12.419433,41.860131],[12.419538,41.860512],[12.419854,41.861166],[12.420316,41.861829],[12.421516,41.863392],[12.423504,41.865644],[12.423618,41.865806],[12.423669,41.865976],[12.423657,41.866165],[12.423605,41.866296],[12.42305,41.867235],[12.423024,41.867406],[12.423044,41.867829],[12.423023,41.868102],[12.422912,41.868424],[12.422554,41.869078],[12.422468,41.869325],[12.422438,41.869504],[12.42245,41.869807],[12.422642,41.870406],[12.422686,41.870704],[12.422662,41.871021],[12.422502,41.871971],[12.422513,41.872318],[12.422781,41.87355],[12.422865,41.873761],[12.423042,41.874052],[12.423232,41.874292],[12.423459,41.874514],[12.423774,41.874743],[12.425135,41.875596],[12.425465,41.875854],[12.425765,41.876239],[12.426179,41.876945]]}},{"type":"Feature","properties":{"mode":"bus","n":8,"arr":["98","792","889","H","M03","M30","n8","n98"],"lines":"98, 792, 889, H, M03, M30, n8, n98"},"geometry":{"type":"LineString","coordinates":[[12.426179,41.876945],[12.42678,41.878995],[12.426817,41.879211],[12.426795,41.879382],[12.426516,41.880285],[12.426292,41.880748],[12.425779,41.881499],[12.424588,41.883102]]}},{"type":"Feature","properties":{"mode":"bus","n":9,"arr":["98","792","808","889","H","M03","M30","n8","n98"],"lines":"98, 792, 808, 889, H, M03, M30, n8, n98"},"geometry":{"type":"LineString","coordinates":[[12.424498,41.88323],[12.424588,41.883102]]}},{"type":"Feature","properties":{"mode":"bus","n":7,"arr":["98","792","808","889","M03","M30","n98"],"lines":"98, 792, 808, 889, M03, M30, n98"},"geometry":{"type":"LineString","coordinates":[[12.421885,41.886077],[12.422753,41.885573],[12.422981,41.885374],[12.424498,41.88323]]}},{"type":"Feature","properties":{"mode":"bus","n":7,"arr":["98","881","889","892","M03","M30","n98"],"lines":"98, 881, 889, 892, M03, M30, n98"},"geometry":{"type":"LineString","coordinates":[[12.429212,41.895121],[12.429099,41.895076],[12.42904,41.895016],[12.428879,41.894328],[12.428711,41.893968],[12.428228,41.893445],[12.427133,41.891871],[12.426558,41.890995],[12.426384,41.89067],[12.426266,41.890523],[12.425599,41.890013],[12.42504,41.889716],[12.423281,41.888912],[12.421893,41.888533],[12.421822,41.8885],[12.421539,41.888212],[12.421441,41.888085],[12.421418,41.887976],[12.421885,41.886077]]}},{"type":"Feature","properties":{"mode":"bus","n":10,"arr":["190F","247","791","889","892","916","916F","C6","M30","n904"],"lines":"190F, 247, 791, 889, 892, 916, 916F, C6, M30, n904"},"geometry":{"type":"LineString","coordinates":[[12.428455,41.89662],[12.42913,41.895283]]}},{"type":"Feature","properties":{"mode":"bus","n":14,"arr":["98","190F","247","791","881","889","892","916","916F","C6","M03","M30","n98","n904"],"lines":"98, 190F, 247, 791, 881, 889, 892, 916, 916F, C6, M03, M30, n98, n904"},"geometry":{"type":"LineString","coordinates":[[12.42913,41.895283],[12.429212,41.895121]]}},{"type":"Feature","properties":{"mode":"bus","n":10,"arr":["98","190F","247","791","881","889","892","C6","M03","n98"],"lines":"98, 190F, 247, 791, 881, 889, 892, C6, M03, n98"},"geometry":{"type":"LineString","coordinates":[[12.429212,41.895121],[12.429314,41.894955],[12.42945,41.894838]]}},{"type":"Feature","properties":{"mode":"bus","n":7,"arr":["98","190F","881","916","916F","n98","n904"],"lines":"98, 190F, 881, 916, 916F, n98, n904"},"geometry":{"type":"LineString","coordinates":[[12.429797,41.894879],[12.429846,41.894848]]}},{"type":"Feature","properties":{"mode":"bus","n":7,"arr":["98","190F","881","916","916F","n98","n904"],"lines":"98, 190F, 881, 916, 916F, n98, n904"},"geometry":{"type":"LineString","coordinates":[[12.445103,41.895625],[12.44288,41.89621]]}},{"type":"Feature","properties":{"mode":"bus","n":7,"arr":["98","190F","881","916","916F","n98","n904"],"lines":"98, 190F, 881, 916, 916F, n98, n904"},"geometry":{"type":"LineString","coordinates":[[12.446089,41.895447],[12.442718,41.896328],[12.442259,41.896401],[12.441618,41.896407],[12.44123,41.896363],[12.440878,41.896282],[12.440603,41.8962],[12.440338,41.896089],[12.439879,41.895836],[12.438609,41.894983]]}},{"type":"Feature","properties":{"mode":"bus","n":9,"arr":["98","190F","791","881","916","916F","C6","n98","n904"],"lines":"98, 190F, 791, 881, 916, 916F, C6, n98, n904"},"geometry":{"type":"LineString","coordinates":[[12.438609,41.894983],[12.43767,41.894283],[12.436591,41.893684],[12.43607,41.893495],[12.435793,41.893431],[12.435447,41.893388],[12.434823,41.893403],[12.434361,41.893491],[12.430132,41.894722],[12.429975,41.89477],[12.429846,41.894848]]}},{"type":"Feature","properties":{"mode":"bus","n":9,"arr":["98","247","791","881","916","916F","C6","n98","n904"],"lines":"98, 247, 791, 881, 916, 916F, C6, n98, n904"},"geometry":{"type":"LineString","coordinates":[[12.438684,41.89492],[12.438609,41.894983]]}},{"type":"Feature","properties":{"mode":"bus","n":6,"arr":["98","881","916","916F","n98","n904"],"lines":"98, 881, 916, 916F, n98, n904"},"geometry":{"type":"LineString","coordinates":[[12.44288,41.89621],[12.442378,41.896312],[12.441879,41.896343],[12.441242,41.896288],[12.440802,41.896184],[12.440474,41.896066],[12.440112,41.895879],[12.438684,41.89492]]}},{"type":"Feature","properties":{"mode":"bus","n":6,"arr":["98","881","916","916F","n98","n904"],"lines":"98, 881, 916, 916F, n98, n904"},"geometry":{"type":"LineString","coordinates":[[12.429212,41.895121],[12.42941,41.895104],[12.429797,41.894879]]}},{"type":"Feature","properties":{"mode":"bus","n":8,"arr":["98","190F","881","916","916F","982","n98","n904"],"lines":"98, 190F, 881, 916, 916F, 982, n98, n904"},"geometry":{"type":"LineString","coordinates":[[12.445138,41.895699],[12.445103,41.895625]]}},{"type":"Feature","properties":{"mode":"bus","n":8,"arr":["98","190F","881","916","916F","982","n98","n904"],"lines":"98, 190F, 881, 916, 916F, 982, n98, n904"},"geometry":{"type":"LineString","coordinates":[[12.452008,41.899062],[12.451055,41.898386],[12.450433,41.897537],[12.449939,41.896772],[12.449725,41.896492],[12.449272,41.896016],[12.448788,41.895645],[12.448491,41.895489],[12.448221,41.895383],[12.447598,41.895246],[12.447285,41.895233],[12.446893,41.895262],[12.446089,41.895447]]}},{"type":"Feature","properties":{"mode":"bus","n":9,"arr":["104","105","105L","106","450","544","548","n11","nMC"],"lines":"104, 105, 105L, 106, 450, 544, 548, n11, nMC"},"geometry":{"type":"LineString","coordinates":[[12.566228,41.874668],[12.567639,41.874464],[12.568913,41.874246],[12.569617,41.874097]]}},{"type":"Feature","properties":{"mode":"bus","n":5,"arr":["104","105","105L","544","n11"],"lines":"104, 105, 105L, 544, n11"},"geometry":{"type":"LineString","coordinates":[[12.558019,41.875521],[12.561119,41.875157],[12.563088,41.874885],[12.565181,41.874788],[12.566228,41.874668]]}},{"type":"Feature","properties":{"mode":"bus","n":5,"arr":["104","105","105L","544","n11"],"lines":"104, 105, 105L, 544, n11"},"geometry":{"type":"LineString","coordinates":[[12.557295,41.875644],[12.55746,41.875609]]}},{"type":"Feature","properties":{"mode":"bus","n":6,"arr":["104","105","105L","544","558","n11"],"lines":"104, 105, 105L, 544, 558, n11"},"geometry":{"type":"LineString","coordinates":[[12.557903,41.875535],[12.558019,41.875521]]}},{"type":"Feature","properties":{"mode":"bus","n":6,"arr":["104","105","105L","544","558","n11"],"lines":"104, 105, 105L, 544, 558, n11"},"geometry":{"type":"LineString","coordinates":[[12.557269,41.87565],[12.557295,41.875644]]}},{"type":"Feature","properties":{"mode":"bus","n":6,"arr":["104","105","105L","544","558","n11"],"lines":"104, 105, 105L, 544, 558, n11"},"geometry":{"type":"LineString","coordinates":[[12.55715,41.875509],[12.55951,41.874908],[12.559975,41.874818],[12.562978,41.874553],[12.563982,41.874548],[12.564997,41.874572],[12.565947,41.874532],[12.567726,41.874262],[12.569499,41.873914]]}},{"type":"Feature","properties":{"mode":"bus","n":5,"arr":["104","105","105L","558","n11"],"lines":"104, 105, 105L, 558, n11"},"geometry":{"type":"LineString","coordinates":[[12.55746,41.875609],[12.557903,41.875535]]}},{"type":"Feature","properties":{"mode":"bus","n":5,"arr":["104","105","105L","558","n11"],"lines":"104, 105, 105L, 558, n11"},"geometry":{"type":"LineString","coordinates":[[12.557269,41.87565],[12.555373,41.876122],[12.553204,41.876784]]}},{"type":"Feature","properties":{"mode":"bus","n":5,"arr":["104","105","105L","558","n11"],"lines":"104, 105, 105L, 558, n11"},"geometry":{"type":"LineString","coordinates":[[12.548087,41.877936],[12.549739,41.877488],[12.55204,41.877],[12.554923,41.876086],[12.55715,41.875509]]}},{"type":"Feature","properties":{"mode":"bus","n":5,"arr":["104","409","412","n409","nMC"],"lines":"104, 409, 412, n409, nMC"},"geometry":{"type":"LineString","coordinates":[[12.54292,41.8873],[12.542993,41.887109]]}},{"type":"Feature","properties":{"mode":"bus","n":7,"arr":["104","409","412","541","545","n409","nMC"],"lines":"104, 409, 412, 541, 545, n409, nMC"},"geometry":{"type":"LineString","coordinates":[[12.541827,41.891856],[12.542056,41.889978],[12.54243,41.888827]]}},{"type":"Feature","properties":{"mode":"bus","n":9,"arr":["104","105","105L","106","451","544","548","558","n11"],"lines":"104, 105, 105L, 106, 451, 544, 548, 558, n11"},"geometry":{"type":"LineString","coordinates":[[12.569499,41.873914],[12.569206,41.873506]]}},{"type":"Feature","properties":{"mode":"bus","n":6,"arr":["104","105","105L","106","451","544"],"lines":"104, 105, 105L, 106, 451, 544"},"geometry":{"type":"LineString","coordinates":[[12.569206,41.873506],[12.569252,41.87342]]}},{"type":"Feature","properties":{"mode":"bus","n":5,"arr":["104","105","105L","106","544"],"lines":"104, 105, 105L, 106, 544"},"geometry":{"type":"LineString","coordinates":[[12.569252,41.87342],[12.569273,41.8734]]}},{"type":"Feature","properties":{"mode":"bus","n":6,"arr":["104","106","451","544","548","n11"],"lines":"104, 106, 451, 544, 548, n11"},"geometry":{"type":"LineString","coordinates":[[12.569577,41.873332],[12.569513,41.873233]]}},{"type":"Feature","properties":{"mode":"bus","n":5,"arr":["104","105","105L","544","548"],"lines":"104, 105, 105L, 544, 548"},"geometry":{"type":"LineString","coordinates":[[12.569577,41.873332],[12.569914,41.873834]]}},{"type":"Feature","properties":{"mode":"bus","n":9,"arr":["104","105","105L","106","451","544","548","n11","nMC"],"lines":"104, 105, 105L, 106, 451, 544, 548, n11, nMC"},"geometry":{"type":"LineString","coordinates":[[12.569914,41.873834],[12.570013,41.873979]]}},{"type":"Feature","properties":{"mode":"bus","n":5,"arr":["104","105","105L","451","544"],"lines":"104, 105, 105L, 451, 544"},"geometry":{"type":"LineString","coordinates":[[12.570013,41.873979],[12.570021,41.874106],[12.570288,41.874538],[12.570663,41.875026],[12.570806,41.875141],[12.571009,41.875439]]}},{"type":"Feature","properties":{"mode":"bus","n":6,"arr":["104","105","105L","106","544","nMC"],"lines":"104, 105, 105L, 106, 544, nMC"},"geometry":{"type":"LineString","coordinates":[[12.57073,41.875491],[12.570663,41.875578]]}},{"type":"Feature","properties":{"mode":"bus","n":5,"arr":["104","105","105L","544","nMC"],"lines":"104, 105, 105L, 544, nMC"},"geometry":{"type":"LineString","coordinates":[[12.570751,41.875472],[12.57073,41.875491]]}},{"type":"Feature","properties":{"mode":"bus","n":8,"arr":["104","105","105L","106","451","544","548","nMC"],"lines":"104, 105, 105L, 106, 451, 544, 548, nMC"},"geometry":{"type":"LineString","coordinates":[[12.570663,41.875578],[12.570308,41.875085]]}},{"type":"Feature","properties":{"mode":"bus","n":6,"arr":["104","105","105L","451","544","548"],"lines":"104, 105, 105L, 451, 544, 548"},"geometry":{"type":"LineString","coordinates":[[12.570308,41.875085],[12.569617,41.874097]]}},{"type":"Feature","properties":{"mode":"bus","n":5,"arr":["106","450","542","548","nMC"],"lines":"106, 450, 542, 548, nMC"},"geometry":{"type":"LineString","coordinates":[[12.564702,41.875835],[12.564659,41.87575]]}},{"type":"Feature","properties":{"mode":"bus","n":5,"arr":["106","450","542","C5","nMC"],"lines":"106, 450, 542, C5, nMC"},"geometry":{"type":"LineString","coordinates":[[12.564787,41.875836],[12.564702,41.875835]]}},{"type":"Feature","properties":{"mode":"bus","n":6,"arr":["106","450","542","548","C5","nMC"],"lines":"106, 450, 542, 548, C5, nMC"},"geometry":{"type":"LineString","coordinates":[[12.566368,41.877245],[12.566087,41.877145],[12.564905,41.876526],[12.564844,41.876454],[12.564789,41.87632],[12.564809,41.875957],[12.564702,41.875835]]}},{"type":"Feature","properties":{"mode":"bus","n":5,"arr":["106","450","451","548","nMC"],"lines":"106, 450, 451, 548, nMC"},"geometry":{"type":"LineString","coordinates":[[12.572206,41.877701],[12.572033,41.877529],[12.571803,41.877216]]}},{"type":"Feature","properties":{"mode":"bus","n":5,"arr":["106","450","548","n11","nMC"],"lines":"106, 450, 548, n11, nMC"},"geometry":{"type":"LineString","coordinates":[[12.570013,41.873979],[12.569617,41.874097]]}},{"type":"Feature","properties":{"mode":"bus","n":5,"arr":["106","451","548","558","n11"],"lines":"106, 451, 548, 558, n11"},"geometry":{"type":"LineString","coordinates":[[12.569206,41.873506],[12.568883,41.872972]]}},{"type":"Feature","properties":{"mode":"bus","n":5,"arr":["106","451","548","558","n11"],"lines":"106, 451, 548, 558, n11"},"geometry":{"type":"LineString","coordinates":[[12.568007,41.870127],[12.56793,41.869754]]}},{"type":"Feature","properties":{"mode":"bus","n":6,"arr":["106","451","548","557","558","n11"],"lines":"106, 451, 548, 557, 558, n11"},"geometry":{"type":"LineString","coordinates":[[12.56793,41.869754],[12.567903,41.869629]]}},{"type":"Feature","properties":{"mode":"bus","n":5,"arr":["106","313","450","C9","nMC"],"lines":"106, 313, 450, C9, nMC"},"geometry":{"type":"LineString","coordinates":[[12.578993,41.87126],[12.578706,41.871411]]}},{"type":"Feature","properties":{"mode":"bus","n":6,"arr":["106","213","313","552","C9","nMC"],"lines":"106, 213, 313, 552, C9, nMC"},"geometry":{"type":"LineString","coordinates":[[12.585317,41.869061],[12.580769,41.870602]]}},{"type":"Feature","properties":{"mode":"bus","n":7,"arr":["106","213","313","556","C9","n11","nMC"],"lines":"106, 213, 313, 556, C9, n11, nMC"},"geometry":{"type":"LineString","coordinates":[[12.58721,41.868453],[12.586217,41.868837],[12.585317,41.869061]]}},{"type":"Feature","properties":{"mode":"bus","n":6,"arr":["106","313","556","C9","n11","nMC"],"lines":"106, 313, 556, C9, n11, nMC"},"geometry":{"type":"LineString","coordinates":[[12.59238,41.867219],[12.591047,41.867427],[12.589453,41.86764],[12.589145,41.8677],[12.588738,41.867827],[12.58721,41.868453]]}},{"type":"Feature","properties":{"mode":"bus","n":5,"arr":["106","556","C9","n11","nMC"],"lines":"106, 556, C9, n11, nMC"},"geometry":{"type":"LineString","coordinates":[[12.592705,41.867215],[12.592486,41.867184],[12.59238,41.867219]]}},{"type":"Feature","properties":{"mode":"bus","n":5,"arr":["106","313","C9","n11","nMC"],"lines":"106, 313, C9, n11, nMC"},"geometry":{"type":"LineString","coordinates":[[12.592801,41.867202],[12.592607,41.867226],[12.59238,41.867219]]}},{"type":"Feature","properties":{"mode":"bus","n":5,"arr":["106","506","507","C9","nMC"],"lines":"106, 506, 507, C9, nMC"},"geometry":{"type":"LineString","coordinates":[[12.645506,41.862331],[12.644096,41.862326],[12.643514,41.862379],[12.642225,41.862727],[12.64157,41.86288],[12.64106,41.862963],[12.64008,41.863082],[12.63948,41.863187],[12.638238,41.863572],[12.637798,41.863688],[12.637455,41.863744],[12.636509,41.863821]]}},{"type":"Feature","properties":{"mode":"bus","n":5,"arr":["106","213","313","552","nMC"],"lines":"106, 213, 313, 552, nMC"},"geometry":{"type":"LineString","coordinates":[[12.580769,41.870602],[12.579614,41.870998]]}},{"type":"Feature","properties":{"mode":"bus","n":5,"arr":["106","313","450","552","nMC"],"lines":"106, 313, 450, 552, nMC"},"geometry":{"type":"LineString","coordinates":[[12.579614,41.870998],[12.578993,41.87126]]}},{"type":"Feature","properties":{"mode":"bus","n":14,"arr":["111","120F","163","211","309","409","448","545","A60","C2","n041","n409","nMB","P30"],"lines":"111, 120F, 163, 211, 309, 409, 448, 545, A60, C2, n041, n409, nMB, P30"},"geometry":{"type":"LineString","coordinates":[[12.529712,41.90965],[12.529801,41.909517]]}},{"type":"Feature","properties":{"mode":"bus","n":10,"arr":["111","211","409","441","545","A60","n041","n409","nMB","P30"],"lines":"111, 211, 409, 441, 545, A60, n041, n409, nMB, P30"},"geometry":{"type":"LineString","coordinates":[[12.52723,41.908061],[12.527095,41.90814],[12.527035,41.90823],[12.527047,41.908357],[12.527123,41.908443],[12.52722,41.908484],[12.527398,41.908513],[12.527959,41.908547]]}},{"type":"Feature","properties":{"mode":"bus","n":11,"arr":["111","211","309","409","441","545","A60","n041","n409","nMB","P30"],"lines":"111, 211, 309, 409, 441, 545, A60, n041, n409, nMB, P30"},"geometry":{"type":"LineString","coordinates":[[12.532511,41.908144],[12.531851,41.908119],[12.531182,41.908156],[12.530156,41.90816],[12.52723,41.908061]]}},{"type":"Feature","properties":{"mode":"bus","n":18,"arr":["111","120F","163","211","309","409","441","448","545","A06","A60","n041","n409","nMB","P02","P10","P20","P30"],"lines":"111, 120F, 163, 211, 309, 409, 441, 448, 545, A06, A60, n041, n409, nMB, P02, P10, P20, P30"},"geometry":{"type":"LineString","coordinates":[[12.532511,41.908144],[12.534006,41.908145]]}},{"type":"Feature","properties":{"mode":"bus","n":13,"arr":["111","120F","163","211","309","441","448","545","A06","n041","nMB","P02","P30"],"lines":"111, 120F, 163, 211, 309, 441, 448, 545, A06, n041, nMB, P02, P30"},"geometry":{"type":"LineString","coordinates":[[12.534006,41.908145],[12.534258,41.908203]]}},{"type":"Feature","properties":{"mode":"bus","n":11,"arr":["111","120F","163","211","309","441","448","n041","nMB","P03","P30"],"lines":"111, 120F, 163, 211, 309, 441, 448, n041, nMB, P03, P30"},"geometry":{"type":"LineString","coordinates":[[12.534258,41.908203],[12.535009,41.908222],[12.53675,41.908373]]}},{"type":"Feature","properties":{"mode":"bus","n":5,"arr":["111","211","211F","441","450"],"lines":"111, 211, 211F, 441, 450"},"geometry":{"type":"LineString","coordinates":[[12.546957,41.920876],[12.547093,41.920627],[12.547364,41.920418],[12.548177,41.920022],[12.549598,41.919406],[12.550004,41.919324],[12.550446,41.919281],[12.550715,41.919312],[12.551218,41.919486],[12.551559,41.91946]]}},{"type":"Feature","properties":{"mode":"bus","n":17,"arr":["111","120F","163","211","309","409","441","448","545","A06","n041","n409","nMB","P02","P10","P20","P30"],"lines":"111, 120F, 163, 211, 309, 409, 441, 448, 545, A06, n041, n409, nMB, P02, P10, P20, P30"},"geometry":{"type":"LineString","coordinates":[[12.532016,41.908197],[12.532511,41.908144]]}},{"type":"Feature","properties":{"mode":"bus","n":15,"arr":["111","120F","163","211","309","409","441","448","545","A06","n041","n409","nMB","P02","P30"],"lines":"111, 120F, 163, 211, 309, 409, 441, 448, 545, A06, n041, n409, nMB, P02, P30"},"geometry":{"type":"LineString","coordinates":[[12.532361,41.908274],[12.532193,41.90822],[12.532016,41.908197]]}},{"type":"Feature","properties":{"mode":"bus","n":16,"arr":["111","120F","135","163","211","309","409","441","448","545","A06","C2","n041","n409","nMB","P30"],"lines":"111, 120F, 135, 163, 211, 309, 409, 441, 448, 545, A06, C2, n041, n409, nMB, P30"},"geometry":{"type":"LineString","coordinates":[[12.532361,41.908274],[12.532071,41.908354],[12.531905,41.908442],[12.53111,41.909452]]}},{"type":"Feature","properties":{"mode":"bus","n":16,"arr":["111","120F","163","211","309","409","441","448","492","545","A06","C2","n041","n409","nMB","P30"],"lines":"111, 120F, 163, 211, 309, 409, 441, 448, 492, 545, A06, C2, n041, n409, nMB, P30"},"geometry":{"type":"LineString","coordinates":[[12.53111,41.909452],[12.530834,41.909849],[12.530822,41.90986],[12.530807,41.909864],[12.530789,41.909861],[12.530733,41.909841]]}},{"type":"Feature","properties":{"mode":"bus","n":17,"arr":["111","120F","135","163","211","309","409","441","448","492","545","A06","C2","n041","n409","nMB","P30"],"lines":"111, 120F, 135, 163, 211, 309, 409, 441, 448, 492, 545, A06, C2, n041, n409, nMB, P30"},"geometry":{"type":"LineString","coordinates":[[12.530733,41.909841],[12.530554,41.909778]]}},{"type":"Feature","properties":{"mode":"bus","n":18,"arr":["111","120F","135","163","211","309","409","441","448","490","492","545","A06","C2","n041","n409","nMB","P30"],"lines":"111, 120F, 135, 163, 211, 309, 409, 441, 448, 490, 492, 545, A06, C2, n041, n409, nMB, P30"},"geometry":{"type":"LineString","coordinates":[[12.530554,41.909778],[12.530374,41.909715]]}},{"type":"Feature","properties":{"mode":"bus","n":19,"arr":["111","120F","135","163","211","309","409","441","448","490","492","495","545","A60","C2","n041","n409","nMB","P30"],"lines":"111, 120F, 135, 163, 211, 309, 409, 441, 448, 490, 492, 495, 545, A60, C2, n041, n409, nMB, P30"},"geometry":{"type":"LineString","coordinates":[[12.530374,41.909715],[12.530302,41.90969]]}},{"type":"Feature","properties":{"mode":"bus","n":7,"arr":["111","135","211","409","441","n041","n409"],"lines":"111, 135, 211, 409, 441, n041, n409"},"geometry":{"type":"LineString","coordinates":[[12.529797,41.909437],[12.52986,41.909253],[12.529922,41.909164],[12.529988,41.909113],[12.530155,41.909058]]}},{"type":"Feature","properties":{"mode":"bus","n":5,"arr":["113","313","314","508","n075"],"lines":"113, 313, 314, 508, n075"},"geometry":{"type":"LineString","coordinates":[[12.575704,41.894682],[12.576005,41.894634]]}},{"type":"Feature","properties":{"mode":"bus","n":10,"arr":["113","150F","313","314","508","A01","A06","A07","A70","n075"],"lines":"113, 150F, 313, 314, 508, A01, A06, A07, A70, n075"},"geometry":{"type":"LineString","coordinates":[[12.578054,41.894327],[12.576999,41.894467],[12.576005,41.894634]]}},{"type":"Feature","properties":{"mode":"bus","n":7,"arr":["113","150F","313","314","508","A50","n075"],"lines":"113, 150F, 313, 314, 508, A50, n075"},"geometry":{"type":"LineString","coordinates":[[12.584781,41.893656],[12.584422,41.893621],[12.584095,41.893621]]}},{"type":"Feature","properties":{"mode":"bus","n":8,"arr":["113","150F","313","314","508","A05","A50","n075"],"lines":"113, 150F, 313, 314, 508, A05, A50, n075"},"geometry":{"type":"LineString","coordinates":[[12.592385,41.894038],[12.590554,41.894113],[12.588589,41.894107],[12.588232,41.894079],[12.584781,41.893656]]}},{"type":"Feature","properties":{"mode":"bus","n":5,"arr":["113","508","A05","A50","n075"],"lines":"113, 508, A05, A50, n075"},"geometry":{"type":"LineString","coordinates":[[12.602516,41.893152],[12.60045,41.893467],[12.599411,41.893594],[12.598199,41.893645],[12.596226,41.893595],[12.595173,41.893641],[12.59445,41.893706],[12.59308,41.893984],[12.592385,41.894038]]}},{"type":"Feature","properties":{"mode":"bus","n":8,"arr":["113","150F","314","A01","A06","n5","n075","n543"],"lines":"113, 150F, 314, A01, A06, n5, n075, n543"},"geometry":{"type":"LineString","coordinates":[[12.55104,41.893886],[12.556794,41.894576],[12.559019,41.894939]]}},{"type":"Feature","properties":{"mode":"bus","n":10,"arr":["113","150F","314","412","A01","A06","n5","n075","n543","nMC"],"lines":"113, 150F, 314, 412, A01, A06, n5, n075, n543, nMC"},"geometry":{"type":"LineString","coordinates":[[12.546952,41.893387],[12.55104,41.893886]]}},{"type":"Feature","properties":{"mode":"bus","n":12,"arr":["113","150F","213","314","412","541","A01","A06","n5","n075","n543","nMC"],"lines":"113, 150F, 213, 314, 412, 541, A01, A06, n5, n075, n543, nMC"},"geometry":{"type":"LineString","coordinates":[[12.543931,41.893029],[12.546755,41.893365]]}},{"type":"Feature","properties":{"mode":"bus","n":11,"arr":["113","150F","213","314","412","541","A01","n5","n075","n543","nMC"],"lines":"113, 150F, 213, 314, 412, 541, A01, n5, n075, n543, nMC"},"geometry":{"type":"LineString","coordinates":[[12.540824,41.892637],[12.542076,41.892849],[12.542907,41.892951],[12.543931,41.893029]]}},{"type":"Feature","properties":{"mode":"bus","n":5,"arr":["118","654","663","664","C11"],"lines":"118, 654, 663, 664, C11"},"geometry":{"type":"LineString","coordinates":[[12.551968,41.835516],[12.552513,41.834698],[12.553444,41.833434]]}},{"type":"Feature","properties":{"mode":"bus","n":5,"arr":["118","654","663","664","C11"],"lines":"118, 654, 663, 664, C11"},"geometry":{"type":"LineString","coordinates":[[12.551828,41.835538],[12.551991,41.835248],[12.553013,41.833856]]}},{"type":"Feature","properties":{"mode":"bus","n":5,"arr":["118","654","663","664","C11"],"lines":"118, 654, 663, 664, C11"},"geometry":{"type":"LineString","coordinates":[[12.553301,41.833473],[12.553441,41.833277]]}},{"type":"Feature","properties":{"mode":"bus","n":6,"arr":["118","654","663","765","C11","L60"],"lines":"118, 654, 663, 765, C11, L60"},"geometry":{"type":"LineString","coordinates":[[12.545791,41.839498],[12.546257,41.839123],[12.546738,41.838793],[12.550698,41.836518],[12.551013,41.836306],[12.551366,41.836018]]}},{"type":"Feature","properties":{"mode":"bus","n":5,"arr":["118","654","663","C11","L60"],"lines":"118, 654, 663, C11, L60"},"geometry":{"type":"LineString","coordinates":[[12.551366,41.836018],[12.551425,41.835956]]}},{"type":"Feature","properties":{"mode":"bus","n":7,"arr":["118","654","663","765","C11","L06","L60"],"lines":"118, 654, 663, 765, C11, L06, L60"},"geometry":{"type":"LineString","coordinates":[[12.545705,41.839559],[12.545791,41.839498]]}},{"type":"Feature","properties":{"mode":"bus","n":8,"arr":["118","160","671","714","792","F02","L07","L08"],"lines":"118, 160, 671, 714, 792, F02, L07, L08"},"geometry":{"type":"LineString","coordinates":[[12.496709,41.874666],[12.496755,41.874392],[12.496764,41.873748],[12.496832,41.873605],[12.496808,41.8731]]}},{"type":"Feature","properties":{"mode":"bus","n":9,"arr":["118","671","714","792","F02","F20","L07","L08","L80"],"lines":"118, 671, 714, 792, F02, F20, L07, L08, L80"},"geometry":{"type":"LineString","coordinates":[[12.496002,41.879869],[12.495774,41.879702]]}},{"type":"Feature","properties":{"mode":"bus","n":5,"arr":["118","520","654","664","C11"],"lines":"118, 520, 654, 664, C11"},"geometry":{"type":"LineString","coordinates":[[12.561411,41.824866],[12.561933,41.82453]]}},{"type":"Feature","properties":{"mode":"bus","n":5,"arr":["118","654","664","789","C11"],"lines":"118, 654, 664, 789, C11"},"geometry":{"type":"LineString","coordinates":[[12.561933,41.82453],[12.562002,41.824603]]}},{"type":"Feature","properties":{"mode":"bus","n":6,"arr":["118","520","654","664","789","C11"],"lines":"118, 520, 654, 664, 789, C11"},"geometry":{"type":"LineString","coordinates":[[12.562002,41.824603],[12.563614,41.826332]]}},{"type":"Feature","properties":{"mode":"bus","n":6,"arr":["118","520","654","664","789","C11"],"lines":"118, 520, 654, 664, 789, C11"},"geometry":{"type":"LineString","coordinates":[[12.563525,41.826615],[12.563194,41.826558],[12.562991,41.826437],[12.561525,41.825166],[12.561403,41.82504],[12.561386,41.824943]]}},{"type":"Feature","properties":{"mode":"bus","n":5,"arr":["118","520","654","664","789"],"lines":"118, 520, 654, 664, 789"},"geometry":{"type":"LineString","coordinates":[[12.561386,41.824943],[12.561391,41.82492]]}},{"type":"Feature","properties":{"mode":"bus","n":7,"arr":["120F","343","344","404","424","444","C5"],"lines":"120F, 343, 344, 404, 424, 444, C5"},"geometry":{"type":"LineString","coordinates":[[12.581821,41.936453],[12.581945,41.936355],[12.582122,41.93616]]}},{"type":"Feature","properties":{"mode":"bus","n":6,"arr":["120F","343","404","424","444","C5"],"lines":"120F, 343, 404, 424, 444, C5"},"geometry":{"type":"LineString","coordinates":[[12.582122,41.93616],[12.583815,41.933893]]}},{"type":"Feature","properties":{"mode":"bus","n":6,"arr":["120F","343","404","424","444","C5"],"lines":"120F, 343, 404, 424, 444, C5"},"geometry":{"type":"LineString","coordinates":[[12.584751,41.932606],[12.584598,41.932858],[12.583839,41.933862],[12.58383,41.933871],[12.583823,41.933876],[12.583818,41.933875],[12.583815,41.933869],[12.583813,41.933857],[12.583797,41.933525],[12.583821,41.933439],[12.584146,41.93324],[12.584393,41.93288],[12.584389,41.93276],[12.584347,41.932681],[12.584276,41.932622],[12.584165,41.932575]]}},{"type":"Feature","properties":{"mode":"bus","n":6,"arr":["120F","424","437","444","447","C5"],"lines":"120F, 424, 437, 444, 447, C5"},"geometry":{"type":"LineString","coordinates":[[12.584751,41.932606],[12.584165,41.932575]]}},{"type":"Feature","properties":{"mode":"bus","n":5,"arr":["120F","163","311","437","C5"],"lines":"120F, 163, 311, 437, C5"},"geometry":{"type":"LineString","coordinates":[[12.571417,41.92465],[12.571234,41.924567]]}},{"type":"Feature","properties":{"mode":"bus","n":11,"arr":["120F","163","319","341","350","424","451","508","C5","n041","P03"],"lines":"120F, 163, 319, 341, 350, 424, 451, 508, C5, n041, P03"},"geometry":{"type":"LineString","coordinates":[[12.565418,41.920802],[12.56548,41.920912]]}},{"type":"Feature","properties":{"mode":"bus","n":9,"arr":["120F","163","319","341","350","451","C5","n041","P03"],"lines":"120F, 163, 319, 341, 350, 451, C5, n041, P03"},"geometry":{"type":"LineString","coordinates":[[12.565356,41.920691],[12.565418,41.920802]]}},{"type":"Feature","properties":{"mode":"bus","n":8,"arr":["120F","163","319","341","350","451","C5","n041"],"lines":"120F, 163, 319, 341, 350, 451, C5, n041"},"geometry":{"type":"LineString","coordinates":[[12.565286,41.920571],[12.565356,41.920691]]}},{"type":"Feature","properties":{"mode":"bus","n":5,"arr":["120F","163","319","C5","n041"],"lines":"120F, 163, 319, C5, n041"},"geometry":{"type":"LineString","coordinates":[[12.565147,41.920336],[12.565286,41.920571]]}},{"type":"Feature","properties":{"mode":"bus","n":6,"arr":["120F","163","319","C5","n041","P30"],"lines":"120F, 163, 319, C5, n041, P30"},"geometry":{"type":"LineString","coordinates":[[12.564987,41.920075],[12.565147,41.920336]]}},{"type":"Feature","properties":{"mode":"bus","n":5,"arr":["120F","163","C5","nMB","P30"],"lines":"120F, 163, C5, nMB, P30"},"geometry":{"type":"LineString","coordinates":[[12.5631,41.917027],[12.563287,41.917322]]}},{"type":"Feature","properties":{"mode":"bus","n":6,"arr":["120F","163","C5","nMB","P03","P30"],"lines":"120F, 163, C5, nMB, P03, P30"},"geometry":{"type":"LineString","coordinates":[[12.561494,41.915624],[12.562136,41.91615],[12.5631,41.917027]]}},{"type":"Feature","properties":{"mode":"bus","n":7,"arr":["120F","163","450","C5","nMB","P03","P30"],"lines":"120F, 163, 450, C5, nMB, P03, P30"},"geometry":{"type":"LineString","coordinates":[[12.559487,41.914268],[12.559853,41.914434],[12.56008,41.914564],[12.561494,41.915624]]}},{"type":"Feature","properties":{"mode":"bus","n":7,"arr":["120F","163","450","C5","nMB","P03","P30"],"lines":"120F, 163, 450, C5, nMB, P03, P30"},"geometry":{"type":"LineString","coordinates":[[12.555949,41.913131],[12.556849,41.913519]]}},{"type":"Feature","properties":{"mode":"bus","n":6,"arr":["120F","163","450","C5","nMB","P30"],"lines":"120F, 163, 450, C5, nMB, P30"},"geometry":{"type":"LineString","coordinates":[[12.556849,41.913519],[12.557101,41.913664],[12.557602,41.913837],[12.558005,41.913933],[12.558663,41.91405],[12.559487,41.914268]]}},{"type":"Feature","properties":{"mode":"bus","n":9,"arr":["120F","163","211","211F","450","C5","nMB","P03","P30"],"lines":"120F, 163, 211, 211F, 450, C5, nMB, P03, P30"},"geometry":{"type":"LineString","coordinates":[[12.555794,41.913074],[12.555949,41.913131]]}},{"type":"Feature","properties":{"mode":"bus","n":7,"arr":["120F","163","211","211F","C5","nMB","P30"],"lines":"120F, 163, 211, 211F, C5, nMB, P30"},"geometry":{"type":"LineString","coordinates":[[12.555794,41.913074],[12.554459,41.912674]]}},{"type":"Feature","properties":{"mode":"bus","n":6,"arr":["120F","163","211","211F","nMB","P30"],"lines":"120F, 163, 211, 211F, nMB, P30"},"geometry":{"type":"LineString","coordinates":[[12.554048,41.91252],[12.554459,41.912674]]}},{"type":"Feature","properties":{"mode":"bus","n":6,"arr":["120F","163","211","211F","nMB","P30"],"lines":"120F, 163, 211, 211F, nMB, P30"},"geometry":{"type":"LineString","coordinates":[[12.552461,41.911891],[12.553089,41.912138]]}},{"type":"Feature","properties":{"mode":"bus","n":5,"arr":["120F","163","211","211F","P30"],"lines":"120F, 163, 211, 211F, P30"},"geometry":{"type":"LineString","coordinates":[[12.553089,41.912138],[12.554048,41.91252]]}},{"type":"Feature","properties":{"mode":"bus","n":5,"arr":["120F","163","211","nMB","P30"],"lines":"120F, 163, 211, nMB, P30"},"geometry":{"type":"LineString","coordinates":[[12.545075,41.908749],[12.545814,41.908999],[12.546141,41.90914],[12.547577,41.909885],[12.549403,41.910768],[12.550527,41.911212],[12.552461,41.911891]]}},{"type":"Feature","properties":{"mode":"bus","n":10,"arr":["120F","163","211","309","448","544","n041","nMB","P03","P30"],"lines":"120F, 163, 211, 309, 448, 544, n041, nMB, P03, P30"},"geometry":{"type":"LineString","coordinates":[[12.542602,41.908637],[12.545075,41.908749]]}},{"type":"Feature","properties":{"mode":"bus","n":9,"arr":["120F","163","211","309","448","n041","nMB","P03","P30"],"lines":"120F, 163, 211, 309, 448, n041, nMB, P03, P30"},"geometry":{"type":"LineString","coordinates":[[12.53675,41.908373],[12.537595,41.908426],[12.542602,41.908637]]}},{"type":"Feature","properties":{"mode":"bus","n":9,"arr":["120F","135","309","490","495","649","C2","C3","nMB"],"lines":"120F, 135, 309, 490, 495, 649, C2, C3, nMB"},"geometry":{"type":"LineString","coordinates":[[12.529793,41.9093],[12.529694,41.909135],[12.529551,41.909007],[12.529205,41.908862],[12.528943,41.90878],[12.528625,41.908747],[12.527064,41.908689]]}},{"type":"Feature","properties":{"mode":"bus","n":8,"arr":["120F","309","490","495","649","C2","C3","nMB"],"lines":"120F, 309, 490, 495, 649, C2, C3, nMB"},"geometry":{"type":"LineString","coordinates":[[12.526995,41.908685],[12.527064,41.908689]]}},{"type":"Feature","properties":{"mode":"bus","n":6,"arr":["120F","490","495","649","C3","nMB"],"lines":"120F, 490, 495, 649, C3, nMB"},"geometry":{"type":"LineString","coordinates":[[12.52657,41.908641],[12.526995,41.908685]]}},{"type":"Feature","properties":{"mode":"bus","n":7,"arr":["120F","490","495","649","C3","nMB","P02"],"lines":"120F, 490, 495, 649, C3, nMB, P02"},"geometry":{"type":"LineString","coordinates":[[12.523705,41.908778],[12.52409,41.908692],[12.524893,41.908571],[12.525651,41.908587],[12.52657,41.908641]]}},{"type":"Feature","properties":{"mode":"bus","n":7,"arr":["120F","490","495","649","C3","nMB","P02"],"lines":"120F, 490, 495, 649, C3, nMB, P02"},"geometry":{"type":"LineString","coordinates":[[12.521412,41.909381],[12.521585,41.909298],[12.522983,41.908916],[12.523205,41.908914],[12.523513,41.908827]]}},{"type":"Feature","properties":{"mode":"bus","n":8,"arr":["120F","309","490","495","649","C3","nMB","P02"],"lines":"120F, 309, 490, 495, 649, C3, nMB, P02"},"geometry":{"type":"LineString","coordinates":[[12.523513,41.908827],[12.523705,41.908778]]}},{"type":"Feature","properties":{"mode":"bus","n":6,"arr":["120F","490","495","649","P02","P20"],"lines":"120F, 490, 495, 649, P02, P20"},"geometry":{"type":"LineString","coordinates":[[12.516008,41.910727],[12.52093,41.909429]]}},{"type":"Feature","properties":{"mode":"bus","n":6,"arr":["120F","490","495","649","nMB1","nMB"],"lines":"120F, 490, 495, 649, nMB1, nMB"},"geometry":{"type":"LineString","coordinates":[[12.516361,41.910705],[12.516201,41.910748]]}},{"type":"Feature","properties":{"mode":"bus","n":5,"arr":["120F","495","nMB1","nMB","P20"],"lines":"120F, 495, nMB1, nMB, P20"},"geometry":{"type":"LineString","coordinates":[[12.504665,41.908063],[12.504701,41.908151]]}},{"type":"Feature","properties":{"mode":"bus","n":8,"arr":["120F","490","495","649","C3","nMB","P10","P20"],"lines":"120F, 490, 495, 649, C3, nMB, P10, P20"},"geometry":{"type":"LineString","coordinates":[[12.521769,41.905317],[12.521657,41.90535]]}},{"type":"Feature","properties":{"mode":"bus","n":5,"arr":["120F","163","448","P10","P20"],"lines":"120F, 163, 448, P10, P20"},"geometry":{"type":"LineString","coordinates":[[12.532016,41.908197],[12.531383,41.908243],[12.529829,41.908466],[12.528651,41.908505],[12.527866,41.908453],[12.526915,41.908286]]}},{"type":"Feature","properties":{"mode":"bus","n":9,"arr":["120F","163","211","309","448","544","n041","nMB","P03"],"lines":"120F, 163, 211, 309, 448, 544, n041, nMB, P03"},"geometry":{"type":"LineString","coordinates":[[12.545075,41.908749],[12.545492,41.908744],[12.545574,41.908765],[12.545892,41.908881],[12.546344,41.909094]]}},{"type":"Feature","properties":{"mode":"bus","n":5,"arr":["120F","163","211","nMB","P03"],"lines":"120F, 163, 211, nMB, P03"},"geometry":{"type":"LineString","coordinates":[[12.546344,41.909094],[12.547658,41.909795],[12.548732,41.910316],[12.549818,41.910805],[12.55117,41.911316],[12.551793,41.911523],[12.552492,41.911594],[12.552692,41.911634]]}},{"type":"Feature","properties":{"mode":"bus","n":6,"arr":["120F","163","211","211F","nMB","P03"],"lines":"120F, 163, 211, 211F, nMB, P03"},"geometry":{"type":"LineString","coordinates":[[12.552692,41.911634],[12.554119,41.912236]]}},{"type":"Feature","properties":{"mode":"bus","n":7,"arr":["120F","163","211","211F","C5","nMB","P03"],"lines":"120F, 163, 211, 211F, C5, nMB, P03"},"geometry":{"type":"LineString","coordinates":[[12.554119,41.912236],[12.55497,41.912564],[12.555794,41.913074]]}},{"type":"Feature","properties":{"mode":"bus","n":6,"arr":["120F","163","450","C5","nMB","P03"],"lines":"120F, 163, 450, C5, nMB, P03"},"geometry":{"type":"LineString","coordinates":[[12.556849,41.913519],[12.557755,41.913677],[12.558049,41.913754],[12.558558,41.913918],[12.559487,41.914268]]}},{"type":"Feature","properties":{"mode":"bus","n":5,"arr":["120F","163","C5","nMB","P03"],"lines":"120F, 163, C5, nMB, P03"},"geometry":{"type":"LineString","coordinates":[[12.5631,41.917027],[12.563551,41.917472],[12.564078,41.918044],[12.564417,41.918456]]}},{"type":"Feature","properties":{"mode":"bus","n":5,"arr":["120F","319","C5","nMB","P03"],"lines":"120F, 319, C5, nMB, P03"},"geometry":{"type":"LineString","coordinates":[[12.565018,41.919389],[12.5651,41.91951]]}},{"type":"Feature","properties":{"mode":"bus","n":5,"arr":["120F","343","344","404","424"],"lines":"120F, 343, 344, 404, 424"},"geometry":{"type":"LineString","coordinates":[[12.586045,41.939819],[12.584415,41.938313],[12.582068,41.936227]]}},{"type":"Feature","properties":{"mode":"bus","n":5,"arr":["120F","343","344","404","424"],"lines":"120F, 343, 344, 404, 424"},"geometry":{"type":"LineString","coordinates":[[12.587054,41.941164],[12.587375,41.941073]]}},{"type":"Feature","properties":{"mode":"bus","n":5,"arr":["128","669","766","C6","C8"],"lines":"128, 669, 766, C6, C8"},"geometry":{"type":"LineString","coordinates":[[12.475055,41.857136],[12.476306,41.857028]]}},{"type":"Feature","properties":{"mode":"bus","n":6,"arr":["128","170","766","791","792","C6"],"lines":"128, 170, 766, 791, 792, C6"},"geometry":{"type":"LineString","coordinates":[[12.470206,41.861255],[12.470816,41.859055],[12.47131,41.85743]]}},{"type":"Feature","properties":{"mode":"bus","n":6,"arr":["128","170","766","791","792","C6"],"lines":"128, 170, 766, 791, 792, C6"},"geometry":{"type":"LineString","coordinates":[[12.470028,41.861296],[12.470853,41.858319]]}},{"type":"Feature","properties":{"mode":"bus","n":7,"arr":["170","766","775","791","792","C6","n781"],"lines":"170, 766, 775, 791, 792, C6, n781"},"geometry":{"type":"LineString","coordinates":[[12.469371,41.864222],[12.469721,41.862951],[12.469725,41.862942],[12.469731,41.862937],[12.46974,41.862935],[12.469752,41.862935],[12.469775,41.862939],[12.469787,41.862939],[12.469796,41.862937],[12.469802,41.862932],[12.469806,41.862923],[12.469926,41.862464],[12.469903,41.862323],[12.470206,41.861255]]}},{"type":"Feature","properties":{"mode":"bus","n":7,"arr":["170","766","775","791","792","C6","n781"],"lines":"170, 766, 775, 791, 792, C6, n781"},"geometry":{"type":"LineString","coordinates":[[12.469164,41.864283],[12.470028,41.861296]]}},{"type":"Feature","properties":{"mode":"bus","n":5,"arr":["128","775","780","781","n781"],"lines":"128, 775, 780, 781, n781"},"geometry":{"type":"LineString","coordinates":[[12.463896,41.86153],[12.464159,41.862126],[12.464155,41.862193],[12.464107,41.862254]]}},{"type":"Feature","properties":{"mode":"bus","n":5,"arr":["128","775","780","781","n781"],"lines":"128, 775, 780, 781, n781"},"geometry":{"type":"LineString","coordinates":[[12.463571,41.862377],[12.463439,41.862336],[12.463357,41.862256],[12.462973,41.861565],[12.462899,41.861377],[12.462882,41.861321],[12.46288,41.861313],[12.46288,41.861307],[12.462881,41.861305],[12.462885,41.861305],[12.46289,41.861309],[12.462897,41.861316],[12.46298,41.861402],[12.463044,41.861432],[12.463105,41.861437],[12.463269,41.861396]]}},{"type":"Feature","properties":{"mode":"bus","n":5,"arr":["128","775","780","781","n781"],"lines":"128, 775, 780, 781, n781"},"geometry":{"type":"LineString","coordinates":[[12.463596,41.861289],[12.463711,41.861254]]}},{"type":"Feature","properties":{"mode":"bus","n":5,"arr":["128","775","780","781","n781"],"lines":"128, 775, 780, 781, n781"},"geometry":{"type":"LineString","coordinates":[[12.462873,41.861291],[12.462393,41.860621],[12.461922,41.86013],[12.461439,41.859734],[12.460815,41.859336],[12.460382,41.859024],[12.459898,41.858576],[12.45943,41.857967],[12.459207,41.857554],[12.459208,41.857491],[12.458659,41.855696],[12.458519,41.855308],[12.458441,41.854843],[12.458425,41.854534],[12.458465,41.854199],[12.458676,41.853557],[12.459239,41.852189],[12.459311,41.851572],[12.459296,41.851162],[12.459086,41.85044],[12.457495,41.847317]]}},{"type":"Feature","properties":{"mode":"bus","n":7,"arr":["128","711","775","780","781","C7","n781"],"lines":"128, 711, 775, 780, 781, C7, n781"},"geometry":{"type":"LineString","coordinates":[[12.457495,41.847317],[12.455262,41.842906],[12.454951,41.842605],[12.454767,41.842523],[12.454503,41.842463]]}},{"type":"Feature","properties":{"mode":"bus","n":8,"arr":["128","711","771","775","780","781","C7","n781"],"lines":"128, 711, 771, 775, 780, 781, C7, n781"},"geometry":{"type":"LineString","coordinates":[[12.454503,41.842463],[12.454315,41.842429],[12.454229,41.842391],[12.454112,41.842299],[12.454043,41.842174]]}},{"type":"Feature","properties":{"mode":"bus","n":8,"arr":["128","711","771","775","780","781","C7","n781"],"lines":"128, 711, 771, 775, 780, 781, C7, n781"},"geometry":{"type":"LineString","coordinates":[[12.454675,41.841681],[12.454798,41.841918]]}},{"type":"Feature","properties":{"mode":"bus","n":7,"arr":["128","771","775","780","781","C7","n781"],"lines":"128, 771, 775, 780, 781, C7, n781"},"geometry":{"type":"LineString","coordinates":[[12.454043,41.842174],[12.453925,41.841026]]}},{"type":"Feature","properties":{"mode":"bus","n":7,"arr":["128","771","775","780","781","C7","n781"],"lines":"128, 771, 775, 780, 781, C7, n781"},"geometry":{"type":"LineString","coordinates":[[12.454798,41.841918],[12.454871,41.84207]]}},{"type":"Feature","properties":{"mode":"bus","n":6,"arr":["128","228","713","719","M04","n719"],"lines":"128, 228, 713, 719, M04, n719"},"geometry":{"type":"LineString","coordinates":[[12.436583,41.834819],[12.435884,41.834854],[12.435429,41.834844],[12.433744,41.834404],[12.433481,41.83438],[12.432948,41.834397],[12.430901,41.83455],[12.430261,41.834481],[12.429988,41.834482],[12.428016,41.834603],[12.427299,41.834622],[12.426634,41.834589],[12.426313,41.834551],[12.425439,41.834382],[12.424863,41.834232],[12.424357,41.834061],[12.423361,41.833674],[12.423003,41.833508],[12.422634,41.833283],[12.421976,41.832717]]}},{"type":"Feature","properties":{"mode":"bus","n":10,"arr":["128","719","771","981","M03","M04","M05","M30","M50","n719"],"lines":"128, 719, 771, 981, M03, M04, M05, M30, M50, n719"},"geometry":{"type":"LineString","coordinates":[[12.418849,41.830205],[12.416822,41.82871]]}},{"type":"Feature","properties":{"mode":"bus","n":8,"arr":["128","719","771","981","M03","M04","M05","n719"],"lines":"128, 719, 771, 981, M03, M04, M05, n719"},"geometry":{"type":"LineString","coordinates":[[12.416822,41.82871],[12.416509,41.828497]]}},{"type":"Feature","properties":{"mode":"bus","n":6,"arr":["128","711","775","781","C7","n781"],"lines":"128, 711, 775, 781, C7, n781"},"geometry":{"type":"LineString","coordinates":[[12.454642,41.841618],[12.454675,41.841681]]}},{"type":"Feature","properties":{"mode":"bus","n":6,"arr":["128","775","780","781","C7","n781"],"lines":"128, 775, 780, 781, C7, n781"},"geometry":{"type":"LineString","coordinates":[[12.454871,41.84207],[12.455235,41.842796],[12.455262,41.842906]]}},{"type":"Feature","properties":{"mode":"bus","n":7,"arr":["128","170","669","766","791","792","C6"],"lines":"128, 170, 669, 766, 791, 792, C6"},"geometry":{"type":"LineString","coordinates":[[12.470853,41.858319],[12.471096,41.857448]]}},{"type":"Feature","properties":{"mode":"bus","n":5,"arr":["128","670","766","792","C6"],"lines":"128, 670, 766, 792, C6"},"geometry":{"type":"LineString","coordinates":[[12.473711,41.857059],[12.471361,41.857267]]}},{"type":"Feature","properties":{"mode":"bus","n":6,"arr":["128","670","766","769","792","C8"],"lines":"128, 670, 766, 769, 792, C8"},"geometry":{"type":"LineString","coordinates":[[12.477369,41.856723],[12.476723,41.856778]]}},{"type":"Feature","properties":{"mode":"bus","n":5,"arr":["128","670","766","769","C8"],"lines":"128, 670, 766, 769, C8"},"geometry":{"type":"LineString","coordinates":[[12.479812,41.85653],[12.477369,41.856723]]}},{"type":"Feature","properties":{"mode":"bus","n":5,"arr":["128","670","766","769","C8"],"lines":"128, 670, 766, 769, C8"},"geometry":{"type":"LineString","coordinates":[[12.480878,41.856377],[12.480644,41.856407]]}},{"type":"Feature","properties":{"mode":"bus","n":6,"arr":["128","670","715","766","769","C8"],"lines":"128, 670, 715, 766, 769, C8"},"geometry":{"type":"LineString","coordinates":[[12.480644,41.856407],[12.479812,41.85653]]}},{"type":"Feature","properties":{"mode":"bus","n":6,"arr":["128","669","715","766","769","C8"],"lines":"128, 669, 715, 766, 769, C8"},"geometry":{"type":"LineString","coordinates":[[12.480909,41.856522],[12.480992,41.85694]]}},{"type":"Feature","properties":{"mode":"bus","n":6,"arr":["128","669","715","766","769","C8"],"lines":"128, 669, 715, 766, 769, C8"},"geometry":{"type":"LineString","coordinates":[[12.479951,41.856689],[12.480031,41.856851],[12.480131,41.856915],[12.480206,41.856923],[12.480484,41.856887],[12.480681,41.856968]]}},{"type":"Feature","properties":{"mode":"bus","n":6,"arr":["128","669","715","766","769","C8"],"lines":"128, 669, 715, 766, 769, C8"},"geometry":{"type":"LineString","coordinates":[[12.480112,41.856907],[12.480037,41.856985]]}},{"type":"Feature","properties":{"mode":"bus","n":5,"arr":["128","669","766","769","C8"],"lines":"128, 669, 766, 769, C8"},"geometry":{"type":"LineString","coordinates":[[12.480681,41.856968],[12.480992,41.85694]]}},{"type":"Feature","properties":{"mode":"bus","n":5,"arr":["128","669","766","769","C8"],"lines":"128, 669, 766, 769, C8"},"geometry":{"type":"LineString","coordinates":[[12.478824,41.856799],[12.479951,41.856689]]}},{"type":"Feature","properties":{"mode":"bus","n":6,"arr":["135","163","309","441","C2","n041"],"lines":"135, 163, 309, 441, C2, n041"},"geometry":{"type":"LineString","coordinates":[[12.532455,41.908273],[12.532361,41.908274]]}},{"type":"Feature","properties":{"mode":"bus","n":5,"arr":["135","492","545","C2","nMB"],"lines":"135, 492, 545, C2, nMB"},"geometry":{"type":"LineString","coordinates":[[12.53111,41.909452],[12.531023,41.909417]]}},{"type":"Feature","properties":{"mode":"bus","n":5,"arr":["146","446","907L","980","C6"],"lines":"146, 446, 907L, 980, C6"},"geometry":{"type":"LineString","coordinates":[[12.426113,41.925919],[12.426482,41.926965],[12.426568,41.927336],[12.426534,41.92827],[12.426438,41.92927],[12.426449,41.930179]]}},{"type":"Feature","properties":{"mode":"bus","n":5,"arr":["146","446","907L","980","C6"],"lines":"146, 446, 907L, 980, C6"},"geometry":{"type":"LineString","coordinates":[[12.426628,41.926748],[12.426711,41.927527],[12.426812,41.928068],[12.426926,41.928422],[12.427215,41.928992],[12.42741,41.929474],[12.427498,41.929932],[12.427488,41.930255]]}},{"type":"Feature","properties":{"mode":"bus","n":6,"arr":["146","446","907L","980","985","C6"],"lines":"146, 446, 907L, 980, 985, C6"},"geometry":{"type":"LineString","coordinates":[[12.424949,41.924324],[12.425176,41.92477],[12.426113,41.925919]]}},{"type":"Feature","properties":{"mode":"bus","n":6,"arr":["146","446","907L","980","985","C6"],"lines":"146, 446, 907L, 980, 985, C6"},"geometry":{"type":"LineString","coordinates":[[12.42494,41.923927],[12.424988,41.923997]]}},{"type":"Feature","properties":{"mode":"bus","n":5,"arr":["146","446","980","985","C6"],"lines":"146, 446, 980, 985, C6"},"geometry":{"type":"LineString","coordinates":[[12.423732,41.922293],[12.424788,41.923956],[12.424949,41.924324]]}},{"type":"Feature","properties":{"mode":"bus","n":5,"arr":["146","446","980","985","C6"],"lines":"146, 446, 980, 985, C6"},"geometry":{"type":"LineString","coordinates":[[12.42391,41.922307],[12.42494,41.923927]]}},{"type":"Feature","properties":{"mode":"bus","n":7,"arr":["146","546","905","980","981","985","n904"],"lines":"146, 546, 905, 980, 981, 985, n904"},"geometry":{"type":"LineString","coordinates":[[12.401218,41.909706],[12.401271,41.909738]]}},{"type":"Feature","properties":{"mode":"bus","n":5,"arr":["146","904","905","981","n904"],"lines":"146, 904, 905, 981, n904"},"geometry":{"type":"LineString","coordinates":[[12.400228,41.910253],[12.400205,41.910189]]}},{"type":"Feature","properties":{"mode":"bus","n":5,"arr":["150F","313","314","437","n543"],"lines":"150F, 313, 314, 437, n543"},"geometry":{"type":"LineString","coordinates":[[12.589861,41.903923],[12.59093,41.899743]]}},{"type":"Feature","properties":{"mode":"bus","n":6,"arr":["150F","313","314","508","A07","A70"],"lines":"150F, 313, 314, 508, A07, A70"},"geometry":{"type":"LineString","coordinates":[[12.576005,41.894634],[12.575237,41.894948]]}},{"type":"Feature","properties":{"mode":"bus","n":5,"arr":["160","669","671","716","C8"],"lines":"160, 669, 671, 716, C8"},"geometry":{"type":"LineString","coordinates":[[12.487869,41.847409],[12.48425,41.844791],[12.482989,41.84396],[12.482605,41.843625],[12.482408,41.843414],[12.481824,41.842559]]}},{"type":"Feature","properties":{"mode":"bus","n":8,"arr":["160","669","671","716","766","769","C8","n716"],"lines":"160, 669, 671, 716, 766, 769, C8, n716"},"geometry":{"type":"LineString","coordinates":[[12.491384,41.849934],[12.487869,41.847409]]}},{"type":"Feature","properties":{"mode":"bus","n":6,"arr":["160","669","671","716","766","n716"],"lines":"160, 669, 671, 716, 766, n716"},"geometry":{"type":"LineString","coordinates":[[12.491459,41.849988],[12.491384,41.849934]]}},{"type":"Feature","properties":{"mode":"bus","n":5,"arr":["160","669","671","716","n716"],"lines":"160, 669, 671, 716, n716"},"geometry":{"type":"LineString","coordinates":[[12.493363,41.850797],[12.493302,41.850793],[12.493237,41.850824],[12.492979,41.851017],[12.492956,41.851029],[12.492933,41.851029],[12.49291,41.851018],[12.491459,41.849988]]}},{"type":"Feature","properties":{"mode":"bus","n":5,"arr":["160","669","671","L70","n716"],"lines":"160, 669, 671, L70, n716"},"geometry":{"type":"LineString","coordinates":[[12.496624,41.858465],[12.496655,41.85843]]}},{"type":"Feature","properties":{"mode":"bus","n":7,"arr":["160","671","714","792","F02","L07","L08"],"lines":"160, 671, 714, 792, F02, L07, L08"},"geometry":{"type":"LineString","coordinates":[[12.496808,41.8731],[12.496635,41.871393]]}},{"type":"Feature","properties":{"mode":"bus","n":7,"arr":["160","671","714","792","F20","L70","L80"],"lines":"160, 671, 714, 792, F20, L70, L80"},"geometry":{"type":"LineString","coordinates":[[12.496491,41.874069],[12.496481,41.873688],[12.496395,41.873491],[12.496372,41.873282]]}},{"type":"Feature","properties":{"mode":"bus","n":7,"arr":["160","671","714","792","F20","L70","L80"],"lines":"160, 671, 714, 792, F20, L70, L80"},"geometry":{"type":"LineString","coordinates":[[12.496229,41.871412],[12.496206,41.871215]]}},{"type":"Feature","properties":{"mode":"bus","n":6,"arr":["671","714","792","F20","L70","L80"],"lines":"671, 714, 792, F20, L70, L80"},"geometry":{"type":"LineString","coordinates":[[12.496372,41.873282],[12.496229,41.871412]]}},{"type":"Feature","properties":{"mode":"bus","n":6,"arr":["671","714","792","F20","L70","L80"],"lines":"671, 714, 792, F20, L70, L80"},"geometry":{"type":"LineString","coordinates":[[12.496401,41.874828],[12.49648,41.874405],[12.496491,41.874069]]}},{"type":"Feature","properties":{"mode":"bus","n":9,"arr":["160","671","714","792","F10","F20","L40","L70","L80"],"lines":"160, 671, 714, 792, F10, F20, L40, L70, L80"},"geometry":{"type":"LineString","coordinates":[[12.496206,41.871215],[12.496185,41.871055]]}},{"type":"Feature","properties":{"mode":"bus","n":8,"arr":["160","670","671","716","L40","L70","L80","n716"],"lines":"160, 670, 671, 716, L40, L70, L80, n716"},"geometry":{"type":"LineString","coordinates":[[12.496279,41.858729],[12.496624,41.858465]]}},{"type":"Feature","properties":{"mode":"bus","n":6,"arr":["160","670","671","L40","L70","L80"],"lines":"160, 670, 671, L40, L70, L80"},"geometry":{"type":"LineString","coordinates":[[12.496624,41.858465],[12.496529,41.857921],[12.49653,41.857749],[12.496604,41.857431]]}},{"type":"Feature","properties":{"mode":"bus","n":7,"arr":["160","670","671","L30","L40","L70","L80"],"lines":"160, 670, 671, L30, L40, L70, L80"},"geometry":{"type":"LineString","coordinates":[[12.496604,41.857431],[12.497222,41.855091]]}},{"type":"Feature","properties":{"mode":"bus","n":6,"arr":["160","671","L30","L40","L70","L80"],"lines":"160, 671, L30, L40, L70, L80"},"geometry":{"type":"LineString","coordinates":[[12.497222,41.855091],[12.497637,41.853558]]}},{"type":"Feature","properties":{"mode":"bus","n":7,"arr":["160","671","L30","L40","L70","L80","n716"],"lines":"160, 671, L30, L40, L70, L80, n716"},"geometry":{"type":"LineString","coordinates":[[12.497637,41.853558],[12.497672,41.853434]]}},{"type":"Feature","properties":{"mode":"bus","n":5,"arr":["160","670","671","716","n716"],"lines":"160, 670, 671, 716, n716"},"geometry":{"type":"LineString","coordinates":[[12.493646,41.850963],[12.493574,41.850967],[12.493409,41.851037],[12.493207,41.851232]]}},{"type":"Feature","properties":{"mode":"bus","n":9,"arr":["160","670","671","716","L30","L40","L70","L80","n716"],"lines":"160, 670, 671, 716, L30, L40, L70, L80, n716"},"geometry":{"type":"LineString","coordinates":[[12.489165,41.848532],[12.492796,41.851119],[12.492806,41.85113],[12.492807,41.851141],[12.4928,41.851153],[12.492766,41.851187],[12.492738,41.851266],[12.492758,41.851336],[12.492809,41.851386],[12.492876,41.85142],[12.492976,41.851417],[12.493207,41.851232]]}},{"type":"Feature","properties":{"mode":"bus","n":10,"arr":["160","670","671","716","766","L30","L40","L70","L80","n716"],"lines":"160, 670, 671, 716, 766, L30, L40, L70, L80, n716"},"geometry":{"type":"LineString","coordinates":[[12.489089,41.848477],[12.489165,41.848532]]}},{"type":"Feature","properties":{"mode":"bus","n":12,"arr":["160","670","671","716","766","769","C8","L30","L40","L70","L80","n716"],"lines":"160, 670, 671, 716, 766, 769, C8, L30, L40, L70, L80, n716"},"geometry":{"type":"LineString","coordinates":[[12.487732,41.847518],[12.489089,41.848477]]}},{"type":"Feature","properties":{"mode":"bus","n":9,"arr":["160","670","671","716","C8","L30","L40","L70","L80"],"lines":"160, 670, 671, 716, C8, L30, L40, L70, L80"},"geometry":{"type":"LineString","coordinates":[[12.484139,41.844937],[12.48591,41.846233],[12.487732,41.847518]]}},{"type":"Feature","properties":{"mode":"bus","n":8,"arr":["160","671","716","C8","L30","L40","L70","L80"],"lines":"160, 671, 716, C8, L30, L40, L70, L80"},"geometry":{"type":"LineString","coordinates":[[12.484065,41.84488],[12.484139,41.844937]]}},{"type":"Feature","properties":{"mode":"bus","n":6,"arr":["160","669","670","671","716","C8"],"lines":"160, 669, 670, 671, 716, C8"},"geometry":{"type":"LineString","coordinates":[[12.481824,41.842559],[12.481366,41.841796],[12.481272,41.841555],[12.481297,41.841283]]}},{"type":"Feature","properties":{"mode":"bus","n":6,"arr":["163","492","542","C2","C3","n3d"],"lines":"163, 492, 542, C2, C3, n3d"},"geometry":{"type":"LineString","coordinates":[[12.518819,41.901946],[12.518775,41.901971],[12.518764,41.901981],[12.518761,41.901992],[12.518766,41.902005],[12.518901,41.902194]]}},{"type":"Feature","properties":{"mode":"bus","n":6,"arr":["168","310","445","542","nMB1","P10"],"lines":"168, 310, 445, 542, nMB1, P10"},"geometry":{"type":"LineString","coordinates":[[12.520751,41.914007],[12.520659,41.914079],[12.520506,41.914297],[12.52038,41.915283],[12.520315,41.915499],[12.520213,41.916114],[12.519939,41.918162],[12.519989,41.918285],[12.519889,41.918879],[12.519775,41.919308],[12.519525,41.919786]]}},{"type":"Feature","properties":{"mode":"bus","n":5,"arr":["168","310","445","542","nMB1"],"lines":"168, 310, 445, 542, nMB1"},"geometry":{"type":"LineString","coordinates":[[12.520371,41.915334],[12.520391,41.915601],[12.520359,41.916025],[12.520119,41.917759],[12.520048,41.918191],[12.519989,41.918285]]}},{"type":"Feature","properties":{"mode":"bus","n":5,"arr":["168","910","982","n3d","n3s"],"lines":"168, 910, 982, n3d, n3s"},"geometry":{"type":"LineString","coordinates":[[12.471914,41.929939],[12.472016,41.929967],[12.473107,41.930063]]}},{"type":"Feature","properties":{"mode":"bus","n":9,"arr":["168","200","226","280","446","911","C2","n200","n201"],"lines":"168, 200, 226, 280, 446, 911, C2, n200, n201"},"geometry":{"type":"LineString","coordinates":[[12.459215,41.931781],[12.462318,41.93058]]}},{"type":"Feature","properties":{"mode":"bus","n":11,"arr":["168","200","226","280","446","910","911","C2","C3","n200","n201"],"lines":"168, 200, 226, 280, 446, 910, 911, C2, C3, n200, n201"},"geometry":{"type":"LineString","coordinates":[[12.462318,41.93058],[12.462914,41.931388],[12.463597,41.932097]]}},{"type":"Feature","properties":{"mode":"bus","n":5,"arr":["168","223","230","910","n3d"],"lines":"168, 223, 230, 910, n3d"},"geometry":{"type":"LineString","coordinates":[[12.48138,41.926764],[12.481456,41.926765]]}},{"type":"Feature","properties":{"mode":"bus","n":6,"arr":["170","719","766","781","C6","n781"],"lines":"170, 719, 766, 781, C6, n781"},"geometry":{"type":"LineString","coordinates":[[12.466355,41.873442],[12.466719,41.873096],[12.467046,41.872873],[12.467436,41.872646],[12.46748,41.872598]]}},{"type":"Feature","properties":{"mode":"bus","n":7,"arr":["170","719","766","775","781","C6","n781"],"lines":"170, 719, 766, 775, 781, C6, n781"},"geometry":{"type":"LineString","coordinates":[[12.46748,41.872598],[12.467449,41.872066],[12.467519,41.871926],[12.467481,41.871089],[12.467501,41.870949]]}},{"type":"Feature","properties":{"mode":"bus","n":7,"arr":["170","766","775","780","781","C6","n781"],"lines":"170, 766, 775, 780, 781, C6, n781"},"geometry":{"type":"LineString","coordinates":[[12.467335,41.870908],[12.467376,41.870631],[12.467762,41.869285]]}},{"type":"Feature","properties":{"mode":"bus","n":7,"arr":["170","766","775","780","781","C6","n781"],"lines":"170, 766, 775, 780, 781, C6, n781"},"geometry":{"type":"LineString","coordinates":[[12.467501,41.870949],[12.467783,41.869912]]}},{"type":"Feature","properties":{"mode":"bus","n":5,"arr":["170","766","775","C6","n781"],"lines":"170, 766, 775, C6, n781"},"geometry":{"type":"LineString","coordinates":[[12.467762,41.869285],[12.469164,41.864283]]}},{"type":"Feature","properties":{"mode":"bus","n":5,"arr":["170","766","775","C6","n781"],"lines":"170, 766, 775, C6, n781"},"geometry":{"type":"LineString","coordinates":[[12.468031,41.869216],[12.468849,41.866349],[12.46885,41.866339],[12.468847,41.866332],[12.468839,41.866327],[12.468827,41.866324],[12.468804,41.866321],[12.468792,41.866318],[12.468784,41.866313],[12.468781,41.866306],[12.468782,41.866296],[12.469371,41.864222]]}},{"type":"Feature","properties":{"mode":"bus","n":5,"arr":["170","669","791","nMB","nME"],"lines":"170, 669, 791, nMB, nME"},"geometry":{"type":"LineString","coordinates":[[12.473133,41.852318],[12.474492,41.849399],[12.475933,41.846209]]}},{"type":"Feature","properties":{"mode":"bus","n":5,"arr":["170","670","791","nMB","nME"],"lines":"170, 670, 791, nMB, nME"},"geometry":{"type":"LineString","coordinates":[[12.473316,41.852376],[12.475357,41.847892],[12.476125,41.846274]]}},{"type":"Feature","properties":{"mode":"bus","n":10,"arr":["701","771","773","775","786F","C7","M03","M05","M30","M50"],"lines":"701, 771, 773, 775, 786F, C7, M03, M05, M30, M50"},"geometry":{"type":"LineString","coordinates":[[12.413441,41.846232],[12.413966,41.84687],[12.414265,41.847133]]}},{"type":"Feature","properties":{"mode":"bus","n":10,"arr":["701","771","773","775","786F","C7","M03","M05","M30","M50"],"lines":"701, 771, 773, 775, 786F, C7, M03, M05, M30, M50"},"geometry":{"type":"LineString","coordinates":[[12.413195,41.845937],[12.413234,41.845979]]}},{"type":"Feature","properties":{"mode":"bus","n":11,"arr":["180F","701","771","773","775","786F","C7","M03","M05","M30","M50"],"lines":"180F, 701, 771, 773, 775, 786F, C7, M03, M05, M30, M50"},"geometry":{"type":"LineString","coordinates":[[12.414265,41.847133],[12.41437,41.847208]]}},{"type":"Feature","properties":{"mode":"bus","n":10,"arr":["180F","701","771","773","775","786F","C7","M03","M05","M50"],"lines":"180F, 701, 771, 773, 775, 786F, C7, M03, M05, M50"},"geometry":{"type":"LineString","coordinates":[[12.41437,41.847208],[12.41473,41.847376]]}},{"type":"Feature","properties":{"mode":"bus","n":7,"arr":["180F","701","771","773","C7","M05","M50"],"lines":"180F, 701, 771, 773, C7, M05, M50"},"geometry":{"type":"LineString","coordinates":[[12.41473,41.847376],[12.415222,41.847505],[12.415814,41.847585],[12.41751,41.847625],[12.41851,41.847736],[12.418903,41.847837],[12.419317,41.848034],[12.420817,41.849076],[12.42084,41.849088],[12.420865,41.849088],[12.42089,41.849079],[12.42094,41.849049],[12.420962,41.849041],[12.420987,41.849042],[12.421036,41.849053],[12.421225,41.849203],[12.421237,41.849216],[12.42124,41.849227],[12.421233,41.849239],[12.421218,41.849249],[12.421146,41.849285],[12.42113,41.849296],[12.421123,41.849307],[12.421125,41.84932],[12.421135,41.849334],[12.421642,41.84983],[12.42201,41.850108],[12.422782,41.850522],[12.42304,41.85062],[12.423455,41.850737]]}},{"type":"Feature","properties":{"mode":"bus","n":7,"arr":["180F","701","771","773","C7","M05","M50"],"lines":"180F, 701, 771, 773, C7, M05, M50"},"geometry":{"type":"LineString","coordinates":[[12.419479,41.848141],[12.41957,41.848085]]}},{"type":"Feature","properties":{"mode":"bus","n":6,"arr":["180F","495","913L","990","990L","n913"],"lines":"180F, 495, 913L, 990, 990L, n913"},"geometry":{"type":"LineString","coordinates":[[12.449237,41.90907],[12.449424,41.909114]]}},{"type":"Feature","properties":{"mode":"bus","n":7,"arr":["180F","495","913","913L","990","990L","n913"],"lines":"180F, 495, 913, 913L, 990, 990L, n913"},"geometry":{"type":"LineString","coordinates":[[12.449424,41.909114],[12.449576,41.909113],[12.450078,41.909231]]}},{"type":"Feature","properties":{"mode":"bus","n":11,"arr":["180F","490","492","495","590","913","913L","990","990L","n913","nMA"],"lines":"180F, 490, 492, 495, 590, 913, 913L, 990, 990L, n913, nMA"},"geometry":{"type":"LineString","coordinates":[[12.450924,41.909439],[12.450078,41.909231]]}},{"type":"Feature","properties":{"mode":"bus","n":9,"arr":["180F","490","492","590","913","913L","990","n913","nMA"],"lines":"180F, 490, 492, 590, 913, 913L, 990, n913, nMA"},"geometry":{"type":"LineString","coordinates":[[12.45491,41.910418],[12.450924,41.909439]]}},{"type":"Feature","properties":{"mode":"bus","n":7,"arr":["180F","490","492","495","590","990L","nMA"],"lines":"180F, 490, 492, 495, 590, 990L, nMA"},"geometry":{"type":"LineString","coordinates":[[12.450078,41.909231],[12.450451,41.908407],[12.450454,41.908387],[12.450444,41.908372],[12.45042,41.908361],[12.449233,41.908056]]}},{"type":"Feature","properties":{"mode":"bus","n":8,"arr":["180F","247","490","492","495","590","990L","nMA"],"lines":"180F, 247, 490, 492, 495, 590, 990L, nMA"},"geometry":{"type":"LineString","coordinates":[[12.449233,41.908056],[12.449682,41.907514],[12.449678,41.907393],[12.44959,41.907245],[12.448903,41.906533]]}},{"type":"Feature","properties":{"mode":"bus","n":6,"arr":["180F","247","490","495","990L","nMA"],"lines":"180F, 247, 490, 495, 990L, nMA"},"geometry":{"type":"LineString","coordinates":[[12.448903,41.906533],[12.448831,41.906462]]}},{"type":"Feature","properties":{"mode":"bus","n":5,"arr":["180F","247","490","495","nMA"],"lines":"180F, 247, 490, 495, nMA"},"geometry":{"type":"LineString","coordinates":[[12.448831,41.906462],[12.447654,41.905365]]}},{"type":"Feature","properties":{"mode":"bus","n":5,"arr":["180F","701","773","C7","M05"],"lines":"180F, 701, 773, C7, M05"},"geometry":{"type":"LineString","coordinates":[[12.421597,41.849786],[12.421734,41.849719]]}},{"type":"Feature","properties":{"mode":"bus","n":5,"arr":["180F","775","786F","C7","M03"],"lines":"180F, 775, 786F, C7, M03"},"geometry":{"type":"LineString","coordinates":[[12.414515,41.847471],[12.414272,41.84754],[12.414152,41.847619],[12.413107,41.848825]]}},{"type":"Feature","properties":{"mode":"bus","n":5,"arr":["188","301","446","911","n200"],"lines":"188, 301, 446, 911, n200"},"geometry":{"type":"LineString","coordinates":[[12.466512,41.936702],[12.466599,41.936701],[12.466619,41.936703],[12.466631,41.936709],[12.466637,41.936719],[12.466635,41.936734],[12.466609,41.936812],[12.466566,41.936886],[12.466492,41.936943],[12.466242,41.937465]]}},{"type":"Feature","properties":{"mode":"bus","n":5,"arr":["188","301","446","911","n200"],"lines":"188, 301, 446, 911, n200"},"geometry":{"type":"LineString","coordinates":[[12.466151,41.93669],[12.4662,41.936822],[12.466017,41.937367],[12.465915,41.937874],[12.465881,41.937921],[12.465713,41.93807],[12.465323,41.938274],[12.46455,41.938881],[12.463465,41.939867],[12.463194,41.940158],[12.462985,41.940594]]}},{"type":"Feature","properties":{"mode":"bus","n":5,"arr":["188","301","446","911","n200"],"lines":"188, 301, 446, 911, n200"},"geometry":{"type":"LineString","coordinates":[[12.458328,41.946525],[12.458707,41.946928],[12.458892,41.947052],[12.45909,41.947146],[12.459383,41.947227],[12.460921,41.947393],[12.461426,41.947492],[12.462242,41.947753],[12.462566,41.947966],[12.462698,41.948124]]}},{"type":"Feature","properties":{"mode":"bus","n":6,"arr":["188","226","301","446","911","n200"],"lines":"188, 226, 301, 446, 911, n200"},"geometry":{"type":"LineString","coordinates":[[12.466403,41.936704],[12.466512,41.936702]]}},{"type":"Feature","properties":{"mode":"bus","n":6,"arr":["889","892","916","916F","M03","n904"],"lines":"889, 892, 916, 916F, M03, n904"},"geometry":{"type":"LineString","coordinates":[[12.429834,41.894821],[12.429846,41.894848]]}},{"type":"Feature","properties":{"mode":"bus","n":9,"arr":["190F","791","889","892","916","916F","C6","M03","n904"],"lines":"190F, 791, 889, 892, 916, 916F, C6, M03, n904"},"geometry":{"type":"LineString","coordinates":[[12.429846,41.894848],[12.429853,41.895079]]}},{"type":"Feature","properties":{"mode":"bus","n":10,"arr":["190F","247","791","889","892","916","916F","C6","M03","n904"],"lines":"190F, 247, 791, 889, 892, 916, 916F, C6, M03, n904"},"geometry":{"type":"LineString","coordinates":[[12.429853,41.895079],[12.429719,41.895315],[12.429292,41.895606],[12.429225,41.895678],[12.428591,41.896887]]}},{"type":"Feature","properties":{"mode":"bus","n":13,"arr":["190F","246","246P","247","791","889","892","916","916F","C6","M03","n904","nMA"],"lines":"190F, 246, 246P, 247, 791, 889, 892, 916, 916F, C6, M03, n904, nMA"},"geometry":{"type":"LineString","coordinates":[[12.428591,41.896887],[12.427804,41.898431]]}},{"type":"Feature","properties":{"mode":"bus","n":10,"arr":["190F","246","246P","791","889","916","916F","C6","M03","n904"],"lines":"190F, 246, 246P, 791, 889, 916, 916F, C6, M03, n904"},"geometry":{"type":"LineString","coordinates":[[12.427804,41.898431],[12.427725,41.898582]]}},{"type":"Feature","properties":{"mode":"bus","n":12,"arr":["190F","546","889","905","906","907","907L","916","916F","980","981","983"],"lines":"190F, 546, 889, 905, 906, 907, 907L, 916, 916F, 980, 981, 983"},"geometry":{"type":"LineString","coordinates":[[12.421256,41.903285],[12.421282,41.903339]]}},{"type":"Feature","properties":{"mode":"bus","n":13,"arr":["190F","546","889","905","906","907","916","916F","980","981","983","993","nMA"],"lines":"190F, 546, 889, 905, 906, 907, 916, 916F, 980, 981, 983, 993, nMA"},"geometry":{"type":"LineString","coordinates":[[12.418928,41.903619],[12.418911,41.903549]]}},{"type":"Feature","properties":{"mode":"bus","n":11,"arr":["190F","246","246P","791","889","916","916F","C6","M30","n904","nMA"],"lines":"190F, 246, 246P, 791, 889, 916, 916F, C6, M30, n904, nMA"},"geometry":{"type":"LineString","coordinates":[[12.425586,41.901997],[12.42588,41.901414],[12.427035,41.899322]]}},{"type":"Feature","properties":{"mode":"bus","n":12,"arr":["190F","246","246P","791","889","892","916","916F","C6","M30","n904","nMA"],"lines":"190F, 246, 246P, 791, 889, 892, 916, 916F, C6, M30, n904, nMA"},"geometry":{"type":"LineString","coordinates":[[12.427035,41.899322],[12.427425,41.898599]]}},{"type":"Feature","properties":{"mode":"bus","n":10,"arr":["190F","791","889","892","916","916F","C6","M30","n904","nMA"],"lines":"190F, 791, 889, 892, 916, 916F, C6, M30, n904, nMA"},"geometry":{"type":"LineString","coordinates":[[12.427425,41.898599],[12.427721,41.897995]]}},{"type":"Feature","properties":{"mode":"bus","n":13,"arr":["190F","246","246P","247","791","889","892","916","916F","C6","M30","n904","nMA"],"lines":"190F, 246, 246P, 247, 791, 889, 892, 916, 916F, C6, M30, n904, nMA"},"geometry":{"type":"LineString","coordinates":[[12.427721,41.897995],[12.428361,41.896809]]}},{"type":"Feature","properties":{"mode":"bus","n":12,"arr":["190F","246","247","791","889","892","916","916F","C6","M30","n904","nMA"],"lines":"190F, 246, 247, 791, 889, 892, 916, 916F, C6, M30, n904, nMA"},"geometry":{"type":"LineString","coordinates":[[12.428361,41.896809],[12.428455,41.89662]]}},{"type":"Feature","properties":{"mode":"bus","n":6,"arr":["200","226","280","446","911","n200"],"lines":"200, 226, 280, 446, 911, n200"},"geometry":{"type":"LineString","coordinates":[[12.463597,41.932097],[12.46334,41.932041]]}},{"type":"Feature","properties":{"mode":"bus","n":7,"arr":["200","226","280","446","911","n200","n201"],"lines":"200, 226, 280, 446, 911, n200, n201"},"geometry":{"type":"LineString","coordinates":[[12.46334,41.932041],[12.462623,41.931257],[12.462163,41.930639]]}},{"type":"Feature","properties":{"mode":"bus","n":9,"arr":["200","201","223","226","C2","C3","G40","G50","n201"],"lines":"200, 201, 223, 226, C2, C3, G40, G50, n201"},"geometry":{"type":"LineString","coordinates":[[12.469262,41.944936],[12.469296,41.94464],[12.469499,41.94405],[12.469685,41.943695],[12.470009,41.943251],[12.470705,41.94206],[12.470844,41.941483]]}},{"type":"Feature","properties":{"mode":"bus","n":8,"arr":["200","201","223","C2","C3","G40","G50","n200"],"lines":"200, 201, 223, C2, C3, G40, G50, n200"},"geometry":{"type":"LineString","coordinates":[[12.47006,41.947391],[12.469676,41.946428],[12.469613,41.94612],[12.469526,41.945996],[12.46948,41.945872],[12.469389,41.945438],[12.469373,41.945045],[12.469262,41.944936]]}},{"type":"Feature","properties":{"mode":"bus","n":6,"arr":["200","C2","C3","G40","G50","n200"],"lines":"200, C2, C3, G40, G50, n200"},"geometry":{"type":"LineString","coordinates":[[12.470578,41.948789],[12.470561,41.948613],[12.470224,41.947702],[12.47014,41.947494],[12.47006,41.947391]]}},{"type":"Feature","properties":{"mode":"bus","n":6,"arr":["200","C2","C3","G40","G50","n200"],"lines":"200, C2, C3, G40, G50, n200"},"geometry":{"type":"LineString","coordinates":[[12.478762,41.955059],[12.478951,41.955087],[12.482173,41.955968],[12.482779,41.956073],[12.483217,41.956187],[12.483261,41.95619],[12.4833,41.956176],[12.483404,41.956114],[12.483422,41.956106],[12.483438,41.956104],[12.483453,41.95611],[12.483467,41.956122],[12.483563,41.956237],[12.484487,41.956627],[12.484658,41.956638],[12.484744,41.956614],[12.4848,41.956579],[12.484882,41.95645]]}},{"type":"Feature","properties":{"mode":"bus","n":6,"arr":["200","C2","C3","G40","G50","n200"],"lines":"200, C2, C3, G40, G50, n200"},"geometry":{"type":"LineString","coordinates":[[12.475652,41.954205],[12.475759,41.954054]]}},{"type":"Feature","properties":{"mode":"bus","n":8,"arr":["200","C2","C3","G04","G05","G40","G50","n200"],"lines":"200, C2, C3, G04, G05, G40, G50, n200"},"geometry":{"type":"LineString","coordinates":[[12.478762,41.955059],[12.474476,41.953874],[12.474112,41.953738],[12.473772,41.953569],[12.473285,41.953244],[12.472893,41.952876],[12.472648,41.952526],[12.470578,41.948789]]}},{"type":"Feature","properties":{"mode":"bus","n":5,"arr":["200","334","C2","C3","n200"],"lines":"200, 334, C2, C3, n200"},"geometry":{"type":"LineString","coordinates":[[12.493679,41.977749],[12.493731,41.97795]]}},{"type":"Feature","properties":{"mode":"bus","n":6,"arr":["200","334","C2","C3","G06","n200"],"lines":"200, 334, C2, C3, G06, n200"},"geometry":{"type":"LineString","coordinates":[[12.493731,41.97795],[12.49381,41.978505],[12.493813,41.978907],[12.493545,41.980452],[12.49348,41.981283],[12.49351,41.981856],[12.493631,41.983035],[12.493615,41.983441]]}},{"type":"Feature","properties":{"mode":"bus","n":6,"arr":["200","334","C2","C3","G60","n200"],"lines":"200, 334, C2, C3, G60, n200"},"geometry":{"type":"LineString","coordinates":[[12.493133,41.984321],[12.493434,41.983716],[12.493514,41.983337],[12.493517,41.982952],[12.493378,41.981609],[12.493377,41.980939],[12.493457,41.98026],[12.49366,41.979152],[12.493684,41.978735]]}},{"type":"Feature","properties":{"mode":"bus","n":5,"arr":["200","C2","C3","G60","n200"],"lines":"200, C2, C3, G60, n200"},"geometry":{"type":"LineString","coordinates":[[12.493684,41.978735],[12.493627,41.978111],[12.49342,41.977315]]}},{"type":"Feature","properties":{"mode":"bus","n":6,"arr":["200","C2","C3","G04","G05","n200"],"lines":"200, C2, C3, G04, G05, n200"},"geometry":{"type":"LineString","coordinates":[[12.486584,41.959171],[12.486532,41.958942],[12.486376,41.958608],[12.485958,41.958015],[12.485668,41.957689],[12.485324,41.957402],[12.484963,41.95712],[12.484641,41.956918],[12.484023,41.956638],[12.483025,41.956289],[12.48115,41.955735],[12.478914,41.955125],[12.478762,41.955059]]}},{"type":"Feature","properties":{"mode":"bus","n":6,"arr":["200","C2","C3","G04","G05","n200"],"lines":"200, C2, C3, G04, G05, n200"},"geometry":{"type":"LineString","coordinates":[[12.470578,41.948789],[12.470451,41.948631],[12.470175,41.947997],[12.469719,41.94756]]}},{"type":"Feature","properties":{"mode":"bus","n":5,"arr":["200","C2","C3","G40","n200"],"lines":"200, C2, C3, G40, n200"},"geometry":{"type":"LineString","coordinates":[[12.474476,41.953874],[12.474571,41.953804]]}},{"type":"Feature","properties":{"mode":"bus","n":8,"arr":["200","201","223","C2","C3","G04","G05","n200"],"lines":"200, 201, 223, C2, C3, G04, G05, n200"},"geometry":{"type":"LineString","coordinates":[[12.469719,41.94756],[12.469602,41.946976]]}},{"type":"Feature","properties":{"mode":"bus","n":10,"arr":["200","201","223","226","C2","C3","G04","G05","n200","n201"],"lines":"200, 201, 223, 226, C2, C3, G04, G05, n200, n201"},"geometry":{"type":"LineString","coordinates":[[12.469602,41.946976],[12.469438,41.946413]]}},{"type":"Feature","properties":{"mode":"bus","n":9,"arr":["200","201","223","226","C2","C3","G04","G05","n201"],"lines":"200, 201, 223, 226, C2, C3, G04, G05, n201"},"geometry":{"type":"LineString","coordinates":[[12.469438,41.946413],[12.469261,41.945963],[12.469152,41.945452],[12.469132,41.944923],[12.469186,41.944554],[12.46932,41.94414],[12.469498,41.943774],[12.469924,41.94315],[12.470577,41.942021],[12.470648,41.941707]]}},{"type":"Feature","properties":{"mode":"bus","n":5,"arr":["201","223","C3","G40","G50"],"lines":"201, 223, C3, G40, G50"},"geometry":{"type":"LineString","coordinates":[[12.471349,41.938722],[12.471987,41.935119],[12.472141,41.934389]]}},{"type":"Feature","properties":{"mode":"bus","n":5,"arr":["201","223","226","301","n201"],"lines":"201, 223, 226, 301, n201"},"geometry":{"type":"LineString","coordinates":[[12.457043,41.957333],[12.457022,41.957369],[12.457012,41.95738],[12.456999,41.957386],[12.456981,41.957387],[12.455899,41.95732],[12.455613,41.95733],[12.455189,41.957396],[12.454915,41.957497],[12.454663,41.957697],[12.454495,41.957946],[12.454259,41.958462],[12.454017,41.959175],[12.453876,41.959377],[12.453711,41.959509],[12.453303,41.959726],[12.452095,41.960164],[12.451632,41.960361],[12.451382,41.96051],[12.450934,41.960866],[12.45043,41.961648],[12.450244,41.961829],[12.450067,41.961957],[12.449634,41.962175],[12.449292,41.962307],[12.447995,41.962694],[12.447249,41.963039],[12.444339,41.964695],[12.4426,41.96557],[12.440871,41.966366],[12.440565,41.966535],[12.437507,41.968787],[12.436992,41.969204],[12.435022,41.970671],[12.433724,41.971576]]}},{"type":"Feature","properties":{"mode":"bus","n":5,"arr":["201","223","C3","G04","G05"],"lines":"201, 223, C3, G04, G05"},"geometry":{"type":"LineString","coordinates":[[12.471195,41.938847],[12.471616,41.936619],[12.471924,41.934717]]}},{"type":"Feature","properties":{"mode":"bus","n":10,"arr":["211","409","490","492","495","545","C2","n041","n409","nMB"],"lines":"211, 409, 490, 492, 495, 545, C2, n041, n409, nMB"},"geometry":{"type":"LineString","coordinates":[[12.530534,41.909214],[12.530675,41.909272]]}},{"type":"Feature","properties":{"mode":"bus","n":9,"arr":["211","409","490","492","545","C2","n041","n409","nMB"],"lines":"211, 409, 490, 492, 545, C2, n041, n409, nMB"},"geometry":{"type":"LineString","coordinates":[[12.530741,41.9093],[12.530675,41.909272]]}},{"type":"Feature","properties":{"mode":"bus","n":8,"arr":["213","412","542","543","544","548","C5","nMC"],"lines":"213, 412, 542, 543, 544, 548, C5, nMC"},"geometry":{"type":"LineString","coordinates":[[12.560438,41.890628],[12.560642,41.89013],[12.56114,41.888692],[12.561192,41.888472],[12.561166,41.887547],[12.561065,41.886098]]}},{"type":"Feature","properties":{"mode":"bus","n":8,"arr":["213","412","542","543","544","548","C5","nMC"],"lines":"213, 412, 542, 543, 544, 548, C5, nMC"},"geometry":{"type":"LineString","coordinates":[[12.561275,41.886433],[12.561373,41.887565],[12.561405,41.888552],[12.560645,41.890664]]}},{"type":"Feature","properties":{"mode":"bus","n":6,"arr":["213","313","552","556","n5","n543"],"lines":"213, 313, 552, 556, n5, n543"},"geometry":{"type":"LineString","coordinates":[[12.566728,41.882659],[12.573037,41.882398]]}},{"type":"Feature","properties":{"mode":"bus","n":6,"arr":["213","313","552","556","n5","n543"],"lines":"213, 313, 552, 556, n5, n543"},"geometry":{"type":"LineString","coordinates":[[12.573267,41.886301],[12.573138,41.884567],[12.573037,41.882304]]}},{"type":"Feature","properties":{"mode":"bus","n":7,"arr":["213","313","451","552","556","n5","n543"],"lines":"213, 313, 451, 552, 556, n5, n543"},"geometry":{"type":"LineString","coordinates":[[12.573037,41.882304],[12.573011,41.881836]]}},{"type":"Feature","properties":{"mode":"bus","n":7,"arr":["213","313","451","552","556","n5","n543"],"lines":"213, 313, 451, 552, 556, n5, n543"},"geometry":{"type":"LineString","coordinates":[[12.572921,41.880919],[12.572916,41.880858]]}},{"type":"Feature","properties":{"mode":"bus","n":7,"arr":["213","313","451","552","556","n5","n543"],"lines":"213, 313, 451, 552, 556, n5, n543"},"geometry":{"type":"LineString","coordinates":[[12.573329,41.88094],[12.573318,41.880825]]}},{"type":"Feature","properties":{"mode":"bus","n":7,"arr":["213","313","451","552","556","n5","n543"],"lines":"213, 313, 451, 552, 556, n5, n543"},"geometry":{"type":"LineString","coordinates":[[12.573436,41.882322],[12.573401,41.881828]]}},{"type":"Feature","properties":{"mode":"bus","n":7,"arr":["213","313","451","552","556","n5","n543"],"lines":"213, 313, 451, 552, 556, n5, n543"},"geometry":{"type":"LineString","coordinates":[[12.573654,41.886008],[12.57367,41.886319]]}},{"type":"Feature","properties":{"mode":"bus","n":7,"arr":["213","313","451","552","556","n5","n543"],"lines":"213, 313, 451, 552, 556, n5, n543"},"geometry":{"type":"LineString","coordinates":[[12.573276,41.886411],[12.573267,41.886301]]}},{"type":"Feature","properties":{"mode":"bus","n":5,"arr":["213","313","451","552","556"],"lines":"213, 313, 451, 552, 556"},"geometry":{"type":"LineString","coordinates":[[12.572916,41.880858],[12.572851,41.880153]]}},{"type":"Feature","properties":{"mode":"bus","n":5,"arr":["213","313","451","552","556"],"lines":"213, 313, 451, 552, 556"},"geometry":{"type":"LineString","coordinates":[[12.573252,41.880123],[12.573318,41.880825]]}},{"type":"Feature","properties":{"mode":"bus","n":5,"arr":["213","451","556","n5","n543"],"lines":"213, 451, 556, n5, n543"},"geometry":{"type":"LineString","coordinates":[[12.57367,41.886319],[12.573692,41.886566]]}},{"type":"Feature","properties":{"mode":"bus","n":5,"arr":["213","451","556","n5","n543"],"lines":"213, 451, 556, n5, n543"},"geometry":{"type":"LineString","coordinates":[[12.573294,41.88662],[12.573276,41.886411]]}},{"type":"Feature","properties":{"mode":"bus","n":7,"arr":["213","502","520","789","C11","nMA","T02"],"lines":"213, 502, 520, 789, C11, nMA, T02"},"geometry":{"type":"LineString","coordinates":[[12.575537,41.848719],[12.574196,41.849598],[12.573085,41.85036],[12.572913,41.850457],[12.572691,41.85054],[12.571711,41.851263],[12.570113,41.852329]]}},{"type":"Feature","properties":{"mode":"bus","n":8,"arr":["213","502","520","590","789","C11","nMA","T02"],"lines":"213, 502, 520, 590, 789, C11, nMA, T02"},"geometry":{"type":"LineString","coordinates":[[12.570113,41.852329],[12.569986,41.85242]]}},{"type":"Feature","properties":{"mode":"bus","n":9,"arr":["213","502","520","558","590","789","C11","nMA","T02"],"lines":"213, 502, 520, 558, 590, 789, C11, nMA, T02"},"geometry":{"type":"LineString","coordinates":[[12.569986,41.85242],[12.569675,41.852632]]}},{"type":"Feature","properties":{"mode":"bus","n":6,"arr":["213","502","520","548","789","C11"],"lines":"213, 502, 520, 548, 789, C11"},"geometry":{"type":"LineString","coordinates":[[12.569675,41.852632],[12.56956,41.852514]]}},{"type":"Feature","properties":{"mode":"bus","n":6,"arr":["213","502","520","548","789","C11"],"lines":"213, 502, 520, 548, 789, C11"},"geometry":{"type":"LineString","coordinates":[[12.565437,41.851717],[12.567113,41.850593],[12.567137,41.850583],[12.56716,41.850583],[12.567182,41.850595],[12.568286,41.85145],[12.569328,41.852299]]}},{"type":"Feature","properties":{"mode":"bus","n":10,"arr":["213","502","520","548","558","559","590","789","C11","n500"],"lines":"213, 502, 520, 548, 558, 559, 590, 789, C11, n500"},"geometry":{"type":"LineString","coordinates":[[12.56956,41.852514],[12.56951,41.852467]]}},{"type":"Feature","properties":{"mode":"bus","n":11,"arr":["213","451","502","520","548","558","559","590","789","C11","n500"],"lines":"213, 451, 502, 520, 548, 558, 559, 590, 789, C11, n500"},"geometry":{"type":"LineString","coordinates":[[12.56951,41.852467],[12.569328,41.852299]]}},{"type":"Feature","properties":{"mode":"bus","n":7,"arr":["213","502","520","548","557","789","C11"],"lines":"213, 502, 520, 548, 557, 789, C11"},"geometry":{"type":"LineString","coordinates":[[12.565437,41.851717],[12.567652,41.853469]]}},{"type":"Feature","properties":{"mode":"bus","n":10,"arr":["213","451","502","520","548","558","590","789","C11","n500"],"lines":"213, 451, 502, 520, 548, 558, 590, 789, C11, n500"},"geometry":{"type":"LineString","coordinates":[[12.568323,41.853014],[12.567652,41.853469]]}},{"type":"Feature","properties":{"mode":"bus","n":9,"arr":["213","451","502","520","548","558","590","C11","n500"],"lines":"213, 451, 502, 520, 548, 558, 590, C11, n500"},"geometry":{"type":"LineString","coordinates":[[12.568623,41.852807],[12.568323,41.853014]]}},{"type":"Feature","properties":{"mode":"bus","n":8,"arr":["213","451","520","548","558","590","C11","n500"],"lines":"213, 451, 520, 548, 558, 590, C11, n500"},"geometry":{"type":"LineString","coordinates":[[12.568623,41.852807],[12.568696,41.852754]]}},{"type":"Feature","properties":{"mode":"bus","n":7,"arr":["213","451","520","548","558","590","C11"],"lines":"213, 451, 520, 548, 558, 590, C11"},"geometry":{"type":"LineString","coordinates":[[12.568696,41.852754],[12.568733,41.852726]]}},{"type":"Feature","properties":{"mode":"bus","n":7,"arr":["213","451","548","558","559","590","n500"],"lines":"213, 451, 548, 558, 559, 590, n500"},"geometry":{"type":"LineString","coordinates":[[12.569328,41.852299],[12.569334,41.852186],[12.569341,41.852166],[12.569359,41.852151],[12.569404,41.852126],[12.569522,41.852129],[12.569677,41.852165],[12.569986,41.85242]]}},{"type":"Feature","properties":{"mode":"bus","n":6,"arr":["213","451","548","558","559","n500"],"lines":"213, 451, 548, 558, 559, n500"},"geometry":{"type":"LineString","coordinates":[[12.570047,41.852473],[12.569986,41.85242]]}},{"type":"Feature","properties":{"mode":"bus","n":5,"arr":["213","451","548","559","n500"],"lines":"213, 451, 548, 559, n500"},"geometry":{"type":"LineString","coordinates":[[12.571022,41.853789],[12.570596,41.853077],[12.570268,41.852686],[12.570047,41.852473]]}},{"type":"Feature","properties":{"mode":"bus","n":6,"arr":["213","313","552","556","C9","n11"],"lines":"213, 313, 552, 556, C9, n11"},"geometry":{"type":"LineString","coordinates":[[12.583481,41.865519],[12.583426,41.865849],[12.583469,41.866057],[12.585317,41.869061]]}},{"type":"Feature","properties":{"mode":"bus","n":6,"arr":["213","412","542","544","C5","nMC"],"lines":"213, 412, 542, 544, C5, nMC"},"geometry":{"type":"LineString","coordinates":[[12.561221,41.885901],[12.561233,41.886006]]}},{"type":"Feature","properties":{"mode":"bus","n":8,"arr":["218","702","720","721","765","766","C11","L60"],"lines":"218, 702, 720, 721, 765, 766, C11, L60"},"geometry":{"type":"LineString","coordinates":[[12.518063,41.826957],[12.518283,41.827052],[12.518392,41.827182],[12.518417,41.827282],[12.518411,41.827596]]}},{"type":"Feature","properties":{"mode":"bus","n":8,"arr":["218","702","720","721","765","766","C11","L60"],"lines":"218, 702, 720, 721, 765, 766, C11, L60"},"geometry":{"type":"LineString","coordinates":[[12.518734,41.827787],[12.519396,41.827788],[12.5197,41.827733],[12.519802,41.82768],[12.519927,41.827568],[12.52,41.82745],[12.520045,41.827297]]}},{"type":"Feature","properties":{"mode":"bus","n":8,"arr":["218","702","720","721","765","766","C11","L06"],"lines":"218, 702, 720, 721, 765, 766, C11, L06"},"geometry":{"type":"LineString","coordinates":[[12.517803,41.825887],[12.517596,41.825956],[12.517506,41.826087],[12.517502,41.826198],[12.517597,41.826689]]}},{"type":"Feature","properties":{"mode":"bus","n":8,"arr":["218","702","720","721","765","766","C11","L06"],"lines":"218, 702, 720, 721, 765, 766, C11, L06"},"geometry":{"type":"LineString","coordinates":[[12.519745,41.827038],[12.518868,41.827038],[12.518649,41.826998],[12.518489,41.826929],[12.518325,41.826796],[12.518246,41.826677],[12.518124,41.826073]]}},{"type":"Feature","properties":{"mode":"bus","n":6,"arr":["218","702","720","721","766","C11"],"lines":"218, 702, 720, 721, 766, C11"},"geometry":{"type":"LineString","coordinates":[[12.518078,41.825608],[12.518,41.825788],[12.517919,41.825845],[12.517803,41.825887]]}},{"type":"Feature","properties":{"mode":"bus","n":6,"arr":["218","702","720","721","766","C11"],"lines":"218, 702, 720, 721, 766, C11"},"geometry":{"type":"LineString","coordinates":[[12.518124,41.826073],[12.518125,41.825866],[12.518078,41.825608],[12.518052,41.824634],[12.518107,41.824146],[12.518203,41.823898],[12.518325,41.82371],[12.519039,41.82277]]}},{"type":"Feature","properties":{"mode":"bus","n":6,"arr":["218","702","720","721","766","C11"],"lines":"218, 702, 720, 721, 766, C11"},"geometry":{"type":"LineString","coordinates":[[12.517254,41.823113],[12.517707,41.823922]]}},{"type":"Feature","properties":{"mode":"bus","n":6,"arr":["218","702","720","721","766","C11"],"lines":"218, 702, 720, 721, 766, C11"},"geometry":{"type":"LineString","coordinates":[[12.517707,41.822162],[12.517528,41.822476]]}},{"type":"Feature","properties":{"mode":"bus","n":6,"arr":["218","702","720","721","766","C11"],"lines":"218, 702, 720, 721, 766, C11"},"geometry":{"type":"LineString","coordinates":[[12.519013,41.82254],[12.518914,41.82246],[12.518274,41.822162]]}},{"type":"Feature","properties":{"mode":"bus","n":5,"arr":["218","720","721","766","C11"],"lines":"218, 720, 721, 766, C11"},"geometry":{"type":"LineString","coordinates":[[12.518274,41.822162],[12.518053,41.822077],[12.517945,41.822065],[12.517817,41.822096],[12.517707,41.822162]]}},{"type":"Feature","properties":{"mode":"bus","n":5,"arr":["218","702","721","766","C11"],"lines":"218, 702, 721, 766, C11"},"geometry":{"type":"LineString","coordinates":[[12.519039,41.82277],[12.519072,41.822648],[12.519013,41.82254]]}},{"type":"Feature","properties":{"mode":"bus","n":5,"arr":["218","702","720","721","766"],"lines":"218, 702, 720, 721, 766"},"geometry":{"type":"LineString","coordinates":[[12.520045,41.827297],[12.520016,41.827181],[12.519957,41.827106],[12.519745,41.827038]]}},{"type":"Feature","properties":{"mode":"bus","n":9,"arr":["228","719","773","774","786","786F","871","C6","n719"],"lines":"228, 719, 773, 774, 786, 786F, 871, C6, n719"},"geometry":{"type":"LineString","coordinates":[[12.465993,41.873669],[12.465815,41.873671]]}},{"type":"Feature","properties":{"mode":"bus","n":8,"arr":["228","710","719","773","774","786","786F","n719"],"lines":"228, 710, 719, 773, 774, 786, 786F, n719"},"geometry":{"type":"LineString","coordinates":[[12.453084,41.870264],[12.453138,41.870086]]}},{"type":"Feature","properties":{"mode":"bus","n":8,"arr":["228","710","719","773","774","786","786F","n719"],"lines":"228, 710, 719, 773, 774, 786, 786F, n719"},"geometry":{"type":"LineString","coordinates":[[12.453131,41.869998],[12.452348,41.868898],[12.451967,41.868266]]}},{"type":"Feature","properties":{"mode":"bus","n":9,"arr":["228","710","719","773","774","786","786F","792","n719"],"lines":"228, 710, 719, 773, 774, 786, 786F, 792, n719"},"geometry":{"type":"LineString","coordinates":[[12.453138,41.870086],[12.453131,41.869998]]}},{"type":"Feature","properties":{"mode":"bus","n":6,"arr":["228","710","774","786","786F","n719"],"lines":"228, 710, 774, 786, 786F, n719"},"geometry":{"type":"LineString","coordinates":[[12.451967,41.868266],[12.452138,41.868174],[12.453503,41.867698],[12.453719,41.867582],[12.453964,41.867373],[12.454154,41.867086],[12.454776,41.865819],[12.456152,41.864093]]}},{"type":"Feature","properties":{"mode":"bus","n":7,"arr":["228","719","771","775","870","C7","n719"],"lines":"228, 719, 771, 775, 870, C7, n719"},"geometry":{"type":"LineString","coordinates":[[12.43523,41.851865],[12.435213,41.850896],[12.435216,41.85088],[12.435229,41.850871],[12.435249,41.850867],[12.435319,41.850866]]}},{"type":"Feature","properties":{"mode":"bus","n":7,"arr":["228","719","771","775","C7","M04","n719"],"lines":"228, 719, 771, 775, C7, M04, n719"},"geometry":{"type":"LineString","coordinates":[[12.435347,41.850073],[12.435438,41.849807],[12.435799,41.849125],[12.4359,41.848798],[12.435928,41.848478],[12.435884,41.846301],[12.436112,41.845146],[12.43624,41.844646],[12.436249,41.844629],[12.436265,41.84462],[12.436288,41.844618],[12.436363,41.844621]]}},{"type":"Feature","properties":{"mode":"bus","n":7,"arr":["228","719","771","775","C7","M04","n719"],"lines":"228, 719, 771, 775, C7, M04, n719"},"geometry":{"type":"LineString","coordinates":[[12.435335,41.851922],[12.435319,41.850866]]}},{"type":"Feature","properties":{"mode":"bus","n":8,"arr":["228","719","771","775","870","C7","M04","n719"],"lines":"228, 719, 771, 775, 870, C7, M04, n719"},"geometry":{"type":"LineString","coordinates":[[12.435319,41.850866],[12.43531,41.850355],[12.435347,41.850073]]}},{"type":"Feature","properties":{"mode":"bus","n":8,"arr":["228","713","719","771","775","C7","M04","n719"],"lines":"228, 713, 719, 771, 775, C7, M04, n719"},"geometry":{"type":"LineString","coordinates":[[12.436248,41.844616],[12.436898,41.842918],[12.437015,41.842041],[12.437018,41.841746],[12.43699,41.841609],[12.437143,41.840788],[12.43717,41.840403],[12.437153,41.840061],[12.436583,41.834819]]}},{"type":"Feature","properties":{"mode":"bus","n":7,"arr":["228","713","719","775","C7","M04","n719"],"lines":"228, 713, 719, 775, C7, M04, n719"},"geometry":{"type":"LineString","coordinates":[[12.43707,41.841618],[12.43699,41.841609]]}},{"type":"Feature","properties":{"mode":"bus","n":6,"arr":["228","719","771","775","M04","n719"],"lines":"228, 719, 771, 775, M04, n719"},"geometry":{"type":"LineString","coordinates":[[12.435891,41.846667],[12.435971,41.846611]]}},{"type":"Feature","properties":{"mode":"bus","n":6,"arr":["228","719","771","775","M04","n719"],"lines":"228, 719, 771, 775, M04, n719"},"geometry":{"type":"LineString","coordinates":[[12.435926,41.848402],[12.436008,41.84842]]}},{"type":"Feature","properties":{"mode":"bus","n":5,"arr":["228","771","775","C7","M04"],"lines":"228, 771, 775, C7, M04"},"geometry":{"type":"LineString","coordinates":[[12.435273,41.85206],[12.435335,41.851922]]}},{"type":"Feature","properties":{"mode":"bus","n":6,"arr":["228","719","773","786","786F","n719"],"lines":"228, 719, 773, 786, 786F, n719"},"geometry":{"type":"LineString","coordinates":[[12.451967,41.868266],[12.451929,41.868195]]}},{"type":"Feature","properties":{"mode":"bus","n":12,"arr":["228","710","719","773","774","786","786F","871","C6","H","n8","n719"],"lines":"228, 710, 719, 773, 774, 786, 786F, 871, C6, H, n8, n719"},"geometry":{"type":"LineString","coordinates":[[12.459576,41.871522],[12.46051,41.872398],[12.4607,41.872551],[12.460954,41.872683],[12.461197,41.872745],[12.461452,41.872761],[12.462264,41.872651],[12.462507,41.872646]]}},{"type":"Feature","properties":{"mode":"bus","n":11,"arr":["228","719","773","774","786","786F","871","C6","H","n8","n719"],"lines":"228, 719, 773, 774, 786, 786F, 871, C6, H, n8, n719"},"geometry":{"type":"LineString","coordinates":[[12.462507,41.872646],[12.463824,41.872753],[12.46445,41.872859],[12.465056,41.87308],[12.465726,41.873468]]}},{"type":"Feature","properties":{"mode":"bus","n":7,"arr":["228","719","766","871","C6","n719","n781"],"lines":"228, 719, 766, 871, C6, n719, n781"},"geometry":{"type":"LineString","coordinates":[[12.466007,41.873507],[12.466087,41.873507]]}},{"type":"Feature","properties":{"mode":"bus","n":7,"arr":["246","246P","490","791","904","C6","M03"],"lines":"246, 246P, 490, 791, 904, C6, M03"},"geometry":{"type":"LineString","coordinates":[[12.425394,41.902897],[12.425407,41.902705],[12.425736,41.90194]]}},{"type":"Feature","properties":{"mode":"bus","n":6,"arr":["246","246P","490","791","C6","M03"],"lines":"246, 246P, 490, 791, C6, M03"},"geometry":{"type":"LineString","coordinates":[[12.425515,41.903502],[12.425469,41.903124],[12.425394,41.902897]]}},{"type":"Feature","properties":{"mode":"bus","n":13,"arr":["246","246P","490","791","904","905","906","907","907L","981","983","993","M03"],"lines":"246, 246P, 490, 791, 904, 905, 906, 907, 907L, 981, 983, 993, M03"},"geometry":{"type":"LineString","coordinates":[[12.424982,41.904657],[12.425026,41.90484],[12.425107,41.904885],[12.425198,41.904876],[12.425258,41.904819],[12.425285,41.904633],[12.425362,41.904524]]}},{"type":"Feature","properties":{"mode":"bus","n":13,"arr":["246","246P","446","490","791","904","905","907","907L","981","983","993","M03"],"lines":"246, 246P, 446, 490, 791, 904, 905, 907, 907L, 981, 983, 993, M03"},"geometry":{"type":"LineString","coordinates":[[12.425008,41.904387],[12.424982,41.904657]]}},{"type":"Feature","properties":{"mode":"bus","n":12,"arr":["246","246P","446","490","791","904","905","907","907L","981","983","993"],"lines":"246, 246P, 446, 490, 791, 904, 905, 907, 907L, 981, 983, 993"},"geometry":{"type":"LineString","coordinates":[[12.425021,41.904218],[12.425008,41.904387]]}},{"type":"Feature","properties":{"mode":"bus","n":10,"arr":["246","246P","446","490","791","904","905","981","983","993"],"lines":"246, 246P, 446, 490, 791, 904, 905, 981, 983, 993"},"geometry":{"type":"LineString","coordinates":[[12.425036,41.904084],[12.425021,41.904218]]}},{"type":"Feature","properties":{"mode":"bus","n":9,"arr":["246","246P","446","490","791","904","905","981","983"],"lines":"246, 246P, 446, 490, 791, 904, 905, 981, 983"},"geometry":{"type":"LineString","coordinates":[[12.425071,41.903798],[12.425036,41.904084]]}},{"type":"Feature","properties":{"mode":"bus","n":8,"arr":["246","246P","446","490","791","904","981","983"],"lines":"246, 246P, 446, 490, 791, 904, 981, 983"},"geometry":{"type":"LineString","coordinates":[[12.425083,41.903691],[12.425071,41.903798]]}},{"type":"Feature","properties":{"mode":"bus","n":7,"arr":["246","246P","446","490","791","981","983"],"lines":"246, 246P, 446, 490, 791, 981, 983"},"geometry":{"type":"LineString","coordinates":[[12.425083,41.903691],[12.425107,41.903569]]}},{"type":"Feature","properties":{"mode":"bus","n":6,"arr":["247","791","889","892","C6","M03"],"lines":"247, 791, 889, 892, C6, M03"},"geometry":{"type":"LineString","coordinates":[[12.42945,41.894838],[12.429786,41.894715]]}},{"type":"Feature","properties":{"mode":"bus","n":5,"arr":["310","492","649","C2","C3"],"lines":"310, 492, 649, C2, C3"},"geometry":{"type":"LineString","coordinates":[[12.507131,41.902814],[12.507215,41.902891],[12.507225,41.902904],[12.507226,41.902915],[12.507218,41.902924],[12.5072,41.902931],[12.506973,41.902992],[12.506875,41.903064],[12.506843,41.90389],[12.50679,41.903972],[12.506394,41.904344],[12.506304,41.904472],[12.505485,41.906224]]}},{"type":"Feature","properties":{"mode":"bus","n":5,"arr":["310","492","649","C2","C3"],"lines":"310, 492, 649, C2, C3"},"geometry":{"type":"LineString","coordinates":[[12.507043,41.903835],[12.506859,41.90383]]}},{"type":"Feature","properties":{"mode":"bus","n":6,"arr":["311","341","350","A07","A70","n041"],"lines":"311, 341, 350, A07, A70, n041"},"geometry":{"type":"LineString","coordinates":[[12.571234,41.924567],[12.571188,41.924688]]}},{"type":"Feature","properties":{"mode":"bus","n":5,"arr":["311","341","350","A07","A70"],"lines":"311, 341, 350, A07, A70"},"geometry":{"type":"LineString","coordinates":[[12.571188,41.924688],[12.570574,41.926446],[12.570526,41.926518],[12.570375,41.926687],[12.568454,41.928499]]}},{"type":"Feature","properties":{"mode":"bus","n":9,"arr":["313","542","548","552","556","C5","n5","n543","nMC"],"lines":"313, 542, 548, 552, 556, C5, n5, n543, nMC"},"geometry":{"type":"LineString","coordinates":[[12.566835,41.884093],[12.566728,41.882659]]}},{"type":"Feature","properties":{"mode":"bus","n":5,"arr":["313","552","556","557","n11"],"lines":"313, 552, 556, 557, n11"},"geometry":{"type":"LineString","coordinates":[[12.583497,41.865407],[12.583792,41.865425],[12.584388,41.865392],[12.586458,41.865191]]}},{"type":"Feature","properties":{"mode":"bus","n":5,"arr":["313","552","557","C9","n11"],"lines":"313, 552, 557, C9, n11"},"geometry":{"type":"LineString","coordinates":[[12.575693,41.868894],[12.575951,41.86884],[12.579282,41.866124],[12.580134,41.865445],[12.580364,41.865313],[12.580534,41.86525],[12.581044,41.865142],[12.581388,41.865126],[12.582514,41.865364],[12.583481,41.865519]]}},{"type":"Feature","properties":{"mode":"bus","n":5,"arr":["313","451","556","n5","n543"],"lines":"313, 451, 556, n5, n543"},"geometry":{"type":"LineString","coordinates":[[12.573401,41.881828],[12.573336,41.881724],[12.573266,41.881256],[12.573274,41.881022],[12.573329,41.88094]]}},{"type":"Feature","properties":{"mode":"bus","n":5,"arr":["313","451","556","n5","n543"],"lines":"313, 451, 556, n5, n543"},"geometry":{"type":"LineString","coordinates":[[12.573654,41.886008],[12.573581,41.885924],[12.573575,41.885875],[12.573438,41.883692],[12.573408,41.883581],[12.573386,41.882403],[12.573436,41.882322]]}},{"type":"Feature","properties":{"mode":"bus","n":5,"arr":["314","412","541","n075","nMC"],"lines":"314, 412, 541, n075, nMC"},"geometry":{"type":"LineString","coordinates":[[12.54096,41.891796],[12.54101,41.891799]]}},{"type":"Feature","properties":{"mode":"bus","n":5,"arr":["344","404","424","444","C5"],"lines":"344, 404, 424, 444, C5"},"geometry":{"type":"LineString","coordinates":[[12.58058,41.937233],[12.581821,41.936453]]}},{"type":"Feature","properties":{"mode":"bus","n":7,"arr":["409","545","A60","n409","P10","P20","P30"],"lines":"409, 545, A60, n409, P10, P20, P30"},"geometry":{"type":"LineString","coordinates":[[12.534006,41.908145],[12.534253,41.908127]]}},{"type":"Feature","properties":{"mode":"bus","n":10,"arr":["409","545","A06","A60","n409","P02","P03","P10","P20","P30"],"lines":"409, 545, A06, A60, n409, P02, P03, P10, P20, P30"},"geometry":{"type":"LineString","coordinates":[[12.534253,41.908127],[12.534266,41.908013],[12.534342,41.90785]]}},{"type":"Feature","properties":{"mode":"bus","n":8,"arr":["409","545","A06","A60","n409","P10","P20","P30"],"lines":"409, 545, A06, A60, n409, P10, P20, P30"},"geometry":{"type":"LineString","coordinates":[[12.534342,41.90785],[12.534812,41.906922]]}},{"type":"Feature","properties":{"mode":"bus","n":5,"arr":["409","545","A06","A60","n409"],"lines":"409, 545, A06, A60, n409"},"geometry":{"type":"LineString","coordinates":[[12.534812,41.906922],[12.536064,41.904389],[12.536205,41.904049]]}},{"type":"Feature","properties":{"mode":"bus","n":5,"arr":["409","657","n409","nMA","T02"],"lines":"409, 657, n409, nMA, T02"},"geometry":{"type":"LineString","coordinates":[[12.537207,41.868572],[12.537797,41.869089],[12.537931,41.869146],[12.538128,41.869151]]}},{"type":"Feature","properties":{"mode":"bus","n":6,"arr":["409","660","663","664","765","L60"],"lines":"409, 660, 663, 664, 765, L60"},"geometry":{"type":"LineString","coordinates":[[12.532774,41.862153],[12.532656,41.862342]]}},{"type":"Feature","properties":{"mode":"bus","n":5,"arr":["660","663","664","765","L60"],"lines":"660, 663, 664, 765, L60"},"geometry":{"type":"LineString","coordinates":[[12.53342,41.861207],[12.532774,41.862153]]}},{"type":"Feature","properties":{"mode":"bus","n":5,"arr":["660","663","664","765","L06"],"lines":"660, 663, 664, 765, L06"},"geometry":{"type":"LineString","coordinates":[[12.533048,41.862219],[12.533856,41.861019]]}},{"type":"Feature","properties":{"mode":"bus","n":6,"arr":["409","660","663","664","765","L06"],"lines":"409, 660, 663, 664, 765, L06"},"geometry":{"type":"LineString","coordinates":[[12.532944,41.862371],[12.533048,41.862219]]}},{"type":"Feature","properties":{"mode":"bus","n":9,"arr":["409","657","660","663","664","671","765","L06","n409"],"lines":"409, 657, 660, 663, 664, 671, 765, L06, n409"},"geometry":{"type":"LineString","coordinates":[[12.532908,41.86242],[12.532944,41.862371]]}},{"type":"Feature","properties":{"mode":"bus","n":5,"arr":["409","657","660","671","765"],"lines":"409, 657, 660, 671, 765"},"geometry":{"type":"LineString","coordinates":[[12.536214,41.867365],[12.536501,41.867216]]}},{"type":"Feature","properties":{"mode":"bus","n":5,"arr":["409","657","663","664","n409"],"lines":"409, 657, 663, 664, n409"},"geometry":{"type":"LineString","coordinates":[[12.536461,41.867573],[12.536214,41.867365]]}},{"type":"Feature","properties":{"mode":"bus","n":6,"arr":["409","412","541","545","n409","nMC"],"lines":"409, 412, 541, 545, n409, nMC"},"geometry":{"type":"LineString","coordinates":[[12.541864,41.891603],[12.541948,41.892026],[12.541924,41.892618]]}},{"type":"Feature","properties":{"mode":"bus","n":5,"arr":["409","541","545","A06","n409"],"lines":"409, 541, 545, A06, n409"},"geometry":{"type":"LineString","coordinates":[[12.541284,41.89628],[12.54141,41.895983],[12.541535,41.895475],[12.541894,41.893092]]}},{"type":"Feature","properties":{"mode":"bus","n":7,"arr":["409","490","492","545","C2","n409","nMB"],"lines":"409, 490, 492, 545, C2, n409, nMB"},"geometry":{"type":"LineString","coordinates":[[12.530812,41.909329],[12.530741,41.9093]]}},{"type":"Feature","properties":{"mode":"bus","n":6,"arr":["409","492","545","C2","n409","nMB"],"lines":"409, 492, 545, C2, n409, nMB"},"geometry":{"type":"LineString","coordinates":[[12.530952,41.909387],[12.530812,41.909329]]}},{"type":"Feature","properties":{"mode":"bus","n":5,"arr":["409","492","545","C2","nMB"],"lines":"409, 492, 545, C2, nMB"},"geometry":{"type":"LineString","coordinates":[[12.531023,41.909417],[12.530952,41.909387]]}},{"type":"Feature","properties":{"mode":"bus","n":5,"arr":["412","542","544","548","C5"],"lines":"412, 542, 544, 548, C5"},"geometry":{"type":"LineString","coordinates":[[12.560645,41.890664],[12.559645,41.893502]]}},{"type":"Feature","properties":{"mode":"bus","n":6,"arr":["446","904","905","907","907L","993"],"lines":"446, 904, 905, 907, 907L, 993"},"geometry":{"type":"LineString","coordinates":[[12.425368,41.9034],[12.425368,41.903307]]}},{"type":"Feature","properties":{"mode":"bus","n":7,"arr":["446","904","905","907","907L","983","993"],"lines":"446, 904, 905, 907, 907L, 983, 993"},"geometry":{"type":"LineString","coordinates":[[12.425368,41.903307],[12.425362,41.903215]]}},{"type":"Feature","properties":{"mode":"bus","n":9,"arr":["446","904","905","907","907L","981","983","993","M30"],"lines":"446, 904, 905, 907, 907L, 981, 983, 993, M30"},"geometry":{"type":"LineString","coordinates":[[12.425362,41.903215],[12.425285,41.903006]]}},{"type":"Feature","properties":{"mode":"bus","n":11,"arr":["446","490","791","904","905","907","907L","981","983","993","M30"],"lines":"446, 490, 791, 904, 905, 907, 907L, 981, 983, 993, M30"},"geometry":{"type":"LineString","coordinates":[[12.425285,41.903006],[12.425278,41.902739]]}},{"type":"Feature","properties":{"mode":"bus","n":10,"arr":["446","904","905","906","907","907L","980","981","983","993"],"lines":"446, 904, 905, 906, 907, 907L, 980, 981, 983, 993"},"geometry":{"type":"LineString","coordinates":[[12.426945,41.901636],[12.426675,41.901466]]}},{"type":"Feature","properties":{"mode":"bus","n":6,"arr":["446","907L","980","990","C6","n46"],"lines":"446, 907L, 980, 990, C6, n46"},"geometry":{"type":"LineString","coordinates":[[12.426854,41.935057],[12.426937,41.935193]]}},{"type":"Feature","properties":{"mode":"bus","n":9,"arr":["446","907","907L","913","913L","980","990","C6","n46"],"lines":"446, 907, 907L, 913, 913L, 980, 990, C6, n46"},"geometry":{"type":"LineString","coordinates":[[12.426937,41.935193],[12.427226,41.93565]]}},{"type":"Feature","properties":{"mode":"bus","n":11,"arr":["446","907","907L","911","913","913L","980","990","C6","n46","n913"],"lines":"446, 907, 907L, 911, 913, 913L, 980, 990, C6, n46, n913"},"geometry":{"type":"LineString","coordinates":[[12.427226,41.93565],[12.427484,41.935979],[12.427825,41.936241],[12.428232,41.936432],[12.428617,41.93654]]}},{"type":"Feature","properties":{"mode":"bus","n":11,"arr":["446","907","907L","911","913","913L","980","990","C6","n46","n913"],"lines":"446, 907, 907L, 911, 913, 913L, 980, 990, C6, n46, n913"},"geometry":{"type":"LineString","coordinates":[[12.428557,41.937241],[12.427777,41.937391],[12.426544,41.937672],[12.426228,41.937769],[12.42594,41.9379],[12.425606,41.93815],[12.424242,41.939579]]}},{"type":"Feature","properties":{"mode":"bus","n":11,"arr":["446","907","907L","911","913","913L","980","990","C6","n46","n913"],"lines":"446, 907, 907L, 911, 913, 913L, 980, 990, C6, n46, n913"},"geometry":{"type":"LineString","coordinates":[[12.426004,41.935924],[12.425566,41.936307],[12.425414,41.936508],[12.424976,41.937185],[12.424665,41.937792]]}},{"type":"Feature","properties":{"mode":"bus","n":10,"arr":["446","907","907L","911","913","913L","980","990","C6","n913"],"lines":"446, 907, 907L, 911, 913, 913L, 980, 990, C6, n913"},"geometry":{"type":"LineString","coordinates":[[12.428617,41.93654],[12.429388,41.936658],[12.429829,41.936644]]}},{"type":"Feature","properties":{"mode":"bus","n":6,"arr":["446","911","913","913L","990","n913"],"lines":"446, 911, 913, 913L, 990, n913"},"geometry":{"type":"LineString","coordinates":[[12.429829,41.936644],[12.430107,41.93659]]}},{"type":"Feature","properties":{"mode":"bus","n":6,"arr":["446","911","913","913L","990","n913"],"lines":"446, 911, 913, 913L, 990, n913"},"geometry":{"type":"LineString","coordinates":[[12.430794,41.936272],[12.432035,41.935243],[12.433463,41.93452]]}},{"type":"Feature","properties":{"mode":"bus","n":6,"arr":["446","911","913","913L","990","n913"],"lines":"446, 911, 913, 913L, 990, n913"},"geometry":{"type":"LineString","coordinates":[[12.433516,41.934792],[12.433159,41.93486],[12.43282,41.934953],[12.432284,41.935205],[12.432001,41.935397],[12.431528,41.935836]]}},{"type":"Feature","properties":{"mode":"bus","n":5,"arr":["446","907","907L","980","C6"],"lines":"446, 907, 907L, 980, C6"},"geometry":{"type":"LineString","coordinates":[[12.429829,41.936644],[12.429572,41.93669],[12.429252,41.936705],[12.429102,41.936744]]}},{"type":"Feature","properties":{"mode":"bus","n":6,"arr":["446","907","907L","980","C6","n46"],"lines":"446, 907, 907L, 980, C6, n46"},"geometry":{"type":"LineString","coordinates":[[12.428617,41.93654],[12.428829,41.936711],[12.428869,41.936785],[12.42888,41.936897],[12.428821,41.93703],[12.428557,41.937241]]}},{"type":"Feature","properties":{"mode":"bus","n":8,"arr":["446","911","913","913L","980","990","n46","n913"],"lines":"446, 911, 913, 913L, 980, 990, n46, n913"},"geometry":{"type":"LineString","coordinates":[[12.424665,41.937792],[12.423842,41.939454]]}},{"type":"Feature","properties":{"mode":"bus","n":9,"arr":["446","907","907L","911","913","913L","980","C6","n913"],"lines":"446, 907, 907L, 911, 913, 913L, 980, C6, n913"},"geometry":{"type":"LineString","coordinates":[[12.426413,41.935252],[12.426353,41.935413],[12.426079,41.935772],[12.426004,41.935924]]}},{"type":"Feature","properties":{"mode":"bus","n":5,"arr":["446","907L","911","980","C6"],"lines":"446, 907L, 911, 980, C6"},"geometry":{"type":"LineString","coordinates":[[12.426419,41.935214],[12.426413,41.935252]]}},{"type":"Feature","properties":{"mode":"bus","n":5,"arr":["446","911","990","n46","n913"],"lines":"446, 911, 990, n46, n913"},"geometry":{"type":"LineString","coordinates":[[12.427226,41.93565],[12.427079,41.935521],[12.426932,41.93545],[12.426778,41.935426],[12.42663,41.935441],[12.4265,41.935486],[12.426356,41.935582],[12.426004,41.935924]]}},{"type":"Feature","properties":{"mode":"bus","n":5,"arr":["450","542","544","548","C5"],"lines":"450, 542, 544, 548, C5"},"geometry":{"type":"LineString","coordinates":[[12.559019,41.894939],[12.558616,41.896663]]}},{"type":"Feature","properties":{"mode":"bus","n":5,"arr":["450","542","544","548","C5"],"lines":"450, 542, 544, 548, C5"},"geometry":{"type":"LineString","coordinates":[[12.559181,41.894962],[12.558732,41.896679]]}},{"type":"Feature","properties":{"mode":"bus","n":5,"arr":["450","542","544","548","C5"],"lines":"450, 542, 544, 548, C5"},"geometry":{"type":"LineString","coordinates":[[12.559017,41.894766],[12.559021,41.8947]]}},{"type":"Feature","properties":{"mode":"bus","n":6,"arr":["450","542","548","558","C5","nMC"],"lines":"450, 542, 548, 558, C5, nMC"},"geometry":{"type":"LineString","coordinates":[[12.566269,41.885963],[12.56293,41.886184]]}},{"type":"Feature","properties":{"mode":"bus","n":6,"arr":["450","542","548","558","C5","nMC"],"lines":"450, 542, 548, 558, C5, nMC"},"geometry":{"type":"LineString","coordinates":[[12.562894,41.885977],[12.566371,41.885765]]}},{"type":"Feature","properties":{"mode":"bus","n":7,"arr":["450","542","543","548","558","C5","nMC"],"lines":"450, 542, 543, 548, 558, C5, nMC"},"geometry":{"type":"LineString","coordinates":[[12.562877,41.885876],[12.562894,41.885977]]}},{"type":"Feature","properties":{"mode":"bus","n":5,"arr":["450","542","558","C5","nMC"],"lines":"450, 542, 558, C5, nMC"},"geometry":{"type":"LineString","coordinates":[[12.562877,41.885876],[12.562862,41.885794]]}},{"type":"Feature","properties":{"mode":"bus","n":5,"arr":["450","542","548","C5","nMC"],"lines":"450, 542, 548, C5, nMC"},"geometry":{"type":"LineString","coordinates":[[12.56648,41.879565],[12.566329,41.87743],[12.566368,41.877245]]}},{"type":"Feature","properties":{"mode":"bus","n":5,"arr":["450","451","556","n5","n543"],"lines":"450, 451, 556, n5, n543"},"geometry":{"type":"LineString","coordinates":[[12.573717,41.886791],[12.573661,41.886885],[12.573886,41.888894],[12.573961,41.88925],[12.574078,41.889448]]}},{"type":"Feature","properties":{"mode":"bus","n":6,"arr":["451","557","558","559","590","n500"],"lines":"451, 557, 558, 559, 590, n500"},"geometry":{"type":"LineString","coordinates":[[12.567455,41.853601],[12.567659,41.853762]]}},{"type":"Feature","properties":{"mode":"bus","n":8,"arr":["490","495","590","628","C3","G04","n201","nMA"],"lines":"490, 495, 590, 628, C3, G04, n201, nMA"},"geometry":{"type":"LineString","coordinates":[[12.469697,41.914235],[12.46969,41.914257]]}},{"type":"Feature","properties":{"mode":"bus","n":6,"arr":["490","495","495L","892","906","nMA"],"lines":"490, 495, 495L, 892, 906, nMA"},"geometry":{"type":"LineString","coordinates":[[12.443843,41.903298],[12.443,41.902961],[12.442364,41.902623],[12.440599,41.902373],[12.440251,41.902236],[12.439521,41.901859]]}},{"type":"Feature","properties":{"mode":"bus","n":6,"arr":["490","495","495L","892","906","nMA"],"lines":"490, 495, 495L, 892, 906, nMA"},"geometry":{"type":"LineString","coordinates":[[12.438687,41.901215],[12.439264,41.901616],[12.440432,41.90223],[12.440686,41.902296],[12.440943,41.902331],[12.442,41.902335],[12.442862,41.902745]]}},{"type":"Feature","properties":{"mode":"bus","n":5,"arr":["490","495","892","906","nMA"],"lines":"490, 495, 892, 906, nMA"},"geometry":{"type":"LineString","coordinates":[[12.439521,41.901859],[12.439096,41.901632],[12.438583,41.901277]]}},{"type":"Feature","properties":{"mode":"bus","n":5,"arr":["490","495","495L","892","nMA"],"lines":"490, 495, 495L, 892, nMA"},"geometry":{"type":"LineString","coordinates":[[12.442862,41.902745],[12.443013,41.902813]]}},{"type":"Feature","properties":{"mode":"bus","n":5,"arr":["490","492","495","590","nMA"],"lines":"490, 492, 495, 590, nMA"},"geometry":{"type":"LineString","coordinates":[[12.448964,41.906392],[12.449086,41.906505]]}},{"type":"Feature","properties":{"mode":"bus","n":6,"arr":["490","492","495","590","990L","nMA"],"lines":"490, 492, 495, 590, 990L, nMA"},"geometry":{"type":"LineString","coordinates":[[12.449086,41.906505],[12.449767,41.907232],[12.449947,41.907363],[12.450109,41.907432],[12.451633,41.907803]]}},{"type":"Feature","properties":{"mode":"bus","n":5,"arr":["490","495","649","nMB","P10"],"lines":"490, 495, 649, nMB, P10"},"geometry":{"type":"LineString","coordinates":[[12.521769,41.905317],[12.521894,41.905291]]}},{"type":"Feature","properties":{"mode":"bus","n":5,"arr":["492","542","C2","C3","n3d"],"lines":"492, 542, C2, C3, n3d"},"geometry":{"type":"LineString","coordinates":[[12.518901,41.902194],[12.519318,41.902781]]}},{"type":"Feature","properties":{"mode":"bus","n":6,"arr":["495","913","913L","990","990L","n913"],"lines":"495, 913, 913L, 990, 990L, n913"},"geometry":{"type":"LineString","coordinates":[[12.448999,41.909309],[12.449424,41.909114]]}},{"type":"Feature","properties":{"mode":"bus","n":7,"arr":["495","628","982","C3","G04","n3s","n201"],"lines":"495, 628, 982, C3, G04, n3s, n201"},"geometry":{"type":"LineString","coordinates":[[12.469573,41.914771],[12.469674,41.914316]]}},{"type":"Feature","properties":{"mode":"bus","n":6,"arr":["502","520","789","C11","nMA","T20"],"lines":"502, 520, 789, C11, nMA, T20"},"geometry":{"type":"LineString","coordinates":[[12.56956,41.852514],[12.569966,41.852207],[12.571011,41.851503]]}},{"type":"Feature","properties":{"mode":"bus","n":12,"arr":["502","503","504","505","506","507","509","533","551","n551","T01","T02"],"lines":"502, 503, 504, 505, 506, 507, 509, 533, 551, n551, T01, T02"},"geometry":{"type":"LineString","coordinates":[[12.586712,41.841189],[12.58648,41.841387],[12.586,41.841901],[12.585767,41.842063]]}},{"type":"Feature","properties":{"mode":"bus","n":13,"arr":["502","503","504","505","506","507","509","533","551","n551","nMA","T01","T02"],"lines":"502, 503, 504, 505, 506, 507, 509, 533, 551, n551, nMA, T01, T02"},"geometry":{"type":"LineString","coordinates":[[12.585767,41.842063],[12.584597,41.842872]]}},{"type":"Feature","properties":{"mode":"bus","n":12,"arr":["502","503","504","505","506","507","509","533","551","n551","nMA","T02"],"lines":"502, 503, 504, 505, 506, 507, 509, 533, 551, n551, nMA, T02"},"geometry":{"type":"LineString","coordinates":[[12.584597,41.842872],[12.584429,41.842994]]}},{"type":"Feature","properties":{"mode":"bus","n":6,"arr":["502","520","789","C11","nMA","T02"],"lines":"502, 520, 789, C11, nMA, T02"},"geometry":{"type":"LineString","coordinates":[[12.575689,41.848541],[12.575575,41.848613],[12.575537,41.848719]]}},{"type":"Feature","properties":{"mode":"bus","n":5,"arr":["503","505","507","509","533"],"lines":"503, 505, 507, 509, 533"},"geometry":{"type":"LineString","coordinates":[[12.585896,41.842469],[12.585262,41.842829]]}},{"type":"Feature","properties":{"mode":"bus","n":5,"arr":["503","504","505","551","n551"],"lines":"503, 504, 505, 551, n551"},"geometry":{"type":"LineString","coordinates":[[12.586361,41.842277],[12.586033,41.842461]]}},{"type":"Feature","properties":{"mode":"bus","n":7,"arr":["503","504","505","506","551","n551","nMA"],"lines":"503, 504, 505, 506, 551, n551, nMA"},"geometry":{"type":"LineString","coordinates":[[12.586378,41.842137],[12.586429,41.8422]]}},{"type":"Feature","properties":{"mode":"bus","n":10,"arr":["503","504","505","506","507","509","533","551","n551","nMA"],"lines":"503, 504, 505, 506, 507, 509, 533, 551, n551, nMA"},"geometry":{"type":"LineString","coordinates":[[12.585767,41.842063],[12.586061,41.841966],[12.586156,41.841965],[12.586278,41.842036],[12.586378,41.842137]]}},{"type":"Feature","properties":{"mode":"bus","n":10,"arr":["503","504","505","506","507","509","533","551","n551","nMA"],"lines":"503, 504, 505, 506, 507, 509, 533, 551, n551, nMA"},"geometry":{"type":"LineString","coordinates":[[12.585262,41.842829],[12.584898,41.843039]]}},{"type":"Feature","properties":{"mode":"bus","n":9,"arr":["503","504","505","506","507","509","533","551","n551"],"lines":"503, 504, 505, 506, 507, 509, 533, 551, n551"},"geometry":{"type":"LineString","coordinates":[[12.584429,41.842994],[12.584114,41.843119],[12.583991,41.843119],[12.583819,41.843078]]}},{"type":"Feature","properties":{"mode":"bus","n":11,"arr":["503","504","505","506","507","509","533","551","n551","nMA","T01"],"lines":"503, 504, 505, 506, 507, 509, 533, 551, n551, nMA, T01"},"geometry":{"type":"LineString","coordinates":[[12.584898,41.843039],[12.584743,41.843111],[12.584643,41.843114],[12.584573,41.843088],[12.584529,41.843],[12.584597,41.842872]]}},{"type":"Feature","properties":{"mode":"bus","n":6,"arr":["504","507","509","533","551","n551"],"lines":"504, 507, 509, 533, 551, n551"},"geometry":{"type":"LineString","coordinates":[[12.586378,41.842137],[12.58631,41.842221]]}},{"type":"Feature","properties":{"mode":"bus","n":6,"arr":["504","505","507","515","551","n551"],"lines":"504, 505, 507, 515, 551, n551"},"geometry":{"type":"LineString","coordinates":[[12.590356,41.83772],[12.59062,41.837425],[12.59244,41.83562],[12.593607,41.834517],[12.594608,41.833441],[12.594981,41.833108]]}},{"type":"Feature","properties":{"mode":"bus","n":6,"arr":["504","505","507","515","551","n551"],"lines":"504, 505, 507, 515, 551, n551"},"geometry":{"type":"LineString","coordinates":[[12.597438,41.830167],[12.597587,41.829931],[12.597798,41.829682]]}},{"type":"Feature","properties":{"mode":"bus","n":6,"arr":["504","505","507","515","551","n551"],"lines":"504, 505, 507, 515, 551, n551"},"geometry":{"type":"LineString","coordinates":[[12.598389,41.829637],[12.597878,41.830105],[12.597673,41.830401],[12.596642,41.8315],[12.596535,41.83166],[12.596403,41.832034],[12.596281,41.832257]]}},{"type":"Feature","properties":{"mode":"bus","n":6,"arr":["504","505","507","515","551","n551"],"lines":"504, 505, 507, 515, 551, n551"},"geometry":{"type":"LineString","coordinates":[[12.595721,41.832842],[12.594949,41.833372],[12.594754,41.833538],[12.594487,41.833831]]}},{"type":"Feature","properties":{"mode":"bus","n":6,"arr":["504","505","507","515","551","n551"],"lines":"504, 505, 507, 515, 551, n551"},"geometry":{"type":"LineString","coordinates":[[12.594221,41.834128],[12.593939,41.834389],[12.593715,41.834534],[12.592561,41.83562],[12.592297,41.835915],[12.592175,41.836132],[12.592013,41.836576],[12.591705,41.837668],[12.591618,41.838213],[12.591652,41.838533],[12.59194,41.83924],[12.591944,41.83938],[12.591874,41.839517],[12.591763,41.839603],[12.591684,41.839634],[12.590946,41.839777],[12.590277,41.839881],[12.589085,41.839945],[12.588734,41.840006],[12.587809,41.840328],[12.587766,41.840392],[12.587735,41.840606]]}},{"type":"Feature","properties":{"mode":"bus","n":5,"arr":["504","507","515","551","n551"],"lines":"504, 507, 515, 551, n551"},"geometry":{"type":"LineString","coordinates":[[12.594981,41.833108],[12.595417,41.83275],[12.595972,41.832181],[12.596387,41.831519],[12.597247,41.830572],[12.597357,41.830381],[12.597438,41.830167]]}},{"type":"Feature","properties":{"mode":"bus","n":5,"arr":["504","507","509","T10","T20"],"lines":"504, 507, 509, T10, T20"},"geometry":{"type":"LineString","coordinates":[[12.622787,41.841356],[12.622614,41.841958],[12.622477,41.84227]]}},{"type":"Feature","properties":{"mode":"bus","n":5,"arr":["504","506","551","n551","nMA"],"lines":"504, 506, 551, n551, nMA"},"geometry":{"type":"LineString","coordinates":[[12.586007,41.84252],[12.585498,41.842792],[12.585262,41.842829]]}},{"type":"Feature","properties":{"mode":"bus","n":5,"arr":["505","507","515","551","n551"],"lines":"505, 507, 515, 551, n551"},"geometry":{"type":"LineString","coordinates":[[12.597798,41.829682],[12.598141,41.829404],[12.598811,41.828996],[12.59929,41.828657],[12.600269,41.827908],[12.600578,41.827614],[12.60159,41.826468],[12.602137,41.825984],[12.60264,41.825596],[12.603234,41.82519],[12.603584,41.824994],[12.604507,41.824542],[12.605084,41.824165],[12.605552,41.823765],[12.606068,41.823164],[12.606349,41.822899],[12.607317,41.822143],[12.607859,41.821785],[12.608766,41.82125],[12.610007,41.820715],[12.611435,41.819878]]}},{"type":"Feature","properties":{"mode":"bus","n":5,"arr":["505","507","515","551","n551"],"lines":"505, 507, 515, 551, n551"},"geometry":{"type":"LineString","coordinates":[[12.611507,41.819949],[12.608981,41.821493],[12.607628,41.822353],[12.607099,41.822717],[12.603209,41.825841],[12.599322,41.828729],[12.599047,41.828962],[12.598389,41.829637]]}},{"type":"Feature","properties":{"mode":"bus","n":6,"arr":["507","509","T01","T02","T10","T20"],"lines":"507, 509, T01, T02, T10, T20"},"geometry":{"type":"LineString","coordinates":[[12.620489,41.830599],[12.620471,41.830744],[12.620514,41.832226],[12.620491,41.832437],[12.620382,41.83269],[12.61974,41.833636],[12.619624,41.833869],[12.619609,41.834001],[12.619909,41.834439],[12.62135,41.836189],[12.623145,41.838468],[12.623259,41.838653],[12.623344,41.838885],[12.623344,41.839097],[12.622938,41.840687]]}},{"type":"Feature","properties":{"mode":"bus","n":5,"arr":["520","590","789","C11","n500"],"lines":"520, 590, 789, C11, n500"},"geometry":{"type":"LineString","coordinates":[[12.569352,41.85257],[12.5693,41.852585]]}},{"type":"Feature","properties":{"mode":"bus","n":6,"arr":["520","558","590","789","C11","n500"],"lines":"520, 558, 590, 789, C11, n500"},"geometry":{"type":"LineString","coordinates":[[12.56956,41.852514],[12.569352,41.85257]]}},{"type":"Feature","properties":{"mode":"bus","n":5,"arr":["520","654","664","789","C11"],"lines":"520, 654, 664, 789, C11"},"geometry":{"type":"LineString","coordinates":[[12.563614,41.826332],[12.563912,41.826615],[12.563987,41.826734],[12.565976,41.828917]]}},{"type":"Feature","properties":{"mode":"bus","n":5,"arr":["520","654","664","789","C11"],"lines":"520, 654, 664, 789, C11"},"geometry":{"type":"LineString","coordinates":[[12.563987,41.826734],[12.563814,41.826653],[12.563525,41.826615]]}},{"type":"Feature","properties":{"mode":"bus","n":5,"arr":["542","556","558","C5","n5"],"lines":"542, 556, 558, C5, n5"},"geometry":{"type":"LineString","coordinates":[[12.568308,41.885848],[12.568248,41.885852]]}},{"type":"Feature","properties":{"mode":"bus","n":5,"arr":["542","543","548","C5","nMC"],"lines":"542, 543, 548, C5, nMC"},"geometry":{"type":"LineString","coordinates":[[12.56293,41.886184],[12.562944,41.886275],[12.562943,41.886291],[12.562936,41.886303],[12.562922,41.886311],[12.562901,41.886315],[12.561275,41.886433]]}},{"type":"Feature","properties":{"mode":"bus","n":5,"arr":["542","543","548","C5","nMC"],"lines":"542, 543, 548, C5, nMC"},"geometry":{"type":"LineString","coordinates":[[12.561065,41.886098],[12.561162,41.886018],[12.561233,41.886006],[12.562877,41.885876]]}},{"type":"Feature","properties":{"mode":"bus","n":6,"arr":["546","907","998","999","C6","n913"],"lines":"546, 907, 998, 999, C6, n913"},"geometry":{"type":"LineString","coordinates":[[12.417535,41.945692],[12.416784,41.946542],[12.416533,41.946791],[12.416061,41.947192],[12.414793,41.948192],[12.413787,41.949358],[12.413201,41.949909],[12.412634,41.950361],[12.412442,41.950659],[12.412376,41.950963],[12.412407,41.95177],[12.412185,41.952656],[12.41205,41.953843],[12.412124,41.954424],[12.412264,41.955126],[12.412426,41.95576],[12.412471,41.956075],[12.412466,41.956598],[12.412343,41.958501]]}},{"type":"Feature","properties":{"mode":"bus","n":5,"arr":["546","907","992","993","C6"],"lines":"546, 907, 992, 993, C6"},"geometry":{"type":"LineString","coordinates":[[12.408559,41.968254],[12.408618,41.968181],[12.408659,41.968066],[12.408669,41.967732],[12.408582,41.967583],[12.408219,41.967257],[12.408077,41.967088],[12.407938,41.966747],[12.407826,41.966278],[12.407671,41.965967],[12.407614,41.965933],[12.407594,41.965914],[12.40759,41.96589],[12.407598,41.965841]]}},{"type":"Feature","properties":{"mode":"bus","n":5,"arr":["546","907","992","993","C6"],"lines":"546, 907, 992, 993, C6"},"geometry":{"type":"LineString","coordinates":[[12.408368,41.968202],[12.408245,41.968261]]}},{"type":"Feature","properties":{"mode":"bus","n":5,"arr":["546","980","981","983","985"],"lines":"546, 980, 981, 983, 985"},"geometry":{"type":"LineString","coordinates":[[12.399172,41.910777],[12.399231,41.910888]]}},{"type":"Feature","properties":{"mode":"bus","n":5,"arr":["557","558","590","nMA","T02"],"lines":"557, 558, 590, nMA, T02"},"geometry":{"type":"LineString","coordinates":[[12.552778,41.862151],[12.551243,41.862875]]}},{"type":"Feature","properties":{"mode":"bus","n":5,"arr":["557","558","590","nMA","T20"],"lines":"557, 558, 590, nMA, T20"},"geometry":{"type":"LineString","coordinates":[[12.552921,41.861879],[12.552608,41.862046],[12.551124,41.862738]]}},{"type":"Feature","properties":{"mode":"bus","n":8,"arr":["628","671","714","792","F02","F20","L08","L80"],"lines":"628, 671, 714, 792, F02, F20, L08, L80"},"geometry":{"type":"LineString","coordinates":[[12.498216,41.882308],[12.49781,41.881983],[12.496612,41.880323],[12.496002,41.879869]]}},{"type":"Feature","properties":{"mode":"bus","n":5,"arr":["663","664","765","L06","L60"],"lines":"663, 664, 765, L06, L60"},"geometry":{"type":"LineString","coordinates":[[12.549217,41.85039],[12.548893,41.850701],[12.54693,41.852393],[12.546551,41.852686],[12.546338,41.852805],[12.545954,41.852974],[12.543966,41.85366],[12.543387,41.853887]]}},{"type":"Feature","properties":{"mode":"bus","n":5,"arr":["670","L03","L04","L07","L08"],"lines":"670, L03, L04, L07, L08"},"geometry":{"type":"LineString","coordinates":[[12.480789,41.84255],[12.480765,41.843134],[12.480659,41.843622],[12.480466,41.84405],[12.479971,41.844808]]}},{"type":"Feature","properties":{"mode":"bus","n":5,"arr":["670","L03","L04","L07","L08"],"lines":"670, L03, L04, L07, L08"},"geometry":{"type":"LineString","coordinates":[[12.479882,41.844937],[12.479269,41.845818],[12.479192,41.845904],[12.47908,41.845964]]}},{"type":"Feature","properties":{"mode":"bus","n":6,"arr":["669","670","L03","L04","L07","L08"],"lines":"669, 670, L03, L04, L07, L08"},"geometry":{"type":"LineString","coordinates":[[12.479971,41.844808],[12.479882,41.844937]]}},{"type":"Feature","properties":{"mode":"bus","n":8,"arr":["670","671","716","C8","L30","L40","L70","L80"],"lines":"670, 671, 716, C8, L30, L40, L70, L80"},"geometry":{"type":"LineString","coordinates":[[12.481677,41.84256],[12.480789,41.84255]]}},{"type":"Feature","properties":{"mode":"bus","n":6,"arr":["671","L30","L40","L70","L80","n716"],"lines":"671, L30, L40, L70, L80, n716"},"geometry":{"type":"LineString","coordinates":[[12.493207,41.851232],[12.494494,41.852159],[12.494984,41.852458],[12.496832,41.853252],[12.497189,41.853358],[12.497672,41.853434]]}},{"type":"Feature","properties":{"mode":"bus","n":6,"arr":["671","L30","L40","L70","L80","n716"],"lines":"671, L30, L40, L70, L80, n716"},"geometry":{"type":"LineString","coordinates":[[12.479059,41.828001],[12.478908,41.828021]]}},{"type":"Feature","properties":{"mode":"bus","n":6,"arr":["671","C8","L30","L40","L70","L80"],"lines":"671, C8, L30, L40, L70, L80"},"geometry":{"type":"LineString","coordinates":[[12.481677,41.84256],[12.482156,41.843305],[12.482464,41.843661],[12.482902,41.844036],[12.484065,41.84488]]}},{"type":"Feature","properties":{"mode":"bus","n":7,"arr":["671","716","C8","L30","L40","L70","L80"],"lines":"671, 716, C8, L30, L40, L70, L80"},"geometry":{"type":"LineString","coordinates":[[12.480789,41.84255],[12.480691,41.84251],[12.480668,41.842497],[12.480654,41.842479],[12.48065,41.842457],[12.480735,41.839281],[12.480678,41.83809]]}},{"type":"Feature","properties":{"mode":"bus","n":5,"arr":["671","L30","L40","L70","L80"],"lines":"671, L30, L40, L70, L80"},"geometry":{"type":"LineString","coordinates":[[12.480678,41.83809],[12.48071,41.837498],[12.480859,41.836547],[12.480823,41.83561],[12.480854,41.834605],[12.480857,41.83459],[12.480866,41.83458],[12.480881,41.834576],[12.480901,41.834576],[12.480987,41.834587]]}},{"type":"Feature","properties":{"mode":"bus","n":9,"arr":["671","L03","L04","L07","L08","L30","L40","L70","L80"],"lines":"671, L03, L04, L07, L08, L30, L40, L70, L80"},"geometry":{"type":"LineString","coordinates":[[12.480479,41.829855],[12.480527,41.830041],[12.480944,41.833163],[12.480978,41.833605],[12.480987,41.834587]]}},{"type":"Feature","properties":{"mode":"bus","n":7,"arr":["671","L03","L04","L07","L08","L40","L70"],"lines":"671, L03, L04, L07, L08, L40, L70"},"geometry":{"type":"LineString","coordinates":[[12.480987,41.834587],[12.480983,41.834672]]}},{"type":"Feature","properties":{"mode":"bus","n":6,"arr":["671","L03","L04","L07","L08","L70"],"lines":"671, L03, L04, L07, L08, L70"},"geometry":{"type":"LineString","coordinates":[[12.480983,41.834672],[12.480975,41.834726]]}},{"type":"Feature","properties":{"mode":"bus","n":5,"arr":["671","L03","L04","L07","L08"],"lines":"671, L03, L04, L07, L08"},"geometry":{"type":"LineString","coordinates":[[12.480975,41.834726],[12.48095,41.835707],[12.480963,41.836608],[12.480799,41.837719],[12.480825,41.838579]]}},{"type":"Feature","properties":{"mode":"bus","n":7,"arr":["671","764","L30","L40","L70","L80","n716"],"lines":"671, 764, L30, L40, L70, L80, n716"},"geometry":{"type":"LineString","coordinates":[[12.478908,41.828021],[12.479052,41.828223],[12.480024,41.82928],[12.480192,41.829521],[12.480336,41.829841],[12.48035,41.829858],[12.480369,41.829867],[12.480396,41.829867],[12.480479,41.829855]]}},{"type":"Feature","properties":{"mode":"bus","n":8,"arr":["671","764","L03","L04","L07","L08","L30","n716"],"lines":"671, 764, L03, L04, L07, L08, L30, n716"},"geometry":{"type":"LineString","coordinates":[[12.479059,41.828001],[12.479096,41.828064]]}},{"type":"Feature","properties":{"mode":"bus","n":7,"arr":["671","764","L03","L04","L07","L08","n716"],"lines":"671, 764, L03, L04, L07, L08, n716"},"geometry":{"type":"LineString","coordinates":[[12.480479,41.829855],[12.480321,41.829492],[12.480206,41.82931],[12.479227,41.828237],[12.479096,41.828064]]}},{"type":"Feature","properties":{"mode":"bus","n":6,"arr":["671","700","705","762","778","C7"],"lines":"671, 700, 705, 762, 778, C7"},"geometry":{"type":"LineString","coordinates":[[12.473042,41.826862],[12.472941,41.826891]]}},{"type":"Feature","properties":{"mode":"bus","n":6,"arr":["671","714","780","791","C01","L02"],"lines":"671, 714, 780, 791, C01, L02"},"geometry":{"type":"LineString","coordinates":[[12.465736,41.823672],[12.465608,41.823707],[12.465585,41.823717],[12.465575,41.823733],[12.465579,41.823753],[12.465813,41.824244]]}},{"type":"Feature","properties":{"mode":"bus","n":6,"arr":["671","716","L03","L04","L07","L08"],"lines":"671, 716, L03, L04, L07, L08"},"geometry":{"type":"LineString","coordinates":[[12.480825,41.838579],[12.480848,41.83886],[12.480833,41.840097]]}},{"type":"Feature","properties":{"mode":"bus","n":7,"arr":["671","716","C8","L03","L04","L07","L08"],"lines":"671, 716, C8, L03, L04, L07, L08"},"geometry":{"type":"LineString","coordinates":[[12.480833,41.840097],[12.480816,41.840878]]}},{"type":"Feature","properties":{"mode":"bus","n":6,"arr":["671","714","792","F02","L07","L08"],"lines":"671, 714, 792, F02, L07, L08"},"geometry":{"type":"LineString","coordinates":[[12.495774,41.879702],[12.495651,41.879369],[12.495638,41.879239],[12.495623,41.87889],[12.495648,41.878834],[12.495597,41.877504],[12.495725,41.877101],[12.496634,41.875145],[12.496678,41.874992],[12.496709,41.874666]]}},{"type":"Feature","properties":{"mode":"bus","n":5,"arr":["700","705","706","712","772"],"lines":"700, 705, 706, 712, 772"},"geometry":{"type":"LineString","coordinates":[[12.471503,41.828352],[12.471528,41.828403],[12.471532,41.82842],[12.471524,41.828433],[12.471505,41.828442],[12.47065,41.82869],[12.470596,41.828691],[12.47057,41.828687],[12.470551,41.828674],[12.470514,41.828633]]}},{"type":"Feature","properties":{"mode":"bus","n":6,"arr":["700","706","724","772","789","789F"],"lines":"700, 706, 724, 772, 789, 789F"},"geometry":{"type":"LineString","coordinates":[[12.47204,41.82274],[12.472415,41.822873]]}},{"type":"Feature","properties":{"mode":"bus","n":8,"arr":["701","771","775","C7","M03","M05","M30","M50"],"lines":"701, 771, 775, C7, M03, M05, M30, M50"},"geometry":{"type":"LineString","coordinates":[[12.413234,41.845979],[12.413441,41.846232]]}},{"type":"Feature","properties":{"mode":"bus","n":9,"arr":["701","771","773","775","786F","C7","M03","M05","M30"],"lines":"701, 771, 773, 775, 786F, C7, M03, M05, M30"},"geometry":{"type":"LineString","coordinates":[[12.413195,41.845937],[12.413204,41.845892]]}},{"type":"Feature","properties":{"mode":"bus","n":6,"arr":["701","771","773","775","786F","C7"],"lines":"701, 771, 773, 775, 786F, C7"},"geometry":{"type":"LineString","coordinates":[[12.413204,41.845892],[12.41326,41.845795],[12.413412,41.845744]]}},{"type":"Feature","properties":{"mode":"bus","n":7,"arr":["701","771","C7","M03","M05","M30","M50"],"lines":"701, 771, C7, M03, M05, M30, M50"},"geometry":{"type":"LineString","coordinates":[[12.409361,41.843408],[12.412135,41.844984],[12.412545,41.84532],[12.413195,41.845937]]}},{"type":"Feature","properties":{"mode":"bus","n":7,"arr":["701","771","C7","M03","M05","M30","M50"],"lines":"701, 771, C7, M03, M05, M30, M50"},"geometry":{"type":"LineString","coordinates":[[12.410064,41.843797],[12.410168,41.843657]]}},{"type":"Feature","properties":{"mode":"bus","n":7,"arr":["701","771","C7","M03","M05","M30","M50"],"lines":"701, 771, C7, M03, M05, M30, M50"},"geometry":{"type":"LineString","coordinates":[[12.411419,41.844569],[12.411483,41.844497]]}},{"type":"Feature","properties":{"mode":"bus","n":6,"arr":["771","981","M03","M05","M30","M50"],"lines":"771, 981, M03, M05, M30, M50"},"geometry":{"type":"LineString","coordinates":[[12.4094,41.843354],[12.410613,41.841519],[12.410811,41.841281],[12.411015,41.841089],[12.411705,41.840581],[12.412276,41.840097],[12.412866,41.839417],[12.412994,41.839312],[12.413513,41.838986],[12.413524,41.838978],[12.413529,41.838972],[12.413527,41.838967],[12.413518,41.838965],[12.413502,41.838964],[12.413386,41.838966],[12.413361,41.838963],[12.413341,41.838952],[12.413326,41.838939],[12.413314,41.838923],[12.413314,41.838904],[12.413333,41.838839],[12.414235,41.837794],[12.414293,41.837784],[12.414323,41.837783],[12.414351,41.837791],[12.414373,41.837802],[12.414395,41.837818],[12.414405,41.837838],[12.414424,41.83793],[12.414427,41.83794],[12.41443,41.837946],[12.414433,41.837948],[12.414436,41.837946],[12.41444,41.837941],[12.414443,41.837931],[12.414743,41.836985],[12.415006,41.836387],[12.41512,41.836165],[12.415517,41.835741],[12.415771,41.835406],[12.415839,41.835273],[12.416121,41.834673],[12.416878,41.832723],[12.417126,41.832355],[12.417447,41.832102],[12.41812,41.83168],[12.41839,41.831435],[12.418543,41.831201],[12.418849,41.830205]]}},{"type":"Feature","properties":{"mode":"bus","n":8,"arr":["701","771","981","C7","M03","M05","M30","M50"],"lines":"701, 771, 981, C7, M03, M05, M30, M50"},"geometry":{"type":"LineString","coordinates":[[12.409361,41.843408],[12.4094,41.843354]]}},{"type":"Feature","properties":{"mode":"bus","n":5,"arr":["701","771","C7","M03","M05"],"lines":"701, 771, C7, M03, M05"},"geometry":{"type":"LineString","coordinates":[[12.410168,41.843657],[12.40986,41.843475]]}},{"type":"Feature","properties":{"mode":"bus","n":5,"arr":["702","723","763","765","C7"],"lines":"702, 723, 763, 765, C7"},"geometry":{"type":"LineString","coordinates":[[12.481723,41.826424],[12.481551,41.826472]]}},{"type":"Feature","properties":{"mode":"bus","n":6,"arr":["702","720","723","763","765","C7"],"lines":"702, 720, 723, 763, 765, C7"},"geometry":{"type":"LineString","coordinates":[[12.482067,41.826774],[12.482381,41.826477],[12.482412,41.826417],[12.482368,41.826321],[12.482306,41.826293],[12.482181,41.826295],[12.481723,41.826424]]}},{"type":"Feature","properties":{"mode":"bus","n":7,"arr":["702","720","721","762","765","772","L06"],"lines":"702, 720, 721, 762, 765, 772, L06"},"geometry":{"type":"LineString","coordinates":[[12.481679,41.827097],[12.481655,41.827225],[12.481684,41.827332]]}},{"type":"Feature","properties":{"mode":"bus","n":7,"arr":["702","720","721","762","765","772","L06"],"lines":"702, 720, 721, 762, 765, 772, L06"},"geometry":{"type":"LineString","coordinates":[[12.49129,41.826358],[12.493037,41.826394],[12.495362,41.826407],[12.49587,41.826341],[12.497053,41.826047],[12.497368,41.826006],[12.497769,41.825987],[12.498332,41.826031],[12.502066,41.826738],[12.502515,41.826745],[12.502747,41.826674],[12.502986,41.826653],[12.503183,41.826658],[12.503558,41.82671]]}},{"type":"Feature","properties":{"mode":"bus","n":8,"arr":["702","720","721","762","765","772","L06","L60"],"lines":"702, 720, 721, 762, 765, 772, L06, L60"},"geometry":{"type":"LineString","coordinates":[[12.481684,41.827332],[12.481922,41.827475],[12.482144,41.827539],[12.482488,41.827519],[12.482699,41.827473],[12.482965,41.827371],[12.483217,41.827224],[12.484106,41.826551],[12.48429,41.826459],[12.484619,41.826374],[12.485425,41.826356],[12.485622,41.826315],[12.485852,41.82622],[12.48655,41.82581]]}},{"type":"Feature","properties":{"mode":"bus","n":7,"arr":["702","720","721","765","772","L06","L60"],"lines":"702, 720, 721, 765, 772, L06, L60"},"geometry":{"type":"LineString","coordinates":[[12.48655,41.82581],[12.486797,41.825675],[12.487017,41.825591],[12.487276,41.825529],[12.487525,41.825512],[12.487796,41.825533],[12.489578,41.825847]]}},{"type":"Feature","properties":{"mode":"bus","n":6,"arr":["702","720","721","765","772","L06"],"lines":"702, 720, 721, 765, 772, L06"},"geometry":{"type":"LineString","coordinates":[[12.489578,41.825847],[12.489829,41.825916],[12.490176,41.826158],[12.490495,41.826293],[12.490836,41.826349],[12.49129,41.826358]]}},{"type":"Feature","properties":{"mode":"bus","n":5,"arr":["702","720","721","765","L06"],"lines":"702, 720, 721, 765, L06"},"geometry":{"type":"LineString","coordinates":[[12.507099,41.827202],[12.508873,41.827198],[12.5097,41.827228],[12.510872,41.82723]]}},{"type":"Feature","properties":{"mode":"bus","n":5,"arr":["702","720","721","765","L06"],"lines":"702, 720, 721, 765, L06"},"geometry":{"type":"LineString","coordinates":[[12.511878,41.827247],[12.511509,41.82724]]}},{"type":"Feature","properties":{"mode":"bus","n":5,"arr":["702","720","721","765","L06"],"lines":"702, 720, 721, 765, L06"},"geometry":{"type":"LineString","coordinates":[[12.517597,41.826689],[12.517532,41.826809],[12.517405,41.82688],[12.517133,41.826948],[12.516205,41.827111],[12.515621,41.827153],[12.51419,41.827119],[12.513113,41.827253],[12.512539,41.827262]]}},{"type":"Feature","properties":{"mode":"bus","n":6,"arr":["702","720","721","765","C11","L60"],"lines":"702, 720, 721, 765, C11, L60"},"geometry":{"type":"LineString","coordinates":[[12.518411,41.827596],[12.518476,41.827703],[12.518503,41.82773],[12.518542,41.827746],[12.518734,41.827787]]}},{"type":"Feature","properties":{"mode":"bus","n":5,"arr":["702","720","721","765","L60"],"lines":"702, 720, 721, 765, L60"},"geometry":{"type":"LineString","coordinates":[[12.509754,41.827349],[12.512718,41.827391],[12.513283,41.827366],[12.514245,41.827247],[12.515448,41.827279],[12.515899,41.827271],[12.51633,41.827228],[12.51779,41.826963],[12.518063,41.826957]]}},{"type":"Feature","properties":{"mode":"bus","n":6,"arr":["702","720","721","762","765","772"],"lines":"702, 720, 721, 762, 765, 772"},"geometry":{"type":"LineString","coordinates":[[12.502697,41.826849],[12.503287,41.826887],[12.505594,41.827246]]}},{"type":"Feature","properties":{"mode":"bus","n":7,"arr":["702","720","721","762","765","772","L60"],"lines":"702, 720, 721, 762, 765, 772, L60"},"geometry":{"type":"LineString","coordinates":[[12.490436,41.826524],[12.490594,41.826635],[12.490759,41.826712],[12.491112,41.826787],[12.492351,41.826846],[12.494578,41.826897],[12.495018,41.827018],[12.495424,41.827057],[12.495648,41.827027],[12.495931,41.826944],[12.496812,41.826511],[12.497322,41.826318],[12.497813,41.826223],[12.49833,41.826204],[12.498629,41.826227],[12.498897,41.826274],[12.50205,41.826868],[12.502319,41.826886],[12.502697,41.826849]]}},{"type":"Feature","properties":{"mode":"bus","n":6,"arr":["702","720","721","765","772","L60"],"lines":"702, 720, 721, 765, 772, L60"},"geometry":{"type":"LineString","coordinates":[[12.489578,41.825847],[12.489871,41.826025],[12.490436,41.826524]]}},{"type":"Feature","properties":{"mode":"bus","n":5,"arr":["702","720","765","772","L60"],"lines":"702, 720, 765, 772, L60"},"geometry":{"type":"LineString","coordinates":[[12.480863,41.827369],[12.481551,41.827474]]}},{"type":"Feature","properties":{"mode":"bus","n":8,"arr":["708","712","777","779","779F","788","n705","nME"],"lines":"708, 712, 777, 779, 779F, 788, n705, nME"},"geometry":{"type":"LineString","coordinates":[[12.465431,41.830487],[12.461303,41.831685],[12.461282,41.831689],[12.461266,41.831686],[12.461253,41.831678],[12.461244,41.831664],[12.461114,41.831348],[12.461126,41.830967],[12.461101,41.830837],[12.460431,41.829531]]}},{"type":"Feature","properties":{"mode":"bus","n":6,"arr":["708","712","779","779F","788","nME"],"lines":"708, 712, 779, 779F, 788, nME"},"geometry":{"type":"LineString","coordinates":[[12.460431,41.829531],[12.45867,41.826129],[12.458197,41.82531],[12.457917,41.825035],[12.457661,41.824869],[12.457231,41.824729],[12.456947,41.82472],[12.456864,41.824684],[12.456788,41.824614]]}},{"type":"Feature","properties":{"mode":"bus","n":8,"arr":["708","712","778","779","779F","788","C01","nME"],"lines":"708, 712, 778, 779, 779F, 788, C01, nME"},"geometry":{"type":"LineString","coordinates":[[12.456918,41.824462],[12.456788,41.824614]]}},{"type":"Feature","properties":{"mode":"bus","n":5,"arr":["712","C01","C4","C10","nME"],"lines":"712, C01, C4, C10, nME"},"geometry":{"type":"LineString","coordinates":[[12.394475,41.793977],[12.401594,41.79541]]}},{"type":"Feature","properties":{"mode":"bus","n":8,"arr":["712","777","778","787","C01","C10","n705","nME"],"lines":"712, 777, 778, 787, C01, C10, n705, nME"},"geometry":{"type":"LineString","coordinates":[[12.443651,41.820982],[12.443695,41.820995]]}},{"type":"Feature","properties":{"mode":"bus","n":6,"arr":["777","778","787","C01","n705","nME"],"lines":"777, 778, 787, C01, n705, nME"},"geometry":{"type":"LineString","coordinates":[[12.443617,41.82097],[12.443651,41.820982]]}},{"type":"Feature","properties":{"mode":"bus","n":6,"arr":["712","778","779","779F","788","C01"],"lines":"712, 778, 779, 779F, 788, C01"},"geometry":{"type":"LineString","coordinates":[[12.459812,41.821294],[12.456918,41.824462]]}},{"type":"Feature","properties":{"mode":"bus","n":5,"arr":["716","764","767","772","n716"],"lines":"716, 764, 767, 772, n716"},"geometry":{"type":"LineString","coordinates":[[12.494819,41.833404],[12.496278,41.833671]]}},{"type":"Feature","properties":{"mode":"bus","n":6,"arr":["719","771","981","M30","M50","n719"],"lines":"719, 771, 981, M30, M50, n719"},"geometry":{"type":"LineString","coordinates":[[12.416822,41.82871],[12.416229,41.828694]]}},{"type":"Feature","properties":{"mode":"bus","n":7,"arr":["719","771","981","M03","M04","M05","n719"],"lines":"719, 771, 981, M03, M04, M05, n719"},"geometry":{"type":"LineString","coordinates":[[12.416509,41.828497],[12.416396,41.828619],[12.416229,41.828694]]}},{"type":"Feature","properties":{"mode":"bus","n":5,"arr":["719","771","775","C7","n719"],"lines":"719, 771, 775, C7, n719"},"geometry":{"type":"LineString","coordinates":[[12.436862,41.843041],[12.436931,41.843049]]}},{"type":"Feature","properties":{"mode":"bus","n":5,"arr":["719","771","775","M04","n719"],"lines":"719, 771, 775, M04, n719"},"geometry":{"type":"LineString","coordinates":[[12.43579,41.849269],[12.435737,41.849255]]}},{"type":"Feature","properties":{"mode":"bus","n":8,"arr":["723","772","C7","F01","F02","F10","F20","L06"],"lines":"723, 772, C7, F01, F02, F10, F20, L06"},"geometry":{"type":"LineString","coordinates":[[12.480554,41.826971],[12.480401,41.826943],[12.479624,41.827161],[12.479479,41.827268]]}},{"type":"Feature","properties":{"mode":"bus","n":7,"arr":["764","767","777","779","779F","L05","n070"],"lines":"764, 767, 777, 779, 779F, L05, n070"},"geometry":{"type":"LineString","coordinates":[[12.471014,41.836474],[12.470868,41.836595],[12.470837,41.836817],[12.470981,41.837074]]}},{"type":"Feature","properties":{"mode":"bus","n":6,"arr":["766","773","774","786","786F","n781"],"lines":"766, 773, 774, 786, 786F, n781"},"geometry":{"type":"LineString","coordinates":[[12.466024,41.873295],[12.466037,41.873166]]}},{"type":"Feature","properties":{"mode":"bus","n":5,"arr":["771","773","775","786F","M50"],"lines":"771, 773, 775, 786F, M50"},"geometry":{"type":"LineString","coordinates":[[12.413234,41.845979],[12.413294,41.845973]]}},{"type":"Feature","properties":{"mode":"bus","n":5,"arr":["777","778","C01","n705","nME"],"lines":"777, 778, C01, n705, nME"},"geometry":{"type":"LineString","coordinates":[[12.454732,41.826853],[12.454633,41.82696]]}},{"type":"Feature","properties":{"mode":"bus","n":5,"arr":["777","778","787","C01","n705"],"lines":"777, 778, 787, C01, n705"},"geometry":{"type":"LineString","coordinates":[[12.4535,41.828137],[12.453236,41.82797],[12.451672,41.826653],[12.448674,41.824663],[12.443695,41.820995]]}},{"type":"Feature","properties":{"mode":"bus","n":5,"arr":["777","778","787","n705","nME"],"lines":"777, 778, 787, n705, nME"},"geometry":{"type":"LineString","coordinates":[[12.443663,41.820927],[12.443695,41.820995]]}},{"type":"Feature","properties":{"mode":"bus","n":9,"arr":["788","L10","L20","L30","L40","L50","L60","L70","L80"],"lines":"788, L10, L20, L30, L40, L50, L60, L70, L80"},"geometry":{"type":"LineString","coordinates":[[12.481109,41.801223],[12.481232,41.801182]]}},{"type":"Feature","properties":{"mode":"bus","n":5,"arr":["904","905","907","907L","993"],"lines":"904, 905, 907, 907L, 993"},"geometry":{"type":"LineString","coordinates":[[12.425363,41.903499],[12.425368,41.9034]]}},{"type":"Feature","properties":{"mode":"bus","n":9,"arr":["904","905","906","907","907L","980","981","983","993"],"lines":"904, 905, 906, 907, 907L, 980, 981, 983, 993"},"geometry":{"type":"LineString","coordinates":[[12.42513,41.902165],[12.425353,41.902208],[12.425415,41.902262],[12.425433,41.902355]]}},{"type":"Feature","properties":{"mode":"bus","n":5,"arr":["907","907L","916","916F","983"],"lines":"907, 907L, 916, 916F, 983"},"geometry":{"type":"LineString","coordinates":[[12.410596,41.905273],[12.410704,41.905226]]}},{"type":"Feature","properties":{"mode":"bus","n":6,"arr":["907","907L","916","916F","983","985"],"lines":"907, 907L, 916, 916F, 983, 985"},"geometry":{"type":"LineString","coordinates":[[12.413693,41.906158],[12.413662,41.906231]]}},{"type":"Feature","properties":{"mode":"bus","n":10,"arr":["907","907L","911","913","913L","980","990","C6","n46","n913"],"lines":"907, 907L, 911, 913, 913L, 980, 990, C6, n46, n913"},"geometry":{"type":"LineString","coordinates":[[12.424242,41.939579],[12.423899,41.939951]]}},{"type":"Feature","properties":{"mode":"bus","n":10,"arr":["907","907L","911","913","913L","980","990","C6","n46","n913"],"lines":"907, 907L, 911, 913, 913L, 980, 990, C6, n46, n913"},"geometry":{"type":"LineString","coordinates":[[12.423729,41.939621],[12.423586,41.939823]]}},{"type":"Feature","properties":{"mode":"bus","n":9,"arr":["907","911","913","913L","980","990","C6","n46","n913"],"lines":"907, 911, 913, 913L, 980, 990, C6, n46, n913"},"geometry":{"type":"LineString","coordinates":[[12.423899,41.939951],[12.423763,41.940094]]}},{"type":"Feature","properties":{"mode":"bus","n":9,"arr":["907","911","913","913L","980","990","C6","n46","n913"],"lines":"907, 911, 913, 913L, 980, 990, C6, n46, n913"},"geometry":{"type":"LineString","coordinates":[[12.423586,41.939823],[12.423442,41.940031]]}},{"type":"Feature","properties":{"mode":"bus","n":10,"arr":["907","911","913","913L","980","990","999","C6","n46","n913"],"lines":"907, 911, 913, 913L, 980, 990, 999, C6, n46, n913"},"geometry":{"type":"LineString","coordinates":[[12.423763,41.940094],[12.423737,41.94012]]}},{"type":"Feature","properties":{"mode":"bus","n":11,"arr":["907","911","912","913","913L","980","990","999","C6","n46","n913"],"lines":"907, 911, 912, 913, 913L, 980, 990, 999, C6, n46, n913"},"geometry":{"type":"LineString","coordinates":[[12.423737,41.94012],[12.423651,41.940196]]}},{"type":"Feature","properties":{"mode":"bus","n":11,"arr":["907","911","913","913L","980","990","998","999","C6","n46","n913"],"lines":"907, 911, 913, 913L, 980, 990, 998, 999, C6, n46, n913"},"geometry":{"type":"LineString","coordinates":[[12.423651,41.940196],[12.423224,41.940615]]}},{"type":"Feature","properties":{"mode":"bus","n":11,"arr":["907","911","913","913L","980","990","998","999","C6","n46","n913"],"lines":"907, 911, 913, 913L, 980, 990, 998, 999, C6, n46, n913"},"geometry":{"type":"LineString","coordinates":[[12.421371,41.941457],[12.421134,41.941602]]}},{"type":"Feature","properties":{"mode":"bus","n":9,"arr":["907","911","913","913L","980","990","999","n46","n913"],"lines":"907, 911, 913, 913L, 980, 990, 999, n46, n913"},"geometry":{"type":"LineString","coordinates":[[12.423224,41.940615],[12.423011,41.940805],[12.42275,41.94097],[12.421591,41.941398],[12.421371,41.941457]]}},{"type":"Feature","properties":{"mode":"bus","n":6,"arr":["907","912","998","999","C6","n913"],"lines":"907, 912, 998, 999, C6, n913"},"geometry":{"type":"LineString","coordinates":[[12.421134,41.941602],[12.420903,41.941747]]}},{"type":"Feature","properties":{"mode":"bus","n":5,"arr":["907","998","999","C6","n913"],"lines":"907, 998, 999, C6, n913"},"geometry":{"type":"LineString","coordinates":[[12.420903,41.941747],[12.420034,41.942293],[12.419697,41.942628],[12.419317,41.943138],[12.418335,41.944641],[12.417535,41.945692]]}},{"type":"Feature","properties":{"mode":"bus","n":6,"arr":["907","913","990","998","C6","n913"],"lines":"907, 913, 990, 998, C6, n913"},"geometry":{"type":"LineString","coordinates":[[12.421371,41.941457],[12.42144,41.941411]]}},{"type":"Feature","properties":{"mode":"bus","n":12,"arr":["907","911","912","913","913L","980","990","998","999","C6","n46","n913"],"lines":"907, 911, 912, 913, 913L, 980, 990, 998, 999, C6, n46, n913"},"geometry":{"type":"LineString","coordinates":[[12.422064,41.941122],[12.421973,41.941159]]}},{"type":"Feature","properties":{"mode":"bus","n":12,"arr":["907","911","912","913","913L","980","990","998","999","C6","n46","n913"],"lines":"907, 911, 912, 913, 913L, 980, 990, 998, 999, C6, n46, n913"},"geometry":{"type":"LineString","coordinates":[[12.423381,41.940143],[12.423213,41.940381]]}},{"type":"Feature","properties":{"mode":"bus","n":9,"arr":["911","913","913L","980","990","998","C6","n46","n913"],"lines":"911, 913, 913L, 980, 990, 998, C6, n46, n913"},"geometry":{"type":"LineString","coordinates":[[12.423213,41.940381],[12.423017,41.94063],[12.422743,41.94086],[12.422064,41.941122]]}},{"type":"Feature","properties":{"mode":"bus","n":11,"arr":["907","911","912","913","913L","990","998","999","C6","n46","n913"],"lines":"907, 911, 912, 913, 913L, 990, 998, 999, C6, n46, n913"},"geometry":{"type":"LineString","coordinates":[[12.422064,41.941122],[12.422024,41.941085]]}},{"type":"Feature","properties":{"mode":"bus","n":7,"arr":["907","912","990","998","999","C6","n46"],"lines":"907, 912, 990, 998, 999, C6, n46"},"geometry":{"type":"LineString","coordinates":[[12.42204,41.941062],[12.422024,41.941085]]}},{"type":"Feature","properties":{"mode":"bus","n":5,"arr":["907","912","998","999","C6"],"lines":"907, 912, 998, 999, C6"},"geometry":{"type":"LineString","coordinates":[[12.423213,41.940381],[12.423024,41.940433],[12.422742,41.940698],[12.422582,41.940797],[12.422111,41.940997],[12.42204,41.941062]]}},{"type":"Feature","properties":{"mode":"bus","n":10,"arr":["907","911","913","913L","980","990","998","C6","n46","n913"],"lines":"907, 911, 913, 913L, 980, 990, 998, C6, n46, n913"},"geometry":{"type":"LineString","coordinates":[[12.423442,41.940031],[12.423381,41.940143]]}},{"type":"Feature","properties":{"mode":"bus","n":7,"arr":["911","913","913L","980","990","n46","n913"],"lines":"911, 913, 913L, 980, 990, n46, n913"},"geometry":{"type":"LineString","coordinates":[[12.423842,41.939454],[12.423729,41.939621]]}},{"type":"Feature","properties":{"mode":"bus","n":8,"arr":["907L","911","913","913L","980","990","C6","n46"],"lines":"907L, 911, 913, 913L, 980, 990, C6, n46"},"geometry":{"type":"LineString","coordinates":[[12.426918,41.937544],[12.426941,41.937578]]}},{"type":"Feature","properties":{"mode":"bus","n":5,"arr":["911","913","913L","990","n913"],"lines":"911, 913, 913L, 990, n913"},"geometry":{"type":"LineString","coordinates":[[12.438554,41.935013],[12.439737,41.934057],[12.43976,41.934044],[12.439786,41.93404],[12.439815,41.934044],[12.441244,41.934461],[12.442597,41.934827],[12.442759,41.934882],[12.442967,41.935047],[12.443312,41.935141]]}},{"type":"Feature","properties":{"mode":"bus","n":5,"arr":["911","913","913L","990","n913"],"lines":"911, 913, 913L, 990, n913"},"geometry":{"type":"LineString","coordinates":[[12.443496,41.935089],[12.443585,41.934755]]}},{"type":"Feature","properties":{"mode":"bus","n":8,"arr":["911","912","913","913L","980","990","998","n46"],"lines":"911, 912, 913, 913L, 980, 990, 998, n46"},"geometry":{"type":"LineString","coordinates":[[12.421134,41.941602],[12.420808,41.941496],[12.420366,41.941279]]}},{"type":"Feature","properties":{"mode":"bus","n":9,"arr":["911","912","913","913L","980","990","998","999","n46"],"lines":"911, 912, 913, 913L, 980, 990, 998, 999, n46"},"geometry":{"type":"LineString","coordinates":[[12.421973,41.941159],[12.421389,41.941217],[12.420366,41.941279],[12.419752,41.940978]]}},{"type":"Feature","properties":{"mode":"bus","n":5,"arr":["913","913L","990","990L","n913"],"lines":"913, 913L, 990, 990L, n913"},"geometry":{"type":"LineString","coordinates":[[12.443624,41.913737],[12.443715,41.913086],[12.443645,41.912372],[12.443648,41.912078],[12.443689,41.911923],[12.443759,41.911808],[12.443893,41.911632],[12.444044,41.91149],[12.444253,41.911349],[12.444539,41.91122],[12.445446,41.910983],[12.446016,41.910762],[12.448999,41.909309]]}},{"type":"Feature","properties":{"mode":"bus","n":5,"arr":["913","913L","990","990L","n913"],"lines":"913, 913L, 990, 990L, n913"},"geometry":{"type":"LineString","coordinates":[[12.44342,41.911948],[12.443511,41.911799],[12.443711,41.91163],[12.443747,41.911609],[12.443791,41.911602],[12.443924,41.911598]]}},{"type":"Feature","properties":{"mode":"bus","n":5,"arr":["982","C3","G04","n3s","n201"],"lines":"982, C3, G04, n3s, n201"},"geometry":{"type":"LineString","coordinates":[[12.472774,41.919223],[12.472775,41.919041],[12.472735,41.918964],[12.472677,41.918924],[12.472263,41.918876],[12.471993,41.918811],[12.471828,41.918796]]}},{"type":"Feature","properties":{"mode":"bus","n":5,"arr":["982","C3","G04","n3s","n201"],"lines":"982, C3, G04, n3s, n201"},"geometry":{"type":"LineString","coordinates":[[12.470152,41.918656],[12.469907,41.918546],[12.469773,41.918278]]}},{"type":"Feature","properties":{"mode":"bus","n":5,"arr":["C1","C2","C5","C6","C7"],"lines":"C1, C2, C5, C6, C7"},"geometry":{"type":"LineString","coordinates":[[12.493382,42.008636],[12.49408,42.008817],[12.4953,42.008922],[12.496069,42.009062]]}},{"type":"Feature","properties":{"mode":"bus","n":5,"arr":["C1","C2","C5","C6","C7"],"lines":"C1, C2, C5, C6, C7"},"geometry":{"type":"LineString","coordinates":[[12.497057,42.009509],[12.497611,42.009931],[12.498523,42.010837],[12.499022,42.011433],[12.499386,42.011933],[12.499737,42.01258],[12.499998,42.013139],[12.500738,42.015066],[12.501044,42.016031]]}},{"type":"Feature","properties":{"mode":"bus","n":5,"arr":["C1","C2","C5","C6","C7"],"lines":"C1, C2, C5, C6, C7"},"geometry":{"type":"LineString","coordinates":[[12.49834,42.010426],[12.498199,42.010505]]}},{"type":"Feature","properties":{"mode":"bus","n":5,"arr":["C1","C2","C5","C6","C7"],"lines":"C1, C2, C5, C6, C7"},"geometry":{"type":"LineString","coordinates":[[12.499906,42.012942],[12.500061,42.012933]]}},{"type":"Feature","properties":{"mode":"bus","n":5,"arr":["C1","C2","C5","C6","C7"],"lines":"C1, C2, C5, C6, C7"},"geometry":{"type":"LineString","coordinates":[[12.497558,42.015952],[12.497707,42.015996]]}},{"type":"Feature","properties":{"mode":"bus","n":5,"arr":["C1","C2","C5","C6","C7"],"lines":"C1, C2, C5, C6, C7"},"geometry":{"type":"LineString","coordinates":[[12.497889,42.015497],[12.498055,42.015532]]}},{"type":"Feature","properties":{"mode":"bus","n":5,"arr":["C1","C2","C5","C6","C7"],"lines":"C1, C2, C5, C6, C7"},"geometry":{"type":"LineString","coordinates":[[12.497117,42.016446],[12.497168,42.016307],[12.497558,42.015952],[12.49795,42.015403],[12.498072,42.015187],[12.498196,42.01486],[12.498276,42.01455],[12.498297,42.014279],[12.498304,42.014259],[12.498321,42.014248],[12.498348,42.014245],[12.498404,42.014247],[12.498424,42.014246],[12.498436,42.01424],[12.49844,42.01423],[12.498437,42.014215],[12.498293,42.013896],[12.498043,42.013213],[12.49789,42.012954],[12.497668,42.012687],[12.497317,42.012352],[12.496736,42.011969],[12.496719,42.01196],[12.496702,42.011958],[12.496686,42.011963],[12.496671,42.011974],[12.496307,42.012344],[12.496287,42.012357],[12.496265,42.012362],[12.496239,42.012357],[12.496163,42.01233],[12.495944,42.012298],[12.49313,42.011923]]}},{"type":"Feature","properties":{"mode":"bus","n":5,"arr":["C1","C2","C5","C6","C7"],"lines":"C1, C2, C5, C6, C7"},"geometry":{"type":"LineString","coordinates":[[12.498167,42.013508],[12.498359,42.013474]]}},{"type":"Feature","properties":{"mode":"bus","n":5,"arr":["C1","C2","C5","C6","C7"],"lines":"C1, C2, C5, C6, C7"},"geometry":{"type":"LineString","coordinates":[[12.498392,42.014577],[12.498264,42.014596]]}},{"type":"Feature","properties":{"mode":"bus","n":5,"arr":["C1","C3","C5","C6","C7"],"lines":"C1, C3, C5, C6, C7"},"geometry":{"type":"LineString","coordinates":[[12.491086,42.019078],[12.491231,42.01917]]}},{"type":"Feature","properties":{"mode":"bus","n":5,"arr":["C2","C4","C5","C6","C7"],"lines":"C2, C4, C5, C6, C7"},"geometry":{"type":"LineString","coordinates":[[12.493649,41.98708],[12.494489,41.987616],[12.494817,41.987912],[12.495009,41.988144],[12.49513,41.988339],[12.495321,41.988816],[12.495365,41.989136],[12.495336,41.989547],[12.495077,41.990356],[12.494985,41.990895],[12.495031,41.991816],[12.495134,41.992465],[12.495228,41.9928],[12.495448,41.993355],[12.497144,41.996311],[12.497312,41.996683],[12.497392,41.997015],[12.497417,41.997346],[12.497347,41.997994],[12.497198,41.99869],[12.496923,41.999493]]}},{"type":"Feature","properties":{"mode":"bus","n":5,"arr":["C2","C4","C5","C6","C7"],"lines":"C2, C4, C5, C6, C7"},"geometry":{"type":"LineString","coordinates":[[12.496411,42.000318],[12.496589,41.999986],[12.496919,41.99922],[12.497099,41.998645],[12.497294,41.99757],[12.497306,41.997211],[12.497269,41.996903],[12.497179,41.996591],[12.497053,41.996331],[12.495432,41.993547],[12.495191,41.992997],[12.495073,41.992641],[12.494964,41.992124],[12.494873,41.9911],[12.494924,41.990529],[12.494987,41.990267],[12.495207,41.989633],[12.495255,41.989323],[12.495238,41.988989],[12.495156,41.988643],[12.495041,41.988393],[12.494877,41.98814],[12.49455,41.987786],[12.494285,41.987578],[12.493252,41.986958]]}},{"type":"Feature","properties":{"mode":"bus","n":5,"arr":["C2","C3","C4","C6","C7"],"lines":"C2, C3, C4, C6, C7"},"geometry":{"type":"LineString","coordinates":[[12.496485,42.000402],[12.495835,42.001548]]}},{"type":"Feature","properties":{"mode":"bus","n":6,"arr":["C2","C3","C4","C5","C6","C7"],"lines":"C2, C3, C4, C5, C6, C7"},"geometry":{"type":"LineString","coordinates":[[12.495835,42.001548],[12.495321,42.002574],[12.494992,42.003089],[12.494469,42.003619],[12.493508,42.004406],[12.493095,42.004833],[12.492997,42.004997],[12.492566,42.005963],[12.491563,42.008041]]}},{"type":"Feature","properties":{"mode":"bus","n":6,"arr":["C2","C3","C4","C5","C6","C7"],"lines":"C2, C3, C4, C5, C6, C7"},"geometry":{"type":"LineString","coordinates":[[12.490025,42.009844],[12.491554,42.007114],[12.492215,42.005676],[12.492653,42.004921],[12.492983,42.004505],[12.49322,42.004255],[12.494802,42.0029],[12.495044,42.002653],[12.495172,42.002572],[12.495653,42.001656]]}},{"type":"Feature","properties":{"mode":"bus","n":6,"arr":["C2","C3","C4","C5","C6","C7"],"lines":"C2, C3, C4, C5, C6, C7"},"geometry":{"type":"LineString","coordinates":[[12.490152,42.010059],[12.490025,42.009844],[12.489972,42.009822],[12.489953,42.009817],[12.489934,42.009818],[12.489916,42.009824],[12.489849,42.009859],[12.489832,42.009873],[12.489827,42.009892],[12.489829,42.009931],[12.489949,42.010103],[12.490075,42.010394],[12.490114,42.01064],[12.490095,42.01086],[12.48997,42.011205],[12.489804,42.011423],[12.489569,42.011658],[12.489571,42.011746]]}},{"type":"Feature","properties":{"mode":"bus","n":16,"arr":["L01","L02","L03","L04","L05","L06","L07","L08","L10","L20","L30","L40","L50","L60","L70","L80"],"lines":"L01, L02, L03, L04, L05, L06, L07, L08, L10, L20, L30, L40, L50, L60, L70, L80"},"geometry":{"type":"LineString","coordinates":[[12.481735,41.801044],[12.482769,41.800756],[12.482794,41.800745],[12.482808,41.800728],[12.482813,41.800707],[12.482807,41.800573],[12.482692,41.800446],[12.48256,41.800394],[12.482216,41.800354],[12.482129,41.800308],[12.482099,41.800266],[12.481976,41.798657],[12.481982,41.798589],[12.48204,41.798499],[12.483003,41.797827],[12.483325,41.797678],[12.483809,41.797568],[12.485704,41.797234]]}},{"type":"Feature","properties":{"mode":"bus","n":8,"arr":["L01","L02","L03","L04","L05","L06","L07","L08"],"lines":"L01, L02, L03, L04, L05, L06, L07, L08"},"geometry":{"type":"LineString","coordinates":[[12.481414,41.801628],[12.48143,41.801413],[12.48148,41.801272],[12.481583,41.801158],[12.481735,41.801044]]}},{"type":"Feature","properties":{"mode":"bus","n":8,"arr":["L01","L02","L03","L04","L05","L06","L07","L08"],"lines":"L01, L02, L03, L04, L05, L06, L07, L08"},"geometry":{"type":"LineString","coordinates":[[12.484552,41.807602],[12.484625,41.807601],[12.484648,41.807598],[12.484661,41.807588],[12.484666,41.807572],[12.484673,41.807298],[12.484322,41.806321],[12.483993,41.805599],[12.483725,41.805173],[12.483492,41.804894],[12.482701,41.804061],[12.482693,41.804053],[12.482686,41.804049],[12.482682,41.804048],[12.48268,41.804051],[12.482679,41.804057],[12.482681,41.804067],[12.482725,41.804256]]}},{"type":"Feature","properties":{"mode":"bus","n":8,"arr":["L10","L20","L30","L40","L50","L60","L70","L80"],"lines":"L10, L20, L30, L40, L50, L60, L70, L80"},"geometry":{"type":"LineString","coordinates":[[12.481232,41.801182],[12.481735,41.801044]]}},{"type":"Feature","properties":{"mode":"bus","n":8,"arr":["L10","L20","L30","L40","L50","L60","L70","L80"],"lines":"L10, L20, L30, L40, L50, L60, L70, L80"},"geometry":{"type":"LineString","coordinates":[[12.485704,41.797234],[12.486212,41.797151]]}},{"type":"Feature","properties":{"mode":"bus","n":6,"arr":["L30","L40","L60","L70","L80","n74"],"lines":"L30, L40, L60, L70, L80, n74"},"geometry":{"type":"LineString","coordinates":[[12.483863,41.805737],[12.483998,41.806458]]}},{"type":"Feature","properties":{"mode":"bus","n":5,"arr":["L30","L40","L60","L70","L80"],"lines":"L30, L40, L60, L70, L80"},"geometry":{"type":"LineString","coordinates":[[12.483998,41.806458],[12.483753,41.805944],[12.483319,41.805153],[12.483077,41.804807],[12.482852,41.804542],[12.482429,41.804098],[12.482316,41.804012]]}}]}